block_number,wallet_type,wallets_considered,total_value_usd,top_1_value_usd,top_5_value_usd,top_10_value_usd,top_1_share_pct,top_5_share_pct,top_10_share_pct
9193266,ALL,3927617,22847048516.170124,22553697730.812077,22772063944.51729,22817996852.367916,98.71602327473315,99.67179755582099,99.872842814766
9193266,EOA,3927207,22747164946.437206,22454065078.655617,22672227489.87982,22718130782.04079,98.71148836142106,99.67056353293329,99.87236139332184
9193266,CA,410,99883569.73290294,95819793.16870685,99711410.90597278,99811861.58757064,95.93148645461613,99.82764049443715,99.92820826736163
9393154,ALL,4024814,30786071006.55606,30418036886.459255,30686703610.1159,30745799151.03033,98.80454339230741,99.677232614649,99.86918806392296
9393154,EOA,4024386,30686561987.380894,30318836354.472927,30587254350.731426,30646311402.255665,98.80167210305544,99.67638070146045,99.8688331878241
9393154,CA,428,99509019.17517045,94850140.83790632,99301329.57063086,99420662.72163539,95.31813460138434,99.79128564801348,99.91120759277153
9581792,ALL,4223635,34827140444.59469,33934918384.311966,34660288372.77892,34769302118.16753,97.43814149283337,99.52091366191489,99.83392743220139
9581792,EOA,4223161,34723228569.57882,33831741904.807426,34556484097.49078,34665429704.17736,97.43259281611725,99.51978983822339,99.83354409200273
9581792,CA,474,103911875.01587546,95878107.45557873,103583343.92501445,103773953.19266394,92.26867231577782,99.68383681767766,99.86727039311873
9782602,ALL,4387492,27780975469.504032,26816094210.358963,27545391547.806538,27702741767.183212,96.52682728796098,99.15199550153989,99.71839108959044
9782602,EOA,4387000,27675368962.732338,26711149092.144897,27439924624.098564,27597187877.061512,96.51596380924185,99.14926395759774,99.71750661833596
9782602,CA,492,105606506.77171198,101211334.45677753,105259568.23519693,105449363.82785335,95.8381614454539,99.67147996167981,99.85119956273309
9976964,ALL,4675647,36347002105.11357,35038036674.305336,36003204071.1445,36207430572.29422,96.39869767794666,99.05412272248802,99.61600262817902
9976964,EOA,4675078,36216119258.29169,34908336928.39423,35872526142.53114,36076624917.34586,96.38894957085155,99.05127020012814,99.6148280274014
9976964,CA,569,130882846.82190897,124442534.66438559,129995148.93829834,130598593.88821845,95.07933062742237,99.32176147970061,99.78281880277459
10176690,ALL,5055969,41947208370.31513,40574696267.22797,41575343294.71934,41765154963.7027,96.72800132258992,99.11349267318835,99.56599398700088
10176690,EOA,5054945,41798169280.670105,40428878422.264496,41426739345.146614,41616296558.574036,96.72404107172501,99.111372718194,99.56487873697334
10176690,CA,1024,149039089.6450897,134980948.30444905,145872494.28463632,147745857.33639124,90.56748040120372,97.87532561558578,99.1322864949202
10370274,ALL,4981825,50690808532.37505,49414106862.17248,50467151800.481064,50602713870.62369,97.48139414784207,99.55878247285966,99.82621176441663
10370274,EOA,4980045,50180708033.44428,48912567451.200035,49957854730.83293,50092822683.130615,97.47285235314126,99.55589844913543,99.8248622752491
10370274,CA,1780,510100498.9307353,430294221.5411829,492887811.8722044,504054882.7245149,84.35479330899673,96.62562826450635,98.81481860557025
10570485,ALL,5112250,65280109070.33382,63552553666.19002,64971702091.55608,65165416718.23634,97.35362665788058,99.52756362823253,99.82430735222287
10570485,EOA,5109601,64186798735.21142,62475636785.261055,63880032112.49736,64072562617.41191,97.33409052380165,99.5220720946381,99.82202552541877
10570485,CA,2649,1093310335.1223855,967401364.73677,1065907547.3575815,1082591437.745788,88.48369339053937,97.49359473842927,99.01959242199997
10771925,ALL,5512591,108244557600.76402,105260115516.17657,107569010915.02054,107964509429.74872,97.24287100364445,99.37590701951494,99.74128198477358
10771925,EOA,5508546,104394022730.70357,101447365429.32774,103722790153.14243,104115430984.49092,97.17736971495286,99.35702010517147,99.73313438937849
10771925,CA,4045,3850534870.0604725,3412796533.613735,3764068998.428972,3817885616.081309,88.63175243911341,97.75444517321971,99.15208522761277
10966874,ALL,5910271,90401188819.8201,87444937820.39175,89574614069.85498,90033516927.25742,96.7298538459262,99.08565942466467,99.59328865321065
10966874,EOA,5903622,86262110420.60724,83359710465.82838,85442317615.10722,85897272716.96143,96.63537103297499,99.04964902724642,99.57705914929869
10966874,CA,6649,4139078399.212902,3594011275.9080687,4027419111.7489038,4095190042.0041795,86.83119596361149,97.30231523313905,98.93965871201985
11167817,ALL,5866886,92224627317.29736,89421536475.45103,91641201049.0547,92000615495.0384,96.96058317242927,99.36738560489339,99.75710194903986
11167817,EOA,5857521,87788236756.17747,85048164336.60551,87212712819.35487,87566779870.71098,96.87877041296294,99.34441793332624,99.74773740349569
11167817,CA,9365,4436390561.119789,4060252161.3063655,4343454689.98449,4400668002.835162,91.5215219527813,97.90514676616206,99.19478328626661
11363270,ALL,6352385,107571187286.27501,103903822221.90364,106882147908.36295,107330805776.44244,96.59075524135328,99.3594573088811,99.77653727183204
11363270,EOA,6341131,103223123435.26805,99639236506.52858,102544937636.0897,102985736289.89526,96.52801929503039,99.34299043023665,99.77002522547998
11363270,CA,11254,4348063851.007264,3861485119.19602,4236960378.129048,4307597688.890799,88.80930113989645,97.44475985897773,99.0693291657368
11565019,ALL,6945211,125467051021.42815,121370015452.5155,124721008893.2255,125197926317.3587,96.73457251480876,99.40538801053414,99.78550168998275
11565019,EOA,6932259,119912959224.12221,115916201162.35347,119179363713.37592,119647239467.83702,96.66695068854182,99.38822666416299,99.77840613891568
11565019,CA,12952,5554091797.305908,4921077194.247457,5412287365.095951,5506294636.090694,88.6027342334258,97.44684752458105,99.13942435668064
11766939,ALL,7280898,217789019397.22534,211570358234.68463,216490317268.06625,217321390492.43613,97.14463971611053,99.40368796702721,99.78528352527438
11766939,EOA,7266621,206871334817.93805,200800008917.0047,205594192173.9055,206409428664.6693,97.06516811221015,99.3826391437187,99.77671814527844
11766939,CA,14277,10917684579.2871,9817498658.091164,10681883410.453533,10841986042.1927,89.92290065529832,97.84019068218066,99.30664293747765
11948960,ALL,7995653,440726253444.40607,431618244896.98334,438602628969.82166,439875240963.4609,97.93340912272846,99.51815339839919,99.80690678753665
11948960,EOA,7980475,425700311772.4561,416799664470.06146,423605680578.75134,424858032416.6069,97.90917529157174,99.50795638720969,99.8021426499919
11948960,CA,15178,15025941671.950071,13457616957.373621,14684048190.600819,14920784251.275005,89.56255289141613,97.72464522481484,99.30016086198863
12150245,ALL,8918402,589137633786.1722,575446670390.5415,585593416796.9707,587665006014.1129,97.6761010313254,99.39840594354428,99.75003671678631
12150245,EOA,8902066,568762183780.5216,555372578144.4664,565261886577.981,567303111441.7983,97.64583405544731,99.38457631284935,99.74346530407051
12150245,CA,16336,20375450005.649807,17775667214.06345,19750299162.60746,20183245703.93659,87.24061166322473,96.93184276730575,99.0566868380334
12344945,ALL,9656738,673944877093.3942,658249848895.5231,669672679011.0364,672059826555.4852,97.67117033880263,99.36609087366567,99.72029603577687
12344945,EOA,9638961,649163993495.8993,633821917628.3656,644944312310.8425,647295524315.1862,97.63664096880774,99.34998224988838,99.71217301029729
12344945,CA,17777,24780883597.494305,21641253891.154026,24055282846.74187,24546493928.287617,87.33043681034142,97.07193350108871,99.05415128445868
12545219,ALL,10056816,556561974468.8788,543484868288.23785,552859172171.181,554839124168.6816,97.65037735588741,99.33470081184916,99.69044771665523
12545219,EOA,10037852,539793310852.06555,527013959231.9715,536134576103.3743,538084954156.144,97.63254724295827,99.32219709375133,99.68351651241751
12545219,CA,18964,16768663616.812374,14631377116.579103,16252248264.324125,16588995284.930754,87.25428245760496,96.9203547504496,98.92854710436505
12738509,ALL,10207992,517170699789.41565,506606637692.26654,514138740745.5291,515724109869.6497,97.95733553709624,99.4137411409577,99.72028772698164
12738509,EOA,10187321,503666030498.28406,493353738376.1789,500671662804.22186,502232022073.6917,97.95255357763496,99.40548547792675,99.71528585654791
12738509,CA,20671,13504669291.130121,12026806382.676163,13143870513.416662,13374453954.871342,89.05665235782841,97.32834051737623,99.03577545327745
12936340,ALL,10636182,515328429695.9163,503580508477.11505,512186911814.4314,513825465742.1326,97.7203040737082,99.39038529596773,99.70834833337828
12936340,EOA,10614091,496578679590.1104,485127180351.78796,493476547028.1264,495088894060.12103,97.69392047846782,99.37529888223462,99.69999003355942
12936340,CA,22091,18749750105.80596,17073785117.400002,18369267259.799335,18616989287.87211,91.06140093095433,97.97073110916392,99.2919328674533
13136427,ALL,11238042,735582806978.279,719858221902.9884,731381271815.9454,733598375648.6794,97.86229572984637,99.42881547495745,99.73022325824178
13136427,EOA,11214920,710512954258.9852,695151388124.0912,706363711716.0446,708545542259.8828,97.83796114584355,99.41602154921044,99.7230997707629
13136427,CA,23122,25069852719.294044,22892680605.71803,24586510063.334213,24905333128.728275,91.31557676882385,98.07201637212712,99.34375525692997
13330090,ALL,11660840,805163903637.8179,790039650715.9318,801104168066.951,803210141625.6162,98.12159327392185,99.49578768341148,99.75734605049055
13330090,EOA,11637283,783508709450.0964,768718607289.3778,779496371233.9393,781570700321.435,98.11232447293419,99.48790126162437,99.75264995713684
13330090,CA,23557,21655194187.72023,19774371343.1702,21244506495.83031,21514981143.784138,91.3146803106639,98.10351415771278,99.35252003412835
13527859,ALL,12359994,928059901923.9683,906053794524.4922,921375630364.8651,924823728371.2507,97.62880527928692,99.27975860768838,99.6512969102524
13527859,EOA,12335465,890557975223.0393,868988627054.9932,883943203775.3772,887346360760.9469,97.57799618125432,99.25723292231419,99.6393705349404
13527859,CA,24529,37501926700.9306,35137331491.61775,36962157653.34578,37317577292.530396,93.69473673134193,98.56068982298068,99.50842683398548
13717847,ALL,13341994,1033782788857.5961,1010926539083.2708,1026684918228.5428,1030218508055.9976,97.78906652145146,99.31340793196055,99.65521956449504
13717847,EOA,13316018,999639186808.2319,977244463915.281,992614150716.3762,996100996018.2546,97.7597193879068,99.29724282675572,99.6460532123321
13717847,CA,25976,34143602049.362583,31578344351.11338,33558740230.76045,33939627312.16145,92.48685685083687,98.28705296600933,99.40259748544914
13916166,ALL,13691892,1007641431772.2975,988386012886.1864,1001802683029.679,1004661369748.5814,98.08906042576638,99.4205529309817,99.70425372262883
13916166,EOA,13665266,977372390614.9617,958516863113.9396,971592015155.1345,974413411520.0253,98.07079392848837,99.40858003404514,99.69725161838524
13916166,CA,26626,30269041157.336086,28171410418.903816,29804774247.80048,30106147447.088135,93.07004563663266,98.46619882300736,99.46184714143655
14116761,ALL,14125595,744144834883.8878,729490837591.7413,739718394515.8762,741813598612.4219,98.03076006105277,99.40516413465367,99.68672277731663
14116761,EOA,14098602,726331800902.2092,711975327313.8827,721947330585.2289,724016051016.8354,98.02342764415742,99.39635435051389,99.68117189933068
14116761,CA,26993,17813033981.67874,16327470155.185072,17483660676.771248,17695312701.35542,91.66024256158934,98.15094214019766,99.3391284132484
14297759,ALL,14397936,710287370790.7012,695466321913.1658,705812679844.8304,707932512462.7793,97.91337288440926,99.37001682278408,99.66846400136605
14297759,EOA,14370127,693118870103.4695,678592240453.3868,688687144098.4974,690779516960.8148,97.90416474335578,99.36061097221166,99.66248889713457
14297759,CA,27809,17168500687.234022,15779189285.938353,16844054043.053423,17049371167.658926,91.90778841667449,98.11022144512684,99.30611576546298
14497034,ALL,14322238,908034846668.2855,893115057958.8298,903676704865.1523,905792370381.8392,98.35691452104524,99.52004685512634,99.75304072363805
14497034,EOA,14293072,890021745293.2051,875425723729.5647,885709677344.459,887795348856.2784,98.36003764617774,99.51550982079371,99.74984920888723
14497034,CA,29166,18013101375.08024,16560725174.180607,17681413665.835537,17887230378.148594,91.93711193504477,98.15863075248349,99.30122528980058
14688630,ALL,14475901,698792978046.5077,686949734988.1257,695290726553.4463,696918458975.7631,98.3051857373424,99.49881415482278,99.73174901156206
14688630,EOA,14445610,685467765160.3646,673889818971.7605,682003046005.3599,683606475925.3656,98.31094228247254,99.49454674149496,99.72846436702045
14688630,CA,30291,13325212886.143038,12203260480.435356,13063924615.571411,13223097039.223282,91.58022903428127,98.03914374348689,99.23366442403372
14881677,ALL,14348316,545218585985.3936,536180686796.3619,542637780685.9365,543772992901.98145,98.3423347220093,99.52664759313136,99.73485990379444
14881677,EOA,14317974,536406572903.0348,527566345171.21375,533851929670.3271,534970794894.4992,98.35195387633345,99.52374870820805,99.73233400165752
14881677,CA,30342,8812013082.35805,8097562108.787992,8642227864.583418,8745020557.820206,91.8923069349453,98.07325277223491,99.23975913435756
15053226,ALL,14282552,429320795543.43054,421705966711.72955,427199654331.0526,428104860177.77075,98.22630794716984,99.5059309415252,99.71677696997635
15053226,EOA,14252488,422938388460.981,415471597100.5952,420836441438.90515,421730030713.01276,98.23454395153003,99.50301342242199,99.71429461573224
15053226,CA,30064,6382407082.44982,5931687747.074899,6278434022.726952,6341850063.409344,92.93809796911424,98.3709428374011,99.36454979263233
15253306,ALL,14424554,524370455258.2999,515208328474.03357,521916408883.70087,523023265107.36005,98.25273779397942,99.5320014028269,99.74308427611997
15253306,EOA,14392299,516295262571.6033,507323650422.9263,513868063194.8423,514957731210.02856,98.26230980621621,99.52988153238684,99.74093673551978
15253306,CA,32255,8075192686.6963215,7490058359.693813,7938240371.706232,8020647497.292452,92.7539273710892,98.30403656849309,99.32453389633994
15449618,ALL,14177697,443443921555.8735,434376289200.4448,441122853073.58124,442183404618.374,97.95517946810189,99.47658128357054,99.7157437781362
15449618,EOA,14144087,434913617492.1242,426027491354.4113,432618962260.25336,433662611416.1614,97.9568066438219,99.4723882767565,99.71235527570359
15449618,CA,33610,8530304063.748777,8029417651.873541,8412564157.973024,8483056785.831485,94.1281528989822,98.61974549915388,99.44612434018525
15649595,ALL,14264052,491187654140.1653,482566629009.19257,489076194827.02765,490063149605.0481,98.24486119341415,99.57013184363646,99.77106416954115
15649595,EOA,14228648,482932422626.0138,474479355139.3929,480846285504.1145,481816867076.06116,98.24963761168569,99.56802711432056,99.7690037989401
15649595,CA,35404,8255231514.151548,7829991966.319247,8157048343.372813,8215605982.468781,94.84884770217124,98.8106551510951,99.51999490729196
15871480,ALL,14370301,505843759312.9376,496723754958.09875,503570753432.41296,504633570888.9719,98.1970708965104,99.55065060333808,99.7607584552176
15871480,EOA,14330903,497722945617.874,488785749881.81976,495480741764.623,496523475063.303,98.20438341958304,99.5495076381364,99.75900838706923
15871480,CA,39398,8120813695.063523,7680609770.964,8020109088.628184,8078132894.983737,94.57931260795807,98.75991975414293,99.47442705026306
16086234,ALL,14442579,443132602803.2523,434195953407.13727,441027754862.388,442048753921.2256,97.98330130990546,99.5250072038146,99.75541206510867
16086234,EOA,14402074,436991448381.1219,428219563425.54584,434914018644.21216,435917169128.531,97.99266439009908,99.52460631790262,99.75416469668443
16086234,CA,40505,6141154422.129654,5788463912.408365,6062139428.165947,6108020230.104094,94.25693468233972,98.71335275857946,99.46045662186637
16308190,ALL,14057305,382749359979.3234,374049692033.6755,380920966523.5661,381895503867.5837,97.72705878695187,99.52230006188486,99.77691507784994
16308190,EOA,14014440,377369503746.84106,368828872278.23145,375568051384.61145,376524912447.4595,97.73679871218764,99.52262905604633,99.7761898375476
16308190,CA,42865,5379856232.48297,5080126660.809488,5311811310.758473,5350789081.388336,94.4286694900182,98.73519070428594,99.45970394303235
16530248,ALL,14390008,454177962546.2716,443546005163.40686,451833704771.6102,453104135647.0087,97.65907678055129,99.48384598814116,99.76356693018687
16530248,EOA,14343413,447508165958.19965,437072806360.94556,445199282208.37103,446446646503.1348,97.66811861971054,99.48405773894989,99.7627932771256
16530248,CA,46595,6669796588.071309,6300837760.618871,6587141889.938898,6634181112.620702,94.46821469619766,98.76076133595684,99.46601856622878
16730072,ALL,14383405,482949105476.9602,471683294703.62036,480426905463.13184,481800513364.639,97.66728819960983,99.47775034983502,99.76217118961492
16730072,EOA,14334312,476132559472.15216,465073815341.15155,473647942376.103,474997179490.58405,97.67738124373169,99.47816694182738,99.76154120129344
16730072,CA,49093,6816546004.807716,6441027281.816517,6732890546.291631,6780685519.84779,94.49107036428207,98.77275883626278,99.47392000384602
16950603,ALL,14522032,495132547475.5908,484568647876.7866,492737459696.69714,494046696802.67975,97.86645017527857,99.51627341181569,99.78069495159484
16950603,EOA,14469737,488716139285.9125,478360445814.07404,486360418076.77893,487643745877.7767,97.8810412344946,99.51797761118026,99.7805692667112
16950603,CA,52295,6416408189.679253,6032009433.572159,6328132600.650839,6377322424.158223,94.00912870965104,98.6242211153211,99.39084664869203
17162287,ALL,14792989,468618788622.8227,458253493691.345,466286304257.7836,467545050177.2684,97.7881179365558,99.50226401039237,99.770871661226
17162287,EOA,14736174,462394411846.4514,452240263877.4117,460104013852.81915,461334859934.83203,97.80400720491154,99.50466572801211,99.77085538136407
17162287,CA,56815,6224376776.371633,5867795698.90904,6135135403.138205,6182521875.12262,94.2712163759718,98.56626010218088,99.32756478676069
17382266,ALL,14980545,420406926695.9871,410958565965.5097,418303294106.96747,419429415990.3567,97.75256777885824,99.4996199026614,99.76748463368271
17382266,EOA,14916431,414491576266.6573,405261375377.35803,412434822063.32605,413529343790.1981,97.77312702650413,99.5037886603495,99.76785234452144
17382266,CA,64114,5915350429.3293085,5573902769.113861,5819587098.0249195,5866546392.783835,94.22776952448173,98.38110467928361,99.17495950360787
17595510,ALL,14518875,416750903586.498,407362670155.26514,414705662758.44977,415815260992.77313,97.74727940588993,99.50924141724776,99.77549116614436
17595510,EOA,14450142,411029005944.8558,401862868597.8806,409033752028.4952,410109382395.1866,97.76995364940136,99.51457101871095,99.77626310154068
17595510,CA,68733,5721897641.641983,5402488452.5123205,5626844690.928033,5672189705.496618,94.41777520092087,98.33878624423151,99.13126834385139
17816434,ALL,14809205,448260423615.5684,438879412272.30414,446202586129.7764,447316451368.68024,97.90724078034836,99.54092813521346,99.78941432320205
17816434,EOA,14734210,443167306546.2383,434008544265.26105,441163574697.3805,442240811842.68896,97.93333981417655,99.54786108558558,99.79093793926953
17816434,CA,74995,5093117069.33024,4792172892.584582,4998846506.366472,5041681704.886831,94.09115925180897,98.14905957038673,98.99010048771227
18037988,ALL,14819025,393165178637.4726,384451781701.7923,391255329423.3995,392276342641.1641,97.78378213302692,99.51423744577488,99.77392809826426
18037988,EOA,14739250,388108012192.2237,379599205920.05695,386248966767.2612,387235779049.42993,97.80761901201038,99.52099792672105,99.7752602071091
18037988,CA,79775,5057166445.2483225,4786726916.848333,4972892147.181525,5010631273.574584,94.65235065272387,98.33356685054373,99.07981728152407
18251965,ALL,15050123,407244888282.54803,398589484150.1727,405353307924.32227,406376157151.4408,97.87464388592396,99.53551771608404,99.78668089984606
18251965,EOA,14965774,402360295079.4163,393908167912.49493,400520457201.8628,401508373830.4482,97.89936351317837,99.54273870954628,99.78826905651812
18251965,CA,84349,4884593203.1319,4623322194.826267,4801563457.035312,4838386351.057302,94.6511204221037,98.30017070728938,99.05402865391184
18473543,ALL,15145550,451135430089.2445,441526129362.47565,448995698817.53815,450172406221.106,97.86997427249996,99.52570090287897,99.786533310419
18473543,EOA,15057593,445823466222.54095,436434004044.4253,443741472141.3625,444879659520.78253,97.89390579691273,99.53300033782,99.78830035355578
18473543,CA,87957,5311963866.703042,5031124012.041077,5223894589.9598675,5263140388.821191,94.71306918289952,98.34205806076321,99.08087707094751
18687851,ALL,15500701,518310153992.6065,507165614595.08936,515765007024.8664,517173723275.5184,97.84983193717711,99.50895290240129,99.78074311137182
18687851,EOA,15408521,511048320110.0467,500154738575.0374,508571560087.3318,509935042524.3628,97.86838521792548,99.51535697795043,99.78215805788302
18687851,CA,92180,7261833882.560288,6940891412.314006,7161835963.283731,7205881001.72507,95.58042120714103,98.62296603180765,99.22949379261355
18908895,ALL,15921525,595293927365.1626,583185726102.4658,592429422679.0327,594004959042.0305,97.96601297172826,99.51880834753203,99.78347363144839
18908895,EOA,15826621,586431709469.5663,574592150414.1742,583641366576.3529,585167642474.1968,97.98108477692976,99.52418280796287,99.78444770721678
18908895,CA,94904,8862217895.596804,8504834091.302361,8755054636.776146,8802719339.300505,95.96733223551173,98.79078510500287,99.32862679526463
19129889,ALL,17277426,575292459598.2466,564121128272.054,572642609466.104,574089704142.6008,98.0581474448676,99.53939077630305,99.79093147570791
19129889,EOA,17181928,566167324368.1378,555247952217.3445,563583581520.0026,564985863068.0186,98.07135246404766,99.54364324168323,99.79132294477824
19129889,CA,95498,9125135230.109045,8765453357.869154,9022086682.543243,9068922785.476704,96.05833926654485,98.87071758426346,99.38398233872893
19336607,ALL,18058192,856065795752.6173,841296439382.4249,852436097258.3606,854439284423.3806,98.27474051136365,99.57600239230845,99.81000159832263
19336607,EOA,17959228,843213909674.4087,828782624853.0206,839674865149.0907,841615000193.3925,98.28853809741345,99.58029101693963,99.81037913835725
19336607,CA,98964,12851886078.207542,12353528039.284155,12707878480.164059,12773148385.88841,96.12229647935929,98.87948276877685,99.38734523602226
19557289,ALL,18892981,1030771262157.624,1012853774560.239,1026011332087.8386,1028592400090.6215,98.261739703542,99.53821664955794,99.7886182757519
19557289,EOA,18791707,1015635306306.6547,998092502800.8367,1010980353530.963,1013490410606.1079,98.27272610582905,99.54167083924845,99.78881241256308
19557289,CA,101274,15135955850.96643,14560576976.87426,14975860091.174812,15049706789.491528,96.19859571633573,98.94228179992083,99.43017102901106
19771560,ALL,18815891,797939941163.8507,785373555460.1139,794423662609.0493,796267714762.8485,98.42514642324987,99.55933042408272,99.79043204698299
19771560,EOA,18714535,785776463344.307,773500955727.8126,782340378902.6862,784130229086.5869,98.43778629303185,99.56271476661483,99.79049585543531
19771560,CA,101356,12163477819.543177,11688808803.145214,12029266306.148855,12091498301.62748,96.09758801355886,98.89660247352379,99.40823242345996
19993250,ALL,19050417,917299700720.8219,902618838746.8463,913205145535.8313,915374443129.0521,98.39955665935143,99.55362950824326,99.79011684073843
19993250,EOA,18946507,902092427428.4916,887756423642.2012,898094803085.9434,900197564188.9607,98.41080543962035,99.55684980596237,99.78994799402845
19993250,CA,103910,15207273292.32834,14649573501.735527,15045498439.781874,15119183409.59897,96.33267726651458,98.93620079394458,99.42073847798994
20207949,ALL,18924270,794485769948.0153,782241290980.1902,791116447039.0837,792877708017.4148,98.45881708257326,99.57591148433634,99.79759713874981
20207949,EOA,18818826,781187682405.6554,769255054697.044,777904963117.3743,779606861793.04,98.47250181008165,99.57977841148595,99.79763881993796
20207949,CA,105444,13298087542.360888,12802061068.987356,13146905022.631527,13213855505.572134,96.2699412844633,98.8631258498805,99.36658533401564
20429973,ALL,18749385,767833304089.9972,756454073404.7562,764675008273.9502,766306379326.1211,98.51800766850988,99.58867428656404,99.80113850809249
20429973,EOA,18642139,755754562392.8933,744670767241.1711,752680885333.6414,754254671263.8235,98.53341339857369,99.59329692307514,99.80153727099962
20429973,CA,107246,12078741697.10483,11620094700.92621,11934516777.356655,11995747077.400097,96.20285781681586,98.80596072533993,99.3128868736002
20651994,ALL,18516023,684209648391.3519,674360632572.6293,681404484233.9325,682824731747.0717,98.56052661024604,99.59001394323879,99.79758884611809
20651994,EOA,18409169,674375721313.0144,664768119354.4645,671642572935.7009,673015075027.3635,98.57533394887884,99.59471429784097,99.79823616974204
20651994,CA,106854,9833927078.338259,9467438512.63044,9719989482.302221,9767472039.455778,96.2732226628454,98.841382540989,99.32422684901879
20866919,ALL,19248806,768358424648.9421,756727706357.771,765074432237.2866,766748195580.9785,98.48629000241844,99.57259629018111,99.79043256163952
20866919,EOA,19138727,758131658582.9967,746770045026.0293,754930207590.6938,756549520896.1897,98.50136669161093,99.57771833479602,99.79131095913286
20866919,CA,110079,10226766065.947746,9827029370.631226,10102119385.698757,10153999374.02792,96.09126978422307,98.7811720787862,99.28846820734348
21089069,ALL,19276654,791194689570.0063,779970150129.7728,788071520699.3723,789686705174.5184,98.58131764681917,99.60525912119918,99.80940413082051
21089069,EOA,19164094,780375048144.3434,769420795431.8997,777334680569.2808,778895214655.3195,98.59628357691705,99.61039661861405,99.8103689383018
21089069,CA,112560,10819641425.662363,10420033886.240946,10693406062.867163,10745235581.762169,96.30664710871457,98.83327591156772,99.3123076729353
21303934,ALL,21018588,1182563018511.5168,1167010717150.6335,1178435230634.69,1180668428158.8474,98.68486489790126,99.6509456314622,99.83978948072854
21303934,EOA,20901485,1166316385210.2905,1151131700081.4397,1162303239461.651,1164457024705.7852,98.6980646656942,99.65591276950842,99.84057837752403
21303934,CA,117103,16246633301.228071,15700650644.976019,16068746455.96098,16140079888.612085,96.63941047890344,98.905084875316,99.34415081179968
21525891,ALL,20782131,1136595127169.0996,1121657456515.4316,1132632224578.6165,1134756477532.389,98.68575271030124,99.65133559912812,99.8382317860811
21525891,EOA,20664650,1118606657790.8086,1104003350934.226,1114750187755.9033,1116801598855.664,98.69450921332586,99.65524342197983,99.83863327447833
21525891,CA,117481,17988469378.2917,17507207841.65761,17832822404.104008,17894840419.81321,97.32461096876386,99.13474031105991,99.4795056960684
21747950,ALL,20401082,1189669480324.3467,1175558435373.3782,1185896396795.8276,1187888055865.0974,98.81386845805935,99.68284606851557,99.85025887536733
21747950,EOA,20282625,1170671351278.3352,1156883910704.1658,1167001433496.6062,1168922841102.1423,98.82226206705118,99.68651169453139,99.85064038901409
21747950,CA,118457,18998129046.010605,18541679321.267113,18847084432.318226,18906303508.57082,97.59739644025977,99.20495005941599,99.51666010259538
21948292,ALL,20042295,938337502629.8718,927789043507.4352,935442416162.0117,936930584002.8036,98.87583528390664,99.69146640097554,99.85006262425566
21948292,EOA,19926266,922589484620.9618,912267636396.7559,919767401530.1205,921208242770.5579,98.88120898880106,99.69411280554527,99.85028640869764
21948292,CA,116029,15748018008.910837,15437202232.687725,15645852262.8071,15685746885.571323,98.02631813065466,99.351246956627,99.6045780281412
22170335,ALL,20045959,897732454193.9835,888498481953.7004,895175123479.8816,896475537648.5588,98.97141156063321,99.71513442538979,99.85998985114634
22170335,EOA,19931222,886112021870.3866,877068327905.1409,883615915258.0538,884877487793.0413,98.97939608739802,99.71830800725805,99.86067968305638
22170335,CA,114737,11620432323.597202,11363131919.099125,11536421208.633766,11569163284.800701,97.78579318451358,99.2770396778368,99.558802655798
22385294,ALL,20492808,923680360736.6925,913832362015.5925,920985132990.3784,922366561441.1813,98.93383045264213,99.70820774578725,99.85776472561749
22385294,EOA,20376638,912464628889.1752,902806150482.2239,909831282619.9469,911173803891.5454,98.94149558227704,99.7114029206333,99.85853424266965
22385294,CA,116170,11215731847.517818,10964203534.383986,11133993390.543234,11165782124.485842,97.75736156540245,99.27121601973148,99.55464588748143
22606143,ALL,20802578,1062219003350.6023,1051663968625.8635,1059347205090.3701,1060818620668.0574,99.0063221716572,99.72964160392786,99.86816441071684
22606143,EOA,20681209,1048056594866.4448,1037738978136.7329,1045260448437.5651,1046681827930.0367,99.01554774997369,99.73320654222532,99.86882703251504
22606143,CA,121369,14162408484.155994,13840777344.826353,14051882298.339043,14094050610.03387,97.72897992817067,99.21958058235221,99.51732874956545
22820674,ALL,21024117,1082939533358.3715,1072813532193.2557,1080197887546.7723,1081600254187.7706,99.06495230313429,99.74683297385064,99.87632927514913
22820674,EOA,20901407,1068577651904.5629,1058682225313.6106,1065909106243.8297,1067263051151.4513,99.07396279780741,99.75027124552184,99.8769765818358
22820674,CA,122710,14361881453.807467,14052214054.945868,14253853272.578196,14294630978.206903,97.84382429379053,99.24781316725998,99.53174327599861
23042514,ALL,21333620,1310897735224.79,1299210347387.1665,1307815840782.5225,1309401936918.1653,99.10844396755179,99.76490199353812,99.88589511855643
23042514,EOA,21206412,1292706370539.9097,1281322451542.7598,1289713875037.3538,1291239224042.441,99.11937318043886,99.76850926314333,99.88650581981305
23042514,CA,127208,18191364684.882652,17781407654.3144,18040173946.996685,18096684871.768253,97.74641959154975,99.16888732371129,99.47953430237656
23264566,ALL,21822593,1408769476016.0579,1396528750033.3975,1405596131371.7217,1407239131923.6306,99.13110511044883,99.77474351209608,99.89137015541003
23264566,EOA,21693396,1386868715947.4536,1374963044120.5518,1383788618609.4893,1385368003185.7537,99.14154298168242,99.77790995625277,99.89179128893431
23264566,CA,129197,21900760068.60103,21449465755.617916,21728739824.853306,21792601517.289585,97.93936689151656,99.21454669514257,99.50614247645903
23479244,ALL,22083076,1470762844768.6882,1459084598241.0562,1467709894730.6184,1469268732969.8625,99.20597351441329,99.79242404382673,99.89841245961985
23479244,EOA,21953352,1453790534800.3118,1442424747041.111,1450824034641.9868,1452324520088.1133,99.21819632972353,99.7959472092221,99.89915915139728
23479244,CA,129724,16972309968.373045,16560412468.335644,16812257038.44953,16871477441.325937,97.5731205663522,99.05697615573976,99.40589980247236
23700767,ALL,21879708,1449851617580.038,1439365648575.0361,1447120896508.5718,1448492777707.322,99.27675571224978,99.81165513502519,99.90627731443413
23700767,EOA,21751807,1435409650289.2456,1425207946664.7244,1432754473096.082,1434076068440.5337,99.28928277565464,99.81502303592367,99.90709398892204
23700767,CA,127901,14441967290.791336,14072226999.526962,14296056986.051231,14349401940.332123,97.43982046337875,98.98967847106853,99.35905303899813
23914921,ALL,21981863,1326712094417.2568,1317223327740.8818,1324255887872.007,1325480511633.5703,99.2847908211357,99.81486514251394,99.90717030553434
23914921,EOA,21857545,1316193701090.9937,1306936413793.9111,1313801868999.145,1314984049381.5115,99.29666223980489,99.81827658878278,99.90809470456517
23914921,CA,124318,10518393326.261892,10230146408.626862,10403890798.907513,10445196663.427677,97.2595917580364,98.91140667778134,99.30410795105503
