block,wallet_type,bucket,wallet_count,wallet_pct,value_sum_usd,value_pct
9193266,ALL,0–1,2044440,34.2334,309696.753723,0.0014
9193266,ALL,100–1K,315920,5.29,109294568.445303,0.4784
9193266,ALL,10K–100K,19973,0.3344,603921717.764638,2.6433
9193266,ALL,1K–10K,82359,1.3791,258570397.777965,1.1317
9193266,ALL,1–100,3504039,58.6739,25654189.927725,0.1123
9193266,ALL,>100K,5326,0.0892,21849607642.254505,95.633
9193266,CA,0–1,68725,72.3269,4345.770274,0.0001
9193266,CA,100–1K,4692,4.9379,1544160.729618,0.0254
9193266,CA,10K–100K,529,0.5567,17896345.79607,0.2944
9193266,CA,1K–10K,1305,1.3734,4379814.653877,0.072
9193266,CA,1–100,19402,20.4189,399927.657949,0.0066
9193266,CA,>100K,367,0.3862,6055484650.788804,99.6016
9193266,EOA,0–1,1975715,33.6175,305350.983449,0.0018
9193266,EOA,100–1K,311228,5.2957,107750407.715686,0.6426
9193266,EOA,10K–100K,19444,0.3308,586025371.968568,3.495
9193266,EOA,1K–10K,81054,1.3792,254190583.124088,1.516
9193266,EOA,1–100,3484637,59.2924,25254262.269775,0.1506
9193266,EOA,>100K,4959,0.0844,15794122991.465702,94.194
9393154,ALL,0–1,2071157,33.9758,347496.784401,0.0011
9393154,ALL,100–1K,340633,5.5878,124961082.962818,0.4059
9393154,ALL,10K–100K,23046,0.3781,709061921.469827,2.3032
9393154,ALL,1K–10K,93574,1.535,298159350.327807,0.9685
9393154,ALL,1–100,3561344,58.4213,32897492.986507,0.1069
9393154,ALL,>100K,6217,0.102,29620991158.809097,96.2145
9393154,CA,0–1,71619,70.6267,5718.163929,0.0001
9393154,CA,100–1K,6191,6.1052,2019514.830408,0.0197
9393154,CA,10K–100K,559,0.5513,17571683.535956,0.1715
9393154,CA,1K–10K,1503,1.4822,4965376.028738,0.0485
9393154,CA,1–100,21114,20.8215,414241.895968,0.004
9393154,CA,>100K,419,0.4132,10223368239.018812,99.7563
9393154,EOA,0–1,1999538,33.3558,341778.620472,0.0017
9393154,EOA,100–1K,334442,5.5791,122941568.13241,0.5986
9393154,EOA,10K–100K,22487,0.3751,691490237.933872,3.3669
9393154,EOA,1K–10K,92071,1.5359,293193974.299069,1.4276
9393154,EOA,1–100,3540230,59.0573,32483251.090539,0.1582
9393154,EOA,>100K,5798,0.0967,19397622919.790283,94.4471
9581792,ALL,0–1,2123341,33.4544,360137.695829,0.001
9581792,ALL,100–1K,398495,6.2785,152410795.159629,0.4376
9581792,ALL,10K–100K,49933,0.7867,1863125914.167723,5.3496
9581792,ALL,1K–10K,135065,2.128,428386870.834642,1.23
9581792,ALL,1–100,3628998,57.1768,28985019.573051,0.0832
9581792,ALL,>100K,11144,0.1756,32354231844.859665,92.8985
9581792,CA,0–1,75496,72.3918,6823.744967,0.0001
9581792,CA,100–1K,4391,4.2105,1346223.813992,0.0125
9581792,CA,10K–100K,604,0.5792,19325014.971488,0.1799
9581792,CA,1K–10K,1577,1.5122,5294045.376929,0.0493
9581792,CA,1–100,21772,20.8768,359737.940685,0.0033
9581792,CA,>100K,448,0.4296,10714400319.774347,99.7548
9581792,EOA,0–1,2047845,32.8039,353313.950861,0.0015
9581792,EOA,100–1K,394104,6.313,151064571.345637,0.6272
9581792,EOA,10K–100K,49329,0.7902,1843800899.196234,7.6548
9581792,EOA,1K–10K,133488,2.1383,423092825.457713,1.7565
9581792,EOA,1–100,3607226,57.7832,28625281.632366,0.1188
9581792,EOA,>100K,10696,0.1713,21639831525.085297,89.8412
9782602,ALL,0–1,2211351,33.5112,330310.825613,0.0012
9782602,ALL,100–1K,434045,6.5776,174915549.822437,0.6296
9782602,ALL,10K–100K,49166,0.7451,1753521831.36517,6.3119
9782602,ALL,1K–10K,193341,2.9299,606117934.508837,2.1817
9782602,ALL,1–100,3703921,56.1299,26493917.842548,0.0954
9782602,ALL,>100K,7019,0.1064,25219926235.96506,90.7802
9782602,CA,0–1,78582,71.483,8320.350095,0.0001
9782602,CA,100–1K,4886,4.4446,1536243.374895,0.018
9782602,CA,10K–100K,623,0.5667,21280888.059479,0.2497
9782602,CA,1K–10K,1632,1.4846,5321353.308339,0.0624
9782602,CA,1–100,23799,21.649,366968.067069,0.0043
9782602,CA,>100K,409,0.3721,8495421889.555281,99.6655
9782602,EOA,0–1,2132769,32.8679,321990.475518,0.0017
9782602,EOA,100–1K,429159,6.6137,173379306.447542,0.9003
9782602,EOA,10K–100K,48543,0.7481,1732240943.305691,8.9952
9782602,EOA,1K–10K,191709,2.9544,600796581.200498,3.1198
9782602,EOA,1–100,3680122,56.714,26126949.775479,0.1357
9782602,EOA,>100K,6610,0.1019,16724504346.409773,86.8473
9976964,ALL,0–1,2593404,35.6773,446893.166578,0.0012
9976964,ALL,100–1K,626263,8.6155,230587917.598923,0.6344
9976964,ALL,10K–100K,55920,0.7693,2077591491.554747,5.7159
9976964,ALL,1K–10K,233024,3.2057,782051787.398699,2.1516
9976964,ALL,1–100,3750663,51.5977,29734060.079084,0.0818
9976964,ALL,>100K,9777,0.1345,33227036848.482105,91.415
9976964,CA,0–1,80415,69.1998,9944.439823,0.0001
9976964,CA,100–1K,6099,5.2484,1992071.958203,0.0185
9976964,CA,10K–100K,768,0.6609,25456405.628924,0.237
9976964,CA,1K–10K,2072,1.783,6723603.545074,0.0626
9976964,CA,1–100,26343,22.669,434939.131822,0.004
9976964,CA,>100K,510,0.4389,10706856633.323336,99.6777
9976964,EOA,0–1,2512989,35.1327,436948.726755,0.0017
9976964,EOA,100–1K,620164,8.6702,228595845.64072,0.8927
9976964,EOA,10K–100K,55152,0.771,2052135085.925823,8.0143
9976964,EOA,1K–10K,230952,3.2288,775328183.853625,3.0279
9976964,EOA,1–100,3724320,52.0677,29299120.947262,0.1144
9976964,EOA,>100K,9267,0.1296,22520180215.15877,87.9489
10176690,ALL,0–1,2643780,34.3359,464269.613332,0.0011
10176690,ALL,100–1K,809094,10.5081,274914060.51018,0.6554
10176690,ALL,10K–100K,67349,0.8747,2360192468.08552,5.6265
10176690,ALL,1K–10K,216411,2.8106,635633129.853413,1.5153
10176690,ALL,1–100,3951740,51.323,49748258.221567,0.1186
10176690,ALL,>100K,11375,0.1477,38626720453.64446,92.0831
10176690,CA,0–1,82431,66.7096,10049.27082,0.0001
10176690,CA,100–1K,7559,6.1173,2438882.633956,0.018
10176690,CA,10K–100K,932,0.7542,29639213.114725,0.2184
10176690,CA,1K–10K,2466,1.9957,7973790.205172,0.0588
10176690,CA,1–100,29579,23.9376,562973.555377,0.0041
10176690,CA,>100K,600,0.4856,13528711791.138695,99.7006
10176690,EOA,0–1,2561349,33.8079,454220.342511,0.0016
10176690,EOA,100–1K,801535,10.5797,272475177.876225,0.9602
10176690,EOA,10K–100K,66417,0.8767,2330553254.970795,8.2124
10176690,EOA,1K–10K,213945,2.8239,627659339.648241,2.2118
10176690,EOA,1–100,3922161,51.7696,49185284.666191,0.1733
10176690,EOA,>100K,10775,0.1422,25098008662.505775,88.4407
10370274,ALL,0–1,2641568,34.6508,381650.742529,0.0008
10370274,ALL,100–1K,500851,6.5699,157764379.05792,0.3112
10370274,ALL,10K–100K,68152,0.894,2441623740.249523,4.8167
10370274,ALL,1K–10K,183842,2.4116,586129948.599062,1.1563
10370274,ALL,1–100,4216030,55.3039,49354894.645149,0.0974
10370274,ALL,>100K,12950,0.1699,47455935569.82336,93.6177
10370274,CA,0–1,87425,62.2565,11516.702412,0.0001
10370274,CA,100–1K,11312,8.0554,3797251.97165,0.0201
10370274,CA,10K–100K,1197,0.8524,38993880.836484,0.206
10370274,CA,1K–10K,3387,2.4119,10442968.996452,0.0552
10370274,CA,1–100,36289,25.8419,773913.673102,0.0041
10370274,CA,>100K,817,0.5818,18878076961.44934,99.7147
10370274,EOA,0–1,2554143,34.1328,370134.040116,0.0012
10370274,EOA,100–1K,489539,6.542,153967127.08627,0.4848
10370274,EOA,10K–100K,66955,0.8948,2402629859.413039,7.5652
10370274,EOA,1K–10K,180455,2.4115,575686979.602609,1.8127
10370274,EOA,1–100,4179741,55.8567,48580980.972048,0.153
10370274,EOA,>100K,12133,0.1621,28577858608.374,89.9832
10570485,ALL,0–1,2760303,35.0624,505355.359152,0.0008
10570485,ALL,100–1K,505108,6.4161,182493280.34754,0.2796
10570485,ALL,10K–100K,75861,0.9636,2651539954.147994,4.0618
10570485,ALL,1K–10K,217952,2.7685,696240356.44751,1.0665
10570485,ALL,1–100,4293562,54.5384,53946703.807801,0.0826
10570485,ALL,>100K,19767,0.2511,61695888775.58301,94.5087
10570485,CA,0–1,94118,59.5548,14311.574705,0.0001
10570485,CA,100–1K,14549,9.2061,4834888.002642,0.0176
10570485,CA,10K–100K,1591,1.0067,51788095.456451,0.1889
10570485,CA,1K–10K,4099,2.5937,13226274.154041,0.0482
10570485,CA,1–100,42536,26.9154,952698.063322,0.0035
10570485,CA,>100K,1143,0.7233,27350501359.98355,99.7417
10570485,EOA,0–1,2666185,34.5606,491043.784447,0.0013
10570485,EOA,100–1K,490559,6.3589,177658392.344898,0.4693
10570485,EOA,10K–100K,74270,0.9627,2599751858.691544,6.8669
10570485,EOA,1K–10K,213853,2.7721,683014082.29347,1.8041
10570485,EOA,1–100,4251026,55.1042,52994005.744479,0.14
10570485,EOA,>100K,18624,0.2414,34345387415.599457,90.7185
10771925,ALL,0–1,2792041,33.6203,507751.265567,0.0005
10771925,ALL,100–1K,744981,8.9707,280028002.615189,0.2587
10771925,ALL,10K–100K,105743,1.2733,3495408961.626206,3.2292
10771925,ALL,1K–10K,351679,4.2347,1090198189.758138,1.0072
10771925,ALL,1–100,4284100,51.5869,61732307.712772,0.057
10771925,ALL,>100K,26088,0.3141,103317190139.05167,95.4475
10771925,CA,0–1,100804,56.1651,16100.019705,0.0
10771925,CA,100–1K,19682,10.9662,6708745.761666,0.0126
10771925,CA,10K–100K,2192,1.2213,75462009.802932,0.1414
10771925,CA,1K–10K,5271,2.9369,17401142.29341,0.0326
10771925,CA,1–100,49899,27.8023,1119975.220842,0.0021
10771925,CA,>100K,1630,0.9082,53255240399.54041,99.8113
10771925,EOA,0–1,2691237,33.1223,491651.245862,0.0009
10771925,EOA,100–1K,725299,8.9266,273319256.853522,0.4979
10771925,EOA,10K–100K,103551,1.2744,3419946951.823274,6.2306
10771925,EOA,1K–10K,346408,4.2634,1072797047.464729,1.9545
10771925,EOA,1–100,4234201,52.1123,60612332.49193,0.1104
10771925,EOA,>100K,24458,0.301,50061949739.51132,91.2056
10966874,ALL,0–1,2805841,32.1914,412572.885227,0.0005
10966874,ALL,100–1K,887971,10.1877,328404677.381112,0.3633
10966874,ALL,10K–100K,102038,1.1707,3305628236.280406,3.6566
10966874,ALL,1K–10K,441572,5.0662,1245767851.261538,1.378
10966874,ALL,1–100,4451228,51.069,58913238.600797,0.0652
10966874,ALL,>100K,27462,0.3151,85462474816.29631,94.5365
10966874,CA,0–1,106203,55.106,15604.962674,0.0
10966874,CA,100–1K,20731,10.7568,6910336.165205,0.017
10966874,CA,10K–100K,2717,1.4098,94097634.042852,0.2311
10966874,CA,1K–10K,6901,3.5807,21589918.739776,0.053
10966874,CA,1–100,54177,28.111,1206299.914655,0.003
10966874,CA,>100K,1996,1.0357,40595853937.802734,99.6959
10966874,EOA,0–1,2699638,31.6733,396967.922553,0.0008
10966874,EOA,100–1K,867240,10.1748,321494341.215908,0.6471
10966874,EOA,10K–100K,99321,1.1653,3211530602.237554,6.4642
10966874,EOA,1K–10K,434671,5.0997,1224177932.521763,2.464
10966874,EOA,1–100,4397051,51.5881,57706938.686142,0.1162
10966874,EOA,>100K,25466,0.2988,44866620878.493546,90.3077
11167817,ALL,0–1,2924954,33.269,488824.111472,0.0005
11167817,ALL,100–1K,738164,8.396,269255395.845921,0.292
11167817,ALL,10K–100K,109505,1.2455,3457620542.573016,3.7491
11167817,ALL,1K–10K,327758,3.728,1018874214.818981,1.1048
11167817,ALL,1–100,4665213,53.063,56072858.530587,0.0608
11167817,ALL,>100K,26246,0.2985,87422804305.5288,94.7928
11167817,CA,0–1,114253,54.6145,16499.55611,0.0
11167817,CA,100–1K,24062,11.502,8250629.601779,0.0234
11167817,CA,10K–100K,2700,1.2906,96783193.160972,0.2743
11167817,CA,1K–10K,6281,3.0024,20342831.429658,0.0576
11167817,CA,1–100,59659,28.5178,1291928.859603,0.0037
11167817,CA,>100K,2244,1.0727,35162988914.24643,99.641
11167817,EOA,0–1,2810701,32.7487,472324.555362,0.0008
11167817,EOA,100–1K,714102,8.3203,261004766.244142,0.4584
11167817,EOA,10K–100K,106805,1.2444,3360837349.412045,5.9029
11167817,EOA,1K–10K,321477,3.7457,998531383.389323,1.7538
11167817,EOA,1–100,4605554,53.6613,54780929.670984,0.0962
11167817,EOA,>100K,24002,0.2797,52259815391.28233,91.7878
11363270,ALL,0–1,3079490,32.6498,577734.940905,0.0005
11363270,ALL,100–1K,759092,8.0482,266146670.085558,0.2474
11363270,ALL,10K–100K,136266,1.4447,4219400476.288718,3.9224
11363270,ALL,1K–10K,356382,3.7785,1176315050.734669,1.0935
11363270,ALL,1–100,5066953,53.7216,62892240.68801,0.0585
11363270,ALL,>100K,33692,0.3572,101846432848.47824,94.6777
11363270,CA,0–1,119414,52.7214,17407.809095,0.0
11363270,CA,100–1K,27845,12.2936,9641827.947036,0.0222
11363270,CA,10K–100K,3315,1.4636,118800371.753081,0.2733
11363270,CA,1K–10K,7824,3.4543,24855721.317332,0.0572
11363270,CA,1–100,65306,28.8327,1475944.005072,0.0034
11363270,CA,>100K,2796,1.2344,43320991564.245605,99.644
11363270,EOA,0–1,2960076,32.156,560327.13181,0.0009
11363270,EOA,100–1K,731247,7.9437,256504842.138522,0.4002
11363270,EOA,10K–100K,132951,1.4443,4100600104.535636,6.3976
11363270,EOA,1K–10K,348558,3.7865,1151459329.417337,1.7965
11363270,EOA,1–100,5001647,54.334,61416296.682938,0.0958
11363270,EOA,>100K,30896,0.3356,58525441284.23262,91.3091
11565019,ALL,0–1,2959747,29.8815,429605.623156,0.0003
11565019,ALL,100–1K,878989,8.8742,300491638.694268,0.2395
11565019,ALL,10K–100K,145342,1.4674,4319755794.750204,3.4429
11565019,ALL,1K–10K,383024,3.867,1247490477.471272,0.9943
11565019,ALL,1–100,5494814,55.4754,67423458.218056,0.0537
11565019,ALL,>100K,43042,0.4346,119531889652.29454,95.2692
11565019,CA,0–1,122355,50.4561,16834.80746,0.0
11565019,CA,100–1K,30095,12.4104,10756716.711525,0.0215
11565019,CA,10K–100K,3772,1.5555,132207667.37559,0.2642
11565019,CA,1K–10K,9302,3.8359,29067602.191972,0.0581
11565019,CA,1–100,73458,30.2922,1626094.913535,0.0032
11565019,CA,>100K,3516,1.4499,49860541387.270744,99.6529
11565019,EOA,0–1,2837392,29.3651,412770.815696,0.0005
11565019,EOA,100–1K,848894,8.7855,289734921.982745,0.3841
11565019,EOA,10K–100K,141570,1.4652,4187548127.374614,5.5513
11565019,EOA,1K–10K,373722,3.8678,1218422875.279302,1.6152
11565019,EOA,1–100,5421356,56.1074,65797363.304522,0.0872
11565019,EOA,>100K,39526,0.4091,69671348265.02368,92.3616
11766939,ALL,0–1,3110744,29.9351,542564.446648,0.0002
11766939,ALL,100–1K,1073319,10.3287,371397083.452149,0.1705
11766939,ALL,10K–100K,196346,1.8895,5926110929.196651,2.721
11766939,ALL,1K–10K,495621,4.7694,1680738192.122911,0.7717
11766939,ALL,1–100,5466151,52.6014,82798771.939045,0.038
11766939,ALL,>100K,49461,0.476,209727974420.51443,96.2985
11766939,CA,0–1,125192,47.9775,18716.010392,0.0
11766939,CA,100–1K,34345,13.1621,12632332.943799,0.0117
11766939,CA,10K–100K,5281,2.0238,181407017.818363,0.1676
11766939,CA,1K–10K,11495,4.4052,38957032.933836,0.036
11766939,CA,1–100,79818,30.5888,1870984.980179,0.0017
11766939,CA,>100K,4808,1.8426,107991464293.65738,99.783
11766939,EOA,0–1,2985552,29.4703,523848.436257,0.0005
11766939,EOA,100–1K,1038974,10.2557,358764750.50835,0.3275
11766939,EOA,10K–100K,191065,1.886,5744703911.378288,5.2433
11766939,EOA,1K–10K,484126,4.7788,1641781159.189075,1.4985
11766939,EOA,1–100,5386333,53.1684,80927786.958863,0.0739
11766939,EOA,>100K,44653,0.4408,101736510126.85703,92.8565
11948960,ALL,0–1,3086632,27.8519,581176.173797,0.0001
11948960,ALL,100–1K,1367265,12.3374,493081888.802207,0.1119
11948960,ALL,10K–100K,238806,2.1548,7040310935.484263,1.5974
11948960,ALL,1K–10K,696305,6.283,2254469623.176063,0.5115
11948960,ALL,1–100,5621847,50.7282,99104371.018781,0.0225
11948960,ALL,>100K,71430,0.6445,430839286625.9242,97.7565
11948960,CA,0–1,126968,45.3036,19836.894664,0.0
11948960,CA,100–1K,40917,14.5997,15512046.342194,0.0108
11948960,CA,10K–100K,6242,2.2272,211596907.458011,0.1478
11948960,CA,1K–10K,13925,4.9686,46017576.948017,0.0321
11948960,CA,1–100,86607,30.9024,2098227.520998,0.0015
11948960,CA,>100K,5601,1.9985,142905968798.60016,99.8078
11948960,EOA,0–1,2959664,27.3992,561339.279133,0.0002
11948960,EOA,100–1K,1326348,12.2787,477569842.460013,0.1605
11948960,EOA,10K–100K,232564,2.153,6828714028.026258,2.295
11948960,EOA,1K–10K,682380,6.3171,2208452046.228046,0.7422
11948960,EOA,1–100,5535240,51.2426,97006143.497784,0.0326
11948960,EOA,>100K,65829,0.6094,287933317827.3245,96.7695
12150245,ALL,0–1,2812135,23.9728,425600.920736,0.0001
12150245,ALL,100–1K,1632164,13.9138,607509721.693255,0.1031
12150245,ALL,10K–100K,328670,2.8018,9684445526.710579,1.6438
12150245,ALL,1K–10K,903597,7.7029,2976021894.389718,0.5051
12150245,ALL,1–100,5962648,50.8301,207356443.828484,0.0352
12150245,ALL,>100K,91323,0.7785,575662300199.5499,97.7126
12150245,CA,0–1,128632,42.6928,22198.200278,0.0
12150245,CA,100–1K,48315,16.0357,18558511.30288,0.0081
12150245,CA,10K–100K,7750,2.5722,257627183.906984,0.112
12150245,CA,1K–10K,19780,6.565,62633204.511485,0.0272
12150245,CA,1–100,89728,29.7806,2366175.484514,0.001
12150245,CA,>100K,7092,2.3538,229652120606.16812,99.8516
12150245,EOA,0–1,2683503,23.4793,403402.720458,0.0001
12150245,EOA,100–1K,1583849,13.8579,588951210.390376,0.164
12150245,EOA,10K–100K,320920,2.8079,9426818342.803598,2.6248
12150245,EOA,1K–10K,883817,7.7329,2913388689.878237,0.8112
12150245,EOA,1–100,5872920,51.385,204990268.343971,0.0571
12150245,EOA,>100K,84231,0.737,346010179593.38104,96.3428
12344945,ALL,0–1,2902824,23.1125,428230.442229,0.0001
12344945,ALL,100–1K,2049215,16.316,740263485.194681,0.1098
12344945,ALL,10K–100K,365465,2.9099,10696194425.46243,1.5871
12344945,ALL,1K–10K,1044514,8.3165,3404849741.799447,0.5052
12344945,ALL,1–100,6095335,48.5314,274949247.735867,0.0408
12344945,ALL,>100K,102209,0.8138,658828620193.201,97.757
12344945,CA,0–1,131216,33.2213,21417.244695,0.0
12344945,CA,100–1K,99055,25.0788,42580305.202436,0.0157
12344945,CA,10K–100K,12939,3.2759,415902537.649315,0.1533
12344945,CA,1K–10K,48236,12.2124,128834742.808416,0.0475
12344945,CA,1–100,95001,24.0524,2562767.564768,0.0009
12344945,CA,>100K,8528,2.1591,270738548739.21802,99.7826
12344945,EOA,0–1,2771608,22.7842,406813.197534,0.0001
12344945,EOA,100–1K,1950160,16.0315,697683179.992256,0.1733
12344945,EOA,10K–100K,352526,2.898,10280291887.813114,2.5534
12344945,EOA,1K–10K,996278,8.19,3276014998.991078,0.8137
12344945,EOA,1–100,6000334,49.3262,272386480.171097,0.0677
12344945,EOA,>100K,93681,0.7701,388090071453.9828,96.3919
12545219,ALL,0–1,3307289,24.7476,616535.6271,0.0001
12545219,ALL,100–1K,2273774,17.014,839111820.212643,0.1508
12545219,ALL,10K–100K,324929,2.4314,9537595400.676546,1.7137
12545219,ALL,1K–10K,1038388,7.77,3377227282.715045,0.6068
12545219,ALL,1–100,6328921,47.3576,239084739.535395,0.043
12545219,ALL,>100K,90804,0.6795,542568955225.73865,97.4857
12545219,CA,0–1,140581,35.328,21738.381882,0.0
12545219,CA,100–1K,96388,24.2223,42204075.879423,0.0222
12545219,CA,10K–100K,11601,2.9153,381140668.72127,0.2001
12545219,CA,1K–10K,37526,9.4303,111525356.468978,0.0585
12545219,CA,1–100,103552,26.0226,2762258.309311,0.0015
12545219,CA,>100K,8283,2.0815,189944346611.3463,99.7177
12545219,EOA,0–1,3166708,24.4228,594797.245218,0.0002
12545219,EOA,100–1K,2177386,16.7928,796907744.333232,0.2177
12545219,EOA,10K–100K,313328,2.4165,9156454731.955288,2.5012
12545219,EOA,1K–10K,1000862,7.719,3265701926.246072,0.8921
12545219,EOA,1–100,6225369,48.0124,236322481.226086,0.0646
12545219,EOA,>100K,82521,0.6364,352624608614.3929,96.3243
12738509,ALL,0–1,3344475,24.678,516120.748149,0.0001
12738509,ALL,100–1K,2314291,17.0765,823200046.459492,0.1592
12738509,ALL,10K–100K,271508,2.0034,7986252300.923077,1.5442
12738509,ALL,1K–10K,986660,7.2803,3183036155.567488,0.6155
12738509,ALL,1–100,6552870,48.3519,215861654.356786,0.0417
12738509,ALL,>100K,82663,0.6099,504962349632.1079,97.6393
12738509,CA,0–1,150063,38.1696,23129.632904,0.0
12738509,CA,100–1K,78825,20.0497,31959407.237208,0.0201
12738509,CA,10K–100K,10144,2.5802,352264234.791801,0.222
12738509,CA,1K–10K,35022,8.9081,99949289.156936,0.063
12738509,CA,1–100,111119,28.2639,2630468.521221,0.0017
12738509,CA,>100K,7975,2.0285,158189839973.91803,99.6932
12738509,EOA,0–1,3194412,24.2749,492991.115245,0.0001
12738509,EOA,100–1K,2235466,16.9877,791240639.222278,0.2207
12738509,EOA,10K–100K,261364,1.9862,7633988066.131276,2.1295
12738509,EOA,1K–10K,951638,7.2317,3083086866.410557,0.86
12738509,EOA,1–100,6441751,48.952,213231185.835567,0.0595
12738509,EOA,>100K,74688,0.5676,346772509658.18994,96.7302
12936340,ALL,0–1,3433608,24.4041,545737.548003,0.0001
12936340,ALL,100–1K,2480203,17.6279,881132083.509055,0.171
12936340,ALL,10K–100K,270241,1.9207,8269379167.029342,1.6047
12936340,ALL,1K–10K,1009676,7.1762,3288862874.691334,0.6382
12936340,ALL,1–100,6779553,48.1852,222390285.218852,0.0432
12936340,ALL,>100K,96509,0.6859,502666665285.46857,97.5429
12936340,CA,0–1,157250,38.9674,24597.266648,0.0
12936340,CA,100–1K,81761,20.2608,34362162.024081,0.0174
12936340,CA,10K–100K,10342,2.5628,361450050.725906,0.1829
12936340,CA,1K–10K,31711,7.8582,94391516.628877,0.0478
12936340,CA,1–100,113717,28.1797,2721110.845355,0.0014
12936340,CA,>100K,8761,2.171,197104409050.37717,99.7505
12936340,EOA,0–1,3276358,23.9741,521140.281355,0.0002
12936340,EOA,100–1K,2398442,17.5501,846769921.484971,0.2665
12936340,EOA,10K–100K,259899,1.9018,7907929116.303435,2.4889
12936340,EOA,1K–10K,977965,7.1561,3194471358.062445,1.0054
12936340,EOA,1–100,6665836,48.7759,219669174.373496,0.0691
12936340,EOA,>100K,87748,0.6421,305562256235.0911,96.1699
13136427,ALL,0–1,3454763,23.5133,551399.675867,0.0001
13136427,ALL,100–1K,2753227,18.7386,980970129.079408,0.1334
13136427,ALL,10K–100K,365427,2.4871,10850843829.608398,1.4751
13136427,ALL,1K–10K,1176605,8.008,3714813000.965068,0.505
13136427,ALL,1–100,6831009,46.4922,238442092.963641,0.0324
13136427,ALL,>100K,111774,0.7607,719797737925.6625,97.854
13136427,CA,0–1,158541,39.0206,25084.889472,0.0
13136427,CA,100–1K,78677,19.3642,28854528.13377,0.0099
13136427,CA,10K–100K,10747,2.6451,378805323.927016,0.1301
13136427,CA,1K–10K,29292,7.2094,83987089.699974,0.0289
13136427,CA,1–100,119108,29.3152,2935059.078694,0.001
13136427,CA,>100K,9936,2.4455,290615368922.9067,99.8301
13136427,EOA,0–1,3296222,23.0723,526314.786395,0.0001
13136427,EOA,100–1K,2674550,18.7208,952115600.945629,0.2142
13136427,EOA,10K–100K,354680,2.4826,10472038505.681393,2.3561
13136427,EOA,1K–10K,1147313,8.0307,3630825911.265101,0.8169
13136427,EOA,1–100,6711901,46.9807,235507033.884947,0.053
13136427,EOA,>100K,101838,0.7128,429182369002.75555,96.5597
13330090,ALL,0–1,3508132,23.127,518619.018305,0.0001
13330090,ALL,100–1K,2896094,19.0922,1028994178.079677,0.1278
13330090,ALL,10K–100K,355479,2.3435,10519722405.778416,1.3065
13330090,ALL,1K–10K,1202431,7.9269,3759954777.061228,0.467
13330090,ALL,1–100,7094464,46.7696,226477560.876761,0.0281
13330090,ALL,>100K,112372,0.7408,789628754716.0215,98.0705
13330090,CA,0–1,160599,37.9746,24380.991458,0.0
13330090,CA,100–1K,87581,20.709,33081391.335635,0.012
13330090,CA,10K–100K,10743,2.5402,382495155.835708,0.1389
13330090,CA,1K–10K,30694,7.2578,88907040.055637,0.0323
13330090,CA,1–100,123506,29.2037,3032097.36809,0.0011
13330090,CA,>100K,9789,2.3147,274962112773.87646,99.8158
13330090,EOA,0–1,3347533,22.7012,494238.026847,0.0001
13330090,EOA,100–1K,2808513,19.0459,995912786.74406,0.188
13330090,EOA,10K–100K,344736,2.3378,10137227249.942707,1.9138
13330090,EOA,1K–10K,1171737,7.9461,3671047737.005604,0.693
13330090,EOA,1–100,6970958,47.2734,223445463.508673,0.0422
13330090,EOA,>100K,102583,0.6957,514666641942.1448,97.1629
13527859,ALL,0–1,3627013,22.6873,661619.346519,0.0001
13527859,ALL,100–1K,3231822,20.2153,1211064287.339493,0.1305
13527859,ALL,10K–100K,474806,2.9699,13820920713.992207,1.4892
13527859,ALL,1K–10K,1598744,10.0003,5248123988.724467,0.5655
13527859,ALL,1–100,6917672,43.2706,287374008.101576,0.031
13527859,ALL,>100K,136950,0.8566,907492418925.8108,97.7837
13527859,CA,0–1,163291,39.1878,26268.573806,0.0
13527859,CA,100–1K,84754,20.3399,35618250.078186,0.009
13527859,CA,10K–100K,12027,2.8863,423481442.01325,0.1071
13527859,CA,1K–10K,25084,6.0199,80456664.405538,0.0203
13527859,CA,1–100,120482,28.9142,3145386.712356,0.0008
13527859,CA,>100K,11050,2.6519,395040554337.56116,99.8628
13527859,EOA,0–1,3463722,22.2457,635350.772713,0.0001
13527859,EOA,100–1K,3147068,20.212,1175446037.261318,0.2208
13527859,EOA,10K–100K,462779,2.9722,13397439271.978962,2.5161
13527859,EOA,1K–10K,1573660,10.1068,5167667324.318932,0.9705
13527859,EOA,1–100,6797190,43.6548,284228621.389226,0.0534
13527859,EOA,>100K,125900,0.8086,512451864588.2499,96.2392
13717847,ALL,0–1,3569032,21.1048,681855.939559,0.0001
13717847,ALL,100–1K,5967541,35.2879,1615340068.351801,0.1563
13717847,ALL,10K–100K,487026,2.8799,14197213343.398754,1.3733
13717847,ALL,1K–10K,1726694,10.2105,5661505513.57962,0.5476
13717847,ALL,1–100,5015824,29.6601,161819629.319486,0.0157
13717847,ALL,>100K,144909,0.8569,1012146910302.944,97.9071
13717847,CA,0–1,167220,40.389,27086.002996,0.0
13717847,CA,100–1K,75678,18.2787,27864776.230923,0.0057
13717847,CA,10K–100K,12410,2.9974,431998210.025698,0.0886
13717847,CA,1K–10K,23962,5.7876,81156633.963496,0.0166
13717847,CA,1–100,123186,29.7533,3202464.909725,0.0007
13717847,CA,>100K,11568,2.794,487134841147.347,99.8884
13717847,EOA,0–1,3401812,20.6208,654769.936564,0.0001
13717847,EOA,100–1K,5891863,35.7147,1587475292.120872,0.2907
13717847,EOA,10K–100K,474616,2.877,13765215133.373066,2.5206
13717847,EOA,1K–10K,1702732,10.3215,5580348879.616125,1.0218
13717847,EOA,1–100,4892638,29.6577,158617164.409761,0.029
13717847,EOA,>100K,133341,0.8083,525012069155.5968,96.1377
13916166,ALL,0–1,3765487,21.5696,722794.077674,0.0001
13916166,ALL,100–1K,3791202,21.7169,1367440875.613602,0.1357
13916166,ALL,10K–100K,420606,2.4093,12344533791.810925,1.2251
13916166,ALL,1K–10K,1615293,9.2528,5186816289.913828,0.5147
13916166,ALL,1–100,7728046,44.2681,374019939.217544,0.0371
13916166,ALL,>100K,136745,0.7833,988368620875.742,98.0873
13916166,CA,0–1,171130,40.8063,25846.120579,0.0
13916166,CA,100–1K,69580,16.5915,24111547.831496,0.0058
13916166,CA,10K–100K,11934,2.8457,408319798.165305,0.0979
13916166,CA,1K–10K,22665,5.4045,78684927.489771,0.0189
13916166,CA,1–100,132669,31.6352,3440631.785919,0.0008
13916166,CA,>100K,11394,2.7169,416484731302.99365,99.8766
13916166,EOA,0–1,3594357,21.0961,696947.957095,0.0001
13916166,EOA,100–1K,3721622,21.8431,1343329327.782109,0.2274
13916166,EOA,10K–100K,408672,2.3986,11936213993.64562,2.0209
13916166,EOA,1K–10K,1592628,9.3475,5108131362.424063,0.8648
13916166,EOA,1–100,7595377,44.579,370579307.431625,0.0627
13916166,EOA,>100K,125351,0.7357,571883889572.748,96.824
14116761,ALL,0–1,3790951,21.1589,596369.723518,0.0001
14116761,ALL,100–1K,3899586,21.7653,1373561828.770683,0.1846
14116761,ALL,10K–100K,348329,1.9442,10507760378.399523,1.4121
14116761,ALL,1K–10K,1444808,8.0641,4447918548.412302,0.5977
14116761,ALL,1–100,8314554,46.4071,315344364.879393,0.0424
14116761,ALL,>100K,118318,0.6604,727500249763.4249,97.7632
14116761,CA,0–1,173586,40.4688,23927.464606,0.0
14116761,CA,100–1K,70811,16.5084,23987782.287699,0.0079
14116761,CA,10K–100K,11071,2.581,379355331.720166,0.1253
14116761,CA,1K–10K,22208,5.1774,75166719.141671,0.0248
14116761,CA,1–100,140403,32.7327,3452711.604,0.0011
14116761,CA,>100K,10859,2.5316,302327884624.3606,99.8408
14116761,EOA,0–1,3617365,20.6853,572442.258912,0.0001
14116761,EOA,100–1K,3828775,21.8942,1349574046.482985,0.3058
14116761,EOA,10K–100K,337258,1.9286,10128405046.679363,2.2949
14116761,EOA,1K–10K,1422600,8.1349,4372751829.27063,0.9908
14116761,EOA,1–100,8174151,46.7425,311891653.275386,0.0707
14116761,EOA,>100K,107459,0.6145,425172365139.06537,96.3377
14297759,ALL,0–1,3864658,21.1616,623597.893709,0.0001
14297759,ALL,100–1K,4052296,22.189,1425329399.496323,0.2007
14297759,ALL,10K–100K,363592,1.9909,11037411498.0653,1.5539
14297759,ALL,1K–10K,1442581,7.8991,4460000335.698264,0.6279
14297759,ALL,1–100,8424204,46.1282,313786943.418613,0.0442
14297759,ALL,>100K,115263,0.6311,693050842614.0242,97.5732
14297759,CA,0–1,176670,40.2493,24096.780679,0.0
14297759,CA,100–1K,73742,16.8001,25335934.591456,0.0091
14297759,CA,10K–100K,11087,2.5259,385358196.643373,0.1384
14297759,CA,1K–10K,22188,5.0549,74833872.016905,0.0269
14297759,CA,1–100,144278,32.8697,3491722.604071,0.0013
14297759,CA,>100K,10974,2.5001,277997601071.13904,99.8244
14297759,EOA,0–1,3687988,20.6915,599501.113029,0.0001
14297759,EOA,100–1K,3978554,22.3218,1399993464.904879,0.3242
14297759,EOA,10K–100K,352505,1.9777,10652053301.421926,2.4669
14297759,EOA,1K–10K,1420393,7.9691,4385166463.681358,1.0156
14297759,EOA,1–100,8279926,46.4547,310295220.814542,0.0719
14297759,EOA,>100K,104289,0.5851,415053241542.88574,96.1213
14497034,ALL,0–1,3934386,21.5505,643780.28791,0.0001
14497034,ALL,100–1K,4014223,21.9878,1376363032.067382,0.1516
14497034,ALL,10K–100K,356505,1.9527,10720500072.144936,1.1806
14497034,ALL,1K–10K,1388233,7.604,4386198436.261123,0.483
14497034,ALL,1–100,8441535,46.2382,318601627.982866,0.0351
14497034,ALL,>100K,121742,0.6668,891233183499.8298,98.1496
14497034,CA,0–1,180098,40.0205,24023.335051,0.0
14497034,CA,100–1K,74404,16.5337,25926138.631912,0.0087
14497034,CA,10K–100K,11930,2.651,414638439.164805,0.1394
14497034,CA,1K–10K,23392,5.1981,77365659.283504,0.026
14497034,CA,1–100,148644,33.031,3678331.214786,0.0012
14497034,CA,>100K,11546,2.5657,296953023517.10504,99.8246
14497034,EOA,0–1,3754288,21.0837,619756.952859,0.0001
14497034,EOA,100–1K,3939819,22.1256,1350436893.435474,0.2212
14497034,EOA,10K–100K,344575,1.9351,10305861632.98013,1.6879
14497034,EOA,1K–10K,1364841,7.6648,4308832776.977629,0.7057
14497034,EOA,1–100,8292891,46.572,314923296.768081,0.0516
14497034,EOA,>100K,110196,0.6188,594280159982.7238,97.3335
14688630,ALL,0–1,4160464,22.3244,668798.18369,0.0001
14688630,ALL,100–1K,3997358,21.4492,1352261804.364422,0.1935
14688630,ALL,10K–100K,303037,1.6261,9273995670.18206,1.3271
14688630,ALL,1K–10K,1236193,6.6332,3800007578.279331,0.5438
14688630,ALL,1–100,8831375,47.3879,301834864.306789,0.0432
14688630,ALL,>100K,107938,0.5792,684064878129.3759,97.8923
14688630,CA,0–1,188284,40.8007,25535.633149,0.0
14688630,CA,100–1K,75020,16.2566,26064326.523228,0.0115
14688630,CA,10K–100K,11636,2.5215,402470124.654741,0.1781
14688630,CA,1K–10K,22593,4.8958,77104898.44381,0.0341
14688630,CA,1–100,152992,33.153,3679196.042829,0.0016
14688630,CA,>100K,10948,2.3724,225482348789.64502,99.7746
14688630,EOA,0–1,3972180,21.8553,643262.550541,0.0001
14688630,EOA,100–1K,3922338,21.5811,1326197477.841195,0.2805
14688630,EOA,10K–100K,291401,1.6033,8871525545.527317,1.8764
14688630,EOA,1K–10K,1213600,6.6773,3722902679.835519,0.7874
14688630,EOA,1–100,8678383,47.7493,298155668.263957,0.0631
14688630,EOA,>100K,96990,0.5336,458582529339.7299,96.9925
14881677,ALL,0–1,4529239,23.9927,797708.368969,0.0001
14881677,ALL,100–1K,3723722,19.7257,1253553895.697007,0.2299
14881677,ALL,10K–100K,250016,1.3244,7910170340.927171,1.4508
14881677,ALL,1K–10K,1008527,5.3425,3011384865.33483,0.5523
14881677,ALL,1–100,9271099,49.1118,271475948.680302,0.0498
14881677,ALL,>100K,94952,0.503,532772000934.7539,97.717
14881677,CA,0–1,196323,41.5574,26053.823733,0.0
14881677,CA,100–1K,72007,15.2424,25007713.803637,0.0156
14881677,CA,10K–100K,10651,2.2546,375333306.83669,0.2336
14881677,CA,1K–10K,22269,4.7139,75029727.403974,0.0467
14881677,CA,1–100,161308,34.1455,3744739.87889,0.0023
14881677,CA,>100K,9856,2.0863,160200805879.976,99.7018
14881677,EOA,0–1,4332916,23.5419,771654.545236,0.0002
14881677,EOA,100–1K,3651715,19.8407,1228546181.893373,0.3195
14881677,EOA,10K–100K,239365,1.3005,7534837034.090483,1.9594
14881677,EOA,1K–10K,986258,5.3586,2936355137.930854,0.7636
14881677,EOA,1–100,9109791,49.4959,267731208.801411,0.0696
14881677,EOA,>100K,85096,0.4623,372571195054.77795,96.8876
15053226,ALL,0–1,4744692,24.9363,841130.851488,0.0002
15053226,ALL,100–1K,3494617,18.3664,1186088484.132051,0.2763
15053226,ALL,10K–100K,223815,1.1763,7235476344.053083,1.6853
15053226,ALL,1K–10K,865446,4.5485,2550184305.133009,0.594
15053226,ALL,1–100,9609927,50.5061,254813624.924648,0.0594
15053226,ALL,>100K,88747,0.4664,418094232785.1888,97.3849
15053226,CA,0–1,208405,46.651,30814.912307,0.0
15053226,CA,100–1K,48621,10.8837,17786359.282689,0.0159
15053226,CA,10K–100K,9687,2.1684,344463030.49414,0.3084
15053226,CA,1K–10K,20210,4.524,68402696.943117,0.0612
15053226,CA,1–100,150945,33.7887,2970456.653133,0.0027
15053226,CA,>100K,8864,1.9842,111256507654.85814,99.6117
15053226,EOA,0–1,4536287,24.4142,810315.939181,0.0003
15053226,EOA,100–1K,3445996,18.5463,1168302124.849365,0.3678
15053226,EOA,10K–100K,214128,1.1524,6891013313.558943,2.1695
15053226,EOA,1K–10K,845236,4.549,2481781608.189897,0.7813
15053226,EOA,1–100,9458982,50.9081,251843168.271513,0.0793
15053226,EOA,>100K,79883,0.4299,306837725130.3304,96.6018
15253306,ALL,0–1,4597662,24.17,722903.072175,0.0001
15253306,ALL,100–1K,3592498,18.8858,1202143116.05703,0.2293
15253306,ALL,10K–100K,253431,1.3323,8076163479.567132,1.5402
15253306,ALL,1K–10K,971221,5.1057,2918586049.801476,0.5566
15253306,ALL,1–100,9508462,49.9861,257678341.272913,0.0491
15253306,ALL,>100K,98942,0.5201,511915884271.6015,97.6247
15253306,CA,0–1,210363,46.0943,29247.687318,0.0
15253306,CA,100–1K,49365,10.8168,17609495.281491,0.0128
15253306,CA,10K–100K,10840,2.3752,380801532.276068,0.2761
15253306,CA,1K–10K,22111,4.8449,75161598.024237,0.0545
15253306,CA,1–100,153942,33.7315,3004697.183311,0.0022
15253306,CA,>100K,9754,2.1373,137458652808.24792,99.6545
15253306,EOA,0–1,4387299,23.631,693655.384857,0.0002
15253306,EOA,100–1K,3543133,19.0842,1184533620.775533,0.3065
15253306,EOA,10K–100K,242591,1.3067,7695361947.291067,1.9914
15253306,EOA,1K–10K,949110,5.1121,2843424451.777234,0.7358
15253306,EOA,1–100,9354520,50.3857,254673644.089601,0.0659
15253306,EOA,>100K,89188,0.4804,374457231463.3532,96.9002
15449618,ALL,0–1,4878360,25.6,870444.734559,0.0002
15449618,ALL,100–1K,3362546,17.6455,1152408520.490262,0.2599
15449618,ALL,10K–100K,259029,1.3593,8196117998.979432,1.8483
15449618,ALL,1K–10K,905524,4.7519,2772530182.48406,0.6252
15449618,ALL,1–100,9554344,50.1381,255951166.257349,0.0577
15449618,ALL,>100K,96254,0.5051,431066913687.6624,97.2087
15449618,CA,0–1,222160,47.2766,31931.908621,0.0
15449618,CA,100–1K,49037,10.4353,17777471.105746,0.014
15449618,CA,10K–100K,10545,2.244,374148856.805668,0.2946
15449618,CA,1K–10K,21645,4.6062,74086524.39893,0.0583
15449618,CA,1–100,157126,33.4371,3117543.831049,0.0025
15449618,CA,>100K,9402,2.0008,126516273409.34337,99.6305
15449618,EOA,0–1,4656200,25.052,838512.825938,0.0003
15449618,EOA,100–1K,3313509,17.8278,1134631049.38452,0.3585
15449618,EOA,10K–100K,248484,1.3369,7821969142.173757,2.4717
15449618,EOA,1K–10K,883879,4.7556,2698443658.08513,0.8527
15449618,EOA,1–100,9397218,50.5603,252833622.426297,0.0799
15449618,EOA,>100K,86852,0.4673,304550640278.31915,96.2369
15649595,ALL,0–1,5662296,28.4161,900973.413545,0.0002
15649595,ALL,100–1K,3264898,16.3848,1063563000.707434,0.2165
15649595,ALL,10K–100K,254850,1.279,7957425640.999891,1.62
15649595,ALL,1K–10K,867401,4.353,2645864198.115165,0.5387
15649595,ALL,1–100,9780477,49.0831,245098244.743066,0.0499
15649595,ALL,>100K,96426,0.4839,479275703055.60065,97.5747
15649595,CA,0–1,230868,47.3733,29815.824783,0.0
15649595,CA,100–1K,50123,10.2851,17342787.611935,0.0144
15649595,CA,10K–100K,10515,2.1576,369507026.532551,0.3071
15649595,CA,1K–10K,23224,4.7655,76110035.349294,0.0632
15649595,CA,1–100,163339,33.5166,3068390.622883,0.0025
15649595,CA,>100K,9269,1.902,119873050185.39587,99.6127
15649595,EOA,0–1,5431428,27.9409,871157.588762,0.0002
15649595,EOA,100–1K,3214775,16.5378,1046220213.095501,0.2821
15649595,EOA,10K–100K,244335,1.2569,7587918614.467338,2.0461
15649595,EOA,1K–10K,844177,4.3427,2569754162.765874,0.6929
15649595,EOA,1–100,9617138,49.4734,242029854.120183,0.0653
15649595,EOA,>100K,87157,0.4484,359402652870.2044,96.9134
15871480,ALL,0–1,5934502,29.2271,1179004.450583,0.0002
15871480,ALL,100–1K,3345732,16.4775,1115946256.125483,0.2206
15871480,ALL,10K–100K,261190,1.2863,8297317109.332552,1.6403
15871480,ALL,1K–10K,902895,4.4467,2805284733.050496,0.5546
15871480,ALL,1–100,9762694,48.0807,255463678.858395,0.0505
15871480,ALL,>100K,97790,0.4816,493369747535.5705,97.5338
15871480,CA,0–1,246569,48.6006,32420.120343,0.0
15871480,CA,100–1K,50429,9.9399,18196496.342302,0.0145
15871480,CA,10K–100K,10886,2.1457,382994201.603998,0.305
15871480,CA,1K–10K,24345,4.7986,82677572.530285,0.0658
15871480,CA,1–100,165462,32.6138,3229742.860167,0.0026
15871480,CA,>100K,9646,1.9013,125090041892.29836,99.6121
15871480,EOA,0–1,5687933,28.7306,1146584.33024,0.0003
15871480,EOA,100–1K,3295303,16.6451,1097749759.783173,0.2887
15871480,EOA,10K–100K,250304,1.2643,7914322907.728552,2.0813
15871480,EOA,1K–10K,878550,4.4377,2722607160.520211,0.716
15871480,EOA,1–100,9597232,48.4771,252233935.998227,0.0663
15871480,EOA,>100K,88144,0.4452,368279705643.27246,96.8475
16086234,ALL,0–1,6015730,29.4048,989922.33961,0.0002
16086234,ALL,100–1K,3113195,15.2173,1027734520.433642,0.2319
16086234,ALL,10K–100K,257089,1.2566,8196173844.538849,1.8496
16086234,ALL,1K–10K,878951,4.2963,2731676526.414033,0.6164
16086234,ALL,1–100,10093034,49.3346,240138347.340248,0.0542
16086234,ALL,>100K,100310,0.4903,430936879564.52496,97.2476
16086234,CA,0–1,257794,49.463,32429.928865,0.0
16086234,CA,100–1K,49595,9.5158,17373119.511466,0.017
16086234,CA,10K–100K,10618,2.0373,373897979.934606,0.3658
16086234,CA,1K–10K,23943,4.5939,78459094.521424,0.0768
16086234,CA,1–100,169848,32.5887,3190639.32293,0.0031
16086234,CA,>100K,9388,1.8013,101732783465.28511,99.5373
16086234,EOA,0–1,5757936,28.8805,957492.410745,0.0003
16086234,EOA,100–1K,3063600,15.3663,1010361400.922181,0.2964
16086234,EOA,10K–100K,246471,1.2362,7822275864.604246,2.2944
16086234,EOA,1K–10K,855008,4.2885,2653217431.892607,0.7782
16086234,EOA,1–100,9923186,49.7724,236947708.01732,0.0695
16086234,EOA,>100K,90922,0.456,329204096099.23987,96.5612
16308190,ALL,0–1,6220582,30.6767,1077293.173178,0.0003
16308190,ALL,100–1K,2561215,12.6306,813142974.270644,0.2124
16308190,ALL,10K–100K,252480,1.2451,8034225978.472652,2.0991
16308190,ALL,1K–10K,836427,4.1248,2587300721.932298,0.676
16308190,ALL,1–100,10305757,50.8226,224873907.31474,0.0588
16308190,ALL,>100K,101426,0.5002,371089816397.3334,96.9535
16308190,CA,0–1,267100,49.8731,31953.40414,0.0
16308190,CA,100–1K,51034,9.5291,17655000.698704,0.0195
16308190,CA,10K–100K,10516,1.9636,368451339.932058,0.4065
16308190,CA,1K–10K,24140,4.5074,76399578.856674,0.0843
16308190,CA,1–100,173600,32.4147,3258645.244197,0.0036
16308190,CA,>100K,9169,1.712,90177938699.39568,99.4861
16308190,EOA,0–1,5953482,30.1559,1045339.769038,0.0004
16308190,EOA,100–1K,2510181,12.7147,795487973.571936,0.2723
16308190,EOA,10K–100K,241964,1.2256,7665774638.540594,2.6243
16308190,EOA,1K–10K,812287,4.1144,2510901143.075624,0.8596
16308190,EOA,1–100,10132157,51.322,221615262.070542,0.0759
16308190,EOA,>100K,92257,0.4673,280911877697.9382,96.1676
16530248,ALL,0–1,6072845,29.6774,1119976.908739,0.0002
16530248,ALL,100–1K,2754319,13.4601,887285517.937,0.1954
16530248,ALL,10K–100K,285324,1.3944,8885232183.73948,1.9563
16530248,ALL,1K–10K,980644,4.7923,3059815826.951822,0.6737
16530248,ALL,1–100,10256014,50.1202,243789138.244379,0.0537
16530248,ALL,>100K,113707,0.5557,441101839879.399,97.1207
16530248,CA,0–1,269659,49.0854,31409.589826,0.0
16530248,CA,100–1K,52912,9.6314,18043290.309834,0.0155
16530248,CA,10K–100K,11437,2.0819,403798518.70202,0.3474
16530248,CA,1K–10K,26583,4.8388,86136648.390266,0.0741
16530248,CA,1–100,178710,32.5302,3510053.955028,0.003
16530248,CA,>100K,10066,1.8323,115710880792.8934,99.5599
16530248,EOA,0–1,5803186,29.142,1088567.318912,0.0003
16530248,EOA,100–1K,2701407,13.5657,869242227.627168,0.2572
16530248,EOA,10K–100K,273887,1.3754,8481433665.037453,2.5096
16530248,EOA,1K–10K,954061,4.791,2973679178.561555,0.8799
16530248,EOA,1–100,10077304,50.6054,240279084.28935,0.0711
16530248,EOA,>100K,103641,0.5205,325390959086.5055,96.2819
16730072,ALL,0–1,6263241,30.3354,1218498.976421,0.0003
16730072,ALL,100–1K,2718011,13.1644,902276730.280408,0.1868
16730072,ALL,10K–100K,295034,1.429,9150179385.372854,1.8946
16730072,ALL,1K–10K,1022091,4.9504,3215329034.290135,0.6658
16730072,ALL,1–100,10231508,49.5553,250766009.997748,0.0519
16730072,ALL,>100K,116761,0.5655,469430554317.0185,97.2006
16730072,CA,0–1,275168,48.9312,32853.714019,0.0
16730072,CA,100–1K,55327,9.8384,19353136.762263,0.0149
16730072,CA,10K–100K,11691,2.0789,412775451.59117,0.3178
16730072,CA,1K–10K,26824,4.7699,89311336.230875,0.0688
16730072,CA,1–100,182770,32.5007,3719921.744884,0.0029
16730072,CA,>100K,10577,1.8808,129341066328.18816,99.5956
16730072,EOA,0–1,5988073,29.8147,1185645.262402,0.0003
16730072,EOA,100–1K,2662684,13.2575,882923593.518144,0.2501
16730072,EOA,10K–100K,283343,1.4108,8737403933.781687,2.4746
16730072,EOA,1K–10K,995267,4.9555,3126017698.059256,0.8853
16730072,EOA,1–100,10048738,50.0328,247046088.252863,0.07
16730072,EOA,>100K,106184,0.5287,340089487988.8308,96.3197
16950603,ALL,0–1,6249463,30.0867,1038959.224162,0.0002
16950603,ALL,100–1K,2716655,13.0788,883694942.30785,0.1785
16950603,ALL,10K–100K,289758,1.395,8880256998.88927,1.7935
16950603,ALL,1K–10K,1006092,4.8436,3150317535.866587,0.6363
16950603,ALL,1–100,10397109,50.0547,245006652.680495,0.0495
16950603,ALL,>100K,112418,0.5412,481973271345.84717,97.3421
16950603,CA,0–1,280841,48.7157,32267.149848,0.0
16950603,CA,100–1K,57747,10.017,19820915.006678,0.0153
16950603,CA,10K–100K,12105,2.0998,423071119.412581,0.3259
16950603,CA,1K–10K,28333,4.9147,94256751.573539,0.0726
16950603,CA,1–100,186913,32.4226,3772212.818285,0.0029
16950603,CA,>100K,10551,1.8302,129264416776.82066,99.5833
16950603,EOA,0–1,5968622,29.5549,1006692.074314,0.0003
16950603,EOA,100–1K,2658908,13.1662,863874027.301175,0.2365
16950603,EOA,10K–100K,277653,1.3749,8457185879.476689,2.315
16950603,EOA,1K–10K,977759,4.8416,3056060784.29305,0.8365
16950603,EOA,1–100,10210196,50.558,241234439.862209,0.066
16950603,EOA,>100K,101867,0.5044,352708854569.0268,96.5457
17162287,ALL,0–1,6339726,29.9996,1035244.899807,0.0002
17162287,ALL,100–1K,2823705,13.3618,913936159.980859,0.195
17162287,ALL,10K–100K,288573,1.3655,8836780090.14519,1.8857
17162287,ALL,1K–10K,990805,4.6885,3102365997.186946,0.662
17162287,ALL,1–100,10577173,50.0512,242532912.16999,0.0518
17162287,ALL,>100K,112733,0.5335,455523173463.3402,97.2053
17162287,CA,0–1,291490,48.8753,32937.448933,0.0
17162287,CA,100–1K,60348,10.1188,20658586.239549,0.016
17162287,CA,10K–100K,12550,2.1043,440418857.695882,0.3408
17162287,CA,1K–10K,29972,5.0255,100000260.892212,0.0774
17162287,CA,1–100,191480,32.1062,3878149.654597,0.003
17162287,CA,>100K,10555,1.7698,128668506273.43326,99.5628
17162287,EOA,0–1,6048236,29.4514,1002307.450874,0.0003
17162287,EOA,100–1K,2763357,13.456,893277573.741315,0.2632
17162287,EOA,10K–100K,276023,1.3441,8396361232.449307,2.474
17162287,EOA,1K–10K,960833,4.6787,3002365736.294737,0.8846
17162287,EOA,1–100,10385693,50.5723,238654762.51539,0.0703
17162287,EOA,>100K,102178,0.4975,326854667189.907,96.3076
17382266,ALL,0–1,6546819,30.4116,1066165.401884,0.0003
17382266,ALL,100–1K,2814397,13.0736,893024203.332562,0.2124
17382266,ALL,10K–100K,272750,1.267,8405679153.251438,1.9994
17382266,ALL,1K–10K,937259,4.3538,2933632104.18449,0.6978
17382266,ALL,1–100,10847132,50.3876,243710674.172679,0.058
17382266,ALL,>100K,109007,0.5064,407930880561.0458,97.0321
17382266,CA,0–1,308687,50.0814,32741.648422,0.0
17382266,CA,100–1K,56774,9.211,18645678.775986,0.0162
17382266,CA,10K–100K,12991,2.1077,450098698.145178,0.3915
17382266,CA,1K–10K,31684,5.1404,106286545.077127,0.0924
17382266,CA,1–100,195646,31.7416,3939713.980759,0.0034
17382266,CA,>100K,10589,1.718,114392662707.05524,99.4964
17382266,EOA,0–1,6238132,29.8318,1033423.753462,0.0003
17382266,EOA,100–1K,2757623,13.1874,874378524.556574,0.2863
17382266,EOA,10K–100K,259759,1.2422,7955580455.106258,2.6047
17382266,EOA,1K–10K,905575,4.3306,2827345559.107361,0.9257
17382266,EOA,1–100,10651486,50.9373,239770960.191919,0.0785
17382266,EOA,>100K,98418,0.4707,293538217853.9903,96.1046
17595510,ALL,0–1,6966330,32.4238,1316841.581477,0.0003
17595510,ALL,100–1K,2628456,12.2338,849987952.211974,0.204
17595510,ALL,10K–100K,268573,1.25,8379308359.754007,2.0106
17595510,ALL,1K–10K,902205,4.1992,2871288497.493054,0.689
17595510,ALL,1–100,10613437,49.3988,242254552.240654,0.0581
17595510,ALL,>100K,106204,0.4943,404408064224.7983,97.038
17595510,CA,0–1,323689,51.1627,35841.177773,0.0
17595510,CA,100–1K,53546,8.4635,17642849.094355,0.0157
17595510,CA,10K–100K,13164,2.0807,456828033.912993,0.4056
17595510,CA,1K–10K,32037,5.0638,109013843.207077,0.0968
17595510,CA,1–100,199717,31.5675,4131967.093298,0.0037
17595510,CA,>100K,10513,1.6617,112039248761.19194,99.4782
17595510,EOA,0–1,6642641,31.8553,1281000.403704,0.0004
17595510,EOA,100–1K,2574910,12.3482,832345103.117619,0.2737
17595510,EOA,10K–100K,255409,1.2248,7922480325.841017,2.605
17595510,EOA,1K–10K,870168,4.173,2762274654.285979,0.9083
17595510,EOA,1–100,10413720,49.9398,238122585.147356,0.0783
17595510,EOA,>100K,95691,0.4589,292368815463.60614,96.1343
17816434,ALL,0–1,7078542,32.3402,1294423.494856,0.0003
17816434,ALL,100–1K,2705710,12.3618,866884721.12306,0.1934
17816434,ALL,10K–100K,271202,1.2391,8483312320.675276,1.8925
17816434,ALL,1K–10K,913595,4.174,2909366192.899394,0.649
17816434,ALL,1–100,10812456,49.3996,244542858.128324,0.0546
17816434,ALL,>100K,106242,0.4854,435756317522.74194,97.2102
17816434,CA,0–1,338329,51.4466,35363.144475,0.0
17816434,CA,100–1K,54669,8.313,18019941.04503,0.0135
17816434,CA,10K–100K,13613,2.07,466553492.416154,0.3502
17816434,CA,1K–10K,35351,5.3755,117388590.596656,0.0881
17816434,CA,1–100,205096,31.187,4218988.599715,0.0032
17816434,CA,>100K,10574,1.6079,132604759728.90001,99.5449
17816434,EOA,0–1,6740213,31.7484,1259060.350381,0.0004
17816434,EOA,100–1K,2651041,12.4872,848864780.078031,0.2694
17816434,EOA,10K–100K,257589,1.2133,8016758828.259124,2.5446
17816434,EOA,1K–10K,878244,4.1368,2791977602.302736,0.8862
17816434,EOA,1–100,10607360,49.9637,240323869.528607,0.0763
17816434,EOA,>100K,95668,0.4506,303151557793.8418,96.2231
18037988,ALL,0–1,7300902,33.006,1281479.31195,0.0003
18037988,ALL,100–1K,2611180,11.8047,838618642.672977,0.2133
18037988,ALL,10K–100K,258710,1.1696,8148495791.790791,2.0725
18037988,ALL,1K–10K,873239,3.9477,2778410916.302887,0.7067
18037988,ALL,1–100,10973531,49.6093,260229612.758257,0.0662
18037988,ALL,>100K,102365,0.4628,381139423673.9474,96.941
18037988,CA,0–1,357773,52.8032,38618.300571,0.0
18037988,CA,100–1K,52959,7.8161,17747340.743681,0.0156
18037988,CA,10K–100K,13150,1.9408,455017372.69372,0.3991
18037988,CA,1K–10K,35667,5.264,115340861.884209,0.1012
18037988,CA,1–100,207652,30.6471,4243607.229707,0.0037
18037988,CA,>100K,10358,1.5287,113407937448.23232,99.4804
18037988,EOA,0–1,6943129,32.3804,1242861.011379,0.0004
18037988,EOA,100–1K,2558221,11.9307,820871301.929296,0.294
18037988,EOA,10K–100K,245560,1.1452,7693478419.097067,2.7559
18037988,EOA,1K–10K,837572,3.9062,2663070054.418679,0.9539
18037988,EOA,1–100,10765879,50.2084,255986005.52855,0.0917
18037988,EOA,>100K,92007,0.4291,267731486225.71497,95.904
18251965,ALL,0–1,7232474,32.4579,1132271.510413,0.0003
18251965,ALL,100–1K,2660819,11.9412,834137689.058357,0.2048
18251965,ALL,10K–100K,261994,1.1758,8117576814.660454,1.9933
18251965,ALL,1K–10K,884345,3.9688,2799269431.415455,0.6874
18251965,ALL,1–100,11139373,49.9914,247563975.402544,0.0608
18251965,ALL,>100K,103592,0.4649,395246340372.0112,97.0535
18251965,CA,0–1,368137,52.7876,36456.37616,0.0
18251965,CA,100–1K,53560,7.68,17555959.311025,0.0145
18251965,CA,10K–100K,13400,1.9214,458974819.678924,0.379
18251965,CA,1K–10K,37109,5.3211,117721171.653461,0.0972
18251965,CA,1–100,214729,30.7902,4291266.838619,0.0035
18251965,CA,>100K,10458,1.4996,120515577334.672,99.5058
18251965,EOA,0–1,6864337,31.8011,1095815.134253,0.0004
18251965,EOA,100–1K,2607259,12.0789,816581729.747335,0.2854
18251965,EOA,10K–100K,248594,1.1517,7658601994.981529,2.6766
18251965,EOA,1K–10K,847236,3.9251,2681548259.761987,0.9372
18251965,EOA,1–100,10924644,50.6117,243272708.563928,0.085
18251965,EOA,>100K,93134,0.4315,274730763037.33914,96.0154
18473543,ALL,0–1,7326198,32.6018,1266118.661625,0.0003
18473543,ALL,100–1K,2732039,12.1577,861599733.683906,0.191
18473543,ALL,10K–100K,283934,1.2635,8643601003.432497,1.916
18473543,ALL,1K–10K,956431,4.2561,3033009074.290954,0.6723
18473543,ALL,1–100,11064982,49.2395,249787760.841345,0.0554
18473543,ALL,>100K,108164,0.4813,438347432516.99524,97.1651
18473543,CA,0–1,379076,52.7664,36889.57795,0.0
18473543,CA,100–1K,56708,7.8936,18829966.335976,0.0138
18473543,CA,10K–100K,13978,1.9457,478206446.081309,0.35
18473543,CA,1K–10K,38224,5.3207,122604235.516714,0.0897
18473543,CA,1–100,219639,30.5732,4477196.094061,0.0033
18473543,CA,>100K,10779,1.5004,135988241939.75319,99.5431
18473543,EOA,0–1,6947122,31.9359,1229229.083675,0.0004
18473543,EOA,100–1K,2675331,12.2985,842769767.347935,0.268
18473543,EOA,10K–100K,269956,1.241,8165394557.351189,2.5961
18473543,EOA,1K–10K,918207,4.221,2910404838.774238,0.9253
18473543,EOA,1–100,10845343,49.856,245310564.747283,0.078
18473543,EOA,>100K,97385,0.4477,302359190577.2423,96.1322
18687851,ALL,0–1,7445867,32.4487,1396887.74785,0.0003
18687851,ALL,100–1K,2879930,12.5506,934959172.849225,0.1804
18687851,ALL,10K–100K,314625,1.3711,9536061865.516178,1.8398
18687851,ALL,1K–10K,1053940,4.593,3392849777.815776,0.6546
18687851,ALL,1–100,11135874,48.5296,264773102.932441,0.0511
18687851,ALL,>100K,116332,0.507,504181510073.4936,97.2738
18687851,CA,0–1,387416,52.5886,37460.892292,0.0
18687851,CA,100–1K,60954,8.274,20147621.962601,0.0123
18687851,CA,10K–100K,14668,1.9911,501600679.227156,0.3051
18687851,CA,1K–10K,40223,5.4599,132798745.719148,0.0808
18687851,CA,1–100,221738,30.0991,4654970.036831,0.0028
18687851,CA,>100K,11693,1.5872,163760609434.941,99.5991
18687851,EOA,0–1,7058451,31.7807,1359426.855559,0.0004
18687851,EOA,100–1K,2818976,12.6924,914811550.886623,0.2585
18687851,EOA,10K–100K,299957,1.3506,9034461186.289013,2.5529
18687851,EOA,1K–10K,1013717,4.5643,3260051032.096624,0.9212
18687851,EOA,1–100,10914136,49.1409,260118132.895613,0.0735
18687851,EOA,>100K,104639,0.4711,340420900638.5525,96.1935
18908895,ALL,0–1,7442469,31.8544,1657110.224921,0.0003
18908895,ALL,100–1K,3043366,13.0259,1002750955.664535,0.1684
18908895,ALL,10K–100K,341661,1.4623,10306937459.47376,1.7314
18908895,ALL,1K–10K,1136677,4.8651,3663592198.564852,0.6154
18908895,ALL,1–100,11281112,48.2842,281313486.073298,0.0473
18908895,ALL,>100K,118709,0.5081,580039333265.3871,97.4372
18908895,CA,0–1,393938,52.8002,39155.5154,0.0
18908895,CA,100–1K,61314,8.218,20698066.396512,0.0105
18908895,CA,10K–100K,15248,2.0437,526690513.610304,0.2671
18908895,CA,1K–10K,40779,5.4657,138667009.852027,0.0703
18908895,CA,1–100,222511,29.8235,4817150.142882,0.0024
18908895,CA,>100K,12302,1.6489,196515127526.4755,99.6496
18908895,EOA,0–1,7048531,31.1635,1617954.709521,0.0004
18908895,EOA,100–1K,2982052,13.1845,982052889.268022,0.2467
18908895,EOA,10K–100K,326413,1.4432,9780246945.863474,2.4568
18908895,EOA,1K–10K,1095898,4.8453,3524925188.712823,0.8855
18908895,EOA,1–100,11058601,48.8931,276496335.930414,0.0695
18908895,EOA,>100K,106407,0.4705,383524205738.9113,96.3412
19129889,ALL,0–1,7582504,30.5009,1618781.907103,0.0003
19129889,ALL,100–1K,3183735,12.8067,1044157382.353629,0.1815
19129889,ALL,10K–100K,335407,1.3492,10166729973.001677,1.7672
19129889,ALL,1K–10K,1136803,4.5728,3680777163.365093,0.6398
19129889,ALL,1–100,12505009,50.3019,289098860.477025,0.0503
19129889,ALL,>100K,116472,0.4685,560111696219.0491,97.3609
19129889,CA,0–1,402760,52.8756,40258.826119,0.0
19129889,CA,100–1K,61878,8.1235,21149928.391688,0.0107
19129889,CA,10K–100K,15309,2.0098,531552611.470715,0.2697
19129889,CA,1K–10K,41074,5.3923,140847138.259265,0.0715
19129889,CA,1–100,228278,29.969,4904312.486254,0.0025
19129889,CA,>100K,12414,1.6297,196427033010.8333,99.6457
19129889,EOA,0–1,7179744,29.7937,1578523.080983,0.0004
19129889,EOA,100–1K,3121857,12.9547,1023007453.96194,0.2705
19129889,EOA,10K–100K,320098,1.3283,9635177361.530966,2.5479
19129889,EOA,1K–10K,1095729,4.5469,3539930025.105829,0.9361
19129889,EOA,1–100,12276731,50.9446,284194547.99077,0.0752
19129889,EOA,>100K,104058,0.4318,363684663208.21564,96.17
19336607,ALL,0–1,7348029,28.9222,1516898.014873,0.0002
19336607,ALL,100–1K,3594417,14.1478,1199565899.520744,0.1401
19336607,ALL,10K–100K,414979,1.6334,12454653873.054703,1.4549
19336607,ALL,1K–10K,1349494,5.3117,4419293870.049719,0.5162
19336607,ALL,1–100,12564988,49.4563,329522014.810657,0.0385
19336607,ALL,>100K,134314,0.5287,837662760095.1807,97.8501
19336607,CA,0–1,403445,51.9834,39570.731301,0.0
19336607,CA,100–1K,67777,8.733,23419362.535599,0.0073
19336607,CA,10K–100K,17623,2.2707,602030229.522419,0.1866
19336607,CA,1K–10K,43848,5.6498,165449150.268158,0.0513
19336607,CA,1–100,228977,29.5034,5368848.030784,0.0017
19336607,CA,>100K,14434,1.8598,321825540671.5729,99.7532
19336607,EOA,0–1,6944584,28.1955,1477327.283572,0.0003
19336607,EOA,100–1K,3526640,14.3184,1176146536.985157,0.2205
19336607,EOA,10K–100K,397356,1.6133,11852623643.532286,2.2219
19336607,EOA,1K–10K,1305646,5.301,4253844719.781559,0.7974
19336607,EOA,1–100,12336011,50.0851,324153166.779888,0.0608
19336607,EOA,>100K,119880,0.4867,515837219423.6082,96.6991
19557289,ALL,0–1,7339163,27.9777,1624151.060519,0.0002
19557289,ALL,100–1K,4205210,16.0308,1395147687.527057,0.1353
19557289,ALL,10K–100K,494243,1.8841,14745399482.971363,1.4305
19557289,ALL,1K–10K,1615803,6.1596,5226421580.158669,0.507
19557289,ALL,1–100,12436355,47.4088,359152892.642976,0.0348
19557289,ALL,>100K,141370,0.5389,1009045140514.3212,97.8921
19557289,CA,0–1,406388,51.708,38978.458887,0.0
19557289,CA,100–1K,73209,9.315,25371628.799866,0.0066
19557289,CA,10K–100K,18441,2.3464,625332213.668177,0.1628
19557289,CA,1K–10K,44402,5.6496,168539286.020991,0.0439
19557289,CA,1–100,227893,28.9966,5433448.403459,0.0014
19557289,CA,>100K,15596,1.9844,383360401003.3528,99.7853
19557289,EOA,0–1,6932775,27.2448,1585172.601633,0.0002
19557289,EOA,100–1K,4132001,16.2382,1369776058.727193,0.2118
19557289,EOA,10K–100K,475802,1.8698,14120067269.303185,2.1838
19557289,EOA,1K–10K,1571401,6.1754,5057882294.137681,0.7822
19557289,EOA,1–100,12208462,47.9775,353719444.23952,0.0547
19557289,EOA,>100K,125774,0.4943,625684739510.9692,96.7672
19771560,ALL,0–1,7883275,29.5263,1637030.958593,0.0002
19771560,ALL,100–1K,3864834,14.4755,1287619371.832995,0.1614
19771560,ALL,10K–100K,396697,1.4858,11718941354.79814,1.4686
19771560,ALL,1K–10K,1416810,5.3066,4526114552.871604,0.5672
19771560,ALL,1–100,13030491,48.8049,345071918.932061,0.0432
19771560,ALL,>100K,107059,0.401,780062193965.4163,97.7593
19771560,CA,0–1,410487,51.4745,38567.969007,0.0
19771560,CA,100–1K,73447,9.2102,25582385.297441,0.0087
19771560,CA,10K–100K,17813,2.2337,614091613.425186,0.2095
19771560,CA,1K–10K,44889,5.629,163120141.373235,0.0557
19771560,CA,1–100,236170,29.6154,5406257.167825,0.0018
19771560,CA,>100K,14651,1.8372,292299324886.052,99.7243
19771560,EOA,0–1,7472788,28.8506,1598462.989587,0.0003
19771560,EOA,100–1K,3791387,14.6376,1262036986.53555,0.25
19771560,EOA,10K–100K,378884,1.4628,11104849741.372953,2.1997
19771560,EOA,1K–10K,1371921,5.2966,4362994411.498367,0.8642
19771560,EOA,1–100,12794321,49.3957,339665661.764239,0.0673
19771560,EOA,>100K,92408,0.3568,487762869079.36395,96.6185
19993250,ALL,0–1,8019671,29.6256,1670813.858762,0.0002
19993250,ALL,100–1K,3974567,14.6825,1338714728.922592,0.1459
19993250,ALL,10K–100K,445051,1.6441,13162154688.036133,1.4349
19993250,ALL,1K–10K,1520757,5.6179,4912563167.753825,0.5355
19993250,ALL,1–100,12992746,47.9967,393842644.257686,0.0429
19993250,ALL,>100K,117296,0.4333,897492425491.8495,97.8405
19993250,CA,0–1,416584,51.5627,39225.781639,0.0
19993250,CA,100–1K,73718,9.1245,25397620.515105,0.0075
19993250,CA,10K–100K,19670,2.4347,658156759.151645,0.1943
19993250,CA,1K–10K,46660,5.7753,179038071.225563,0.0529
19993250,CA,1–100,235842,29.1914,5621312.213422,0.0017
19993250,CA,>100K,15443,1.9115,337866702279.83624,99.7437
19993250,EOA,0–1,7603087,28.9507,1631588.077123,0.0003
19993250,EOA,100–1K,3900849,14.8535,1313317108.40749,0.227
19993250,EOA,10K–100K,425381,1.6197,12503997928.884499,2.1612
19993250,EOA,1K–10K,1474097,5.613,4733525096.528261,0.8181
19993250,EOA,1–100,12756904,48.5752,388221332.04426,0.0671
19993250,EOA,>100K,101853,0.3878,559625723212.0135,96.7263
20207949,ALL,0–1,8426002,30.8077,1670902.4198,0.0002
20207949,ALL,100–1K,3785092,13.8393,1265770403.184719,0.1593
20207949,ALL,10K–100K,390387,1.4274,11580404469.409191,1.4576
20207949,ALL,1K–10K,1371764,5.0155,4397226591.867005,0.5535
20207949,ALL,1–100,13270194,48.5194,365682779.935651,0.046
20207949,ALL,>100K,106833,0.3906,776876685703.62,97.7834
20207949,CA,0–1,431692,52.7223,40557.117246,0.0
20207949,CA,100–1K,72143,8.8108,24679210.574711,0.0089
20207949,CA,10K–100K,18879,2.3057,639013687.245033,0.231
20207949,CA,1K–10K,46075,5.6271,174087622.405818,0.0629
20207949,CA,1–100,235177,28.722,5372472.794749,0.0019
20207949,CA,>100K,14838,1.8122,275827139109.7239,99.6952
20207949,EOA,0–1,7994310,30.1314,1630345.302555,0.0003
20207949,EOA,100–1K,3712949,13.9945,1241091192.610006,0.2397
20207949,EOA,10K–100K,371508,1.4003,10941390782.164156,2.113
20207949,EOA,1K–10K,1325689,4.9967,4223138969.46119,0.8156
20207949,EOA,1–100,13035017,49.1304,360310307.1409,0.0696
20207949,EOA,>100K,91995,0.3467,501049546593.89557,96.7619
20429973,ALL,0–1,8958549,32.3321,1942825.977898,0.0003
20429973,ALL,100–1K,3761919,13.577,1246137097.265295,0.1623
20429973,ALL,10K–100K,366730,1.3236,10907698836.200434,1.4206
20429973,ALL,1K–10K,1330916,4.8034,4227341185.941026,0.5506
20429973,ALL,1–100,13187118,47.5933,353815211.542614,0.0461
20429973,ALL,>100K,102702,0.3707,751098311759.0492,97.8202
20429973,CA,0–1,444802,53.124,40706.276336,0.0
20429973,CA,100–1K,71668,8.5595,24303224.567238,0.0088
20429973,CA,10K–100K,18566,2.2174,624815463.0926,0.2255
20429973,CA,1K–10K,48125,5.7477,179199631.991389,0.0647
20429973,CA,1–100,239370,28.5887,5376290.951867,0.0019
20429973,CA,>100K,14759,1.7627,276275209428.90753,99.6991
20429973,EOA,0–1,8513747,31.6842,1902119.701562,0.0004
20429973,EOA,100–1K,3690251,13.7334,1221833872.698051,0.249
20429973,EOA,10K–100K,348164,1.2957,10282883373.107832,2.0954
20429973,EOA,1K–10K,1282791,4.7739,4048141553.949637,0.8249
20429973,EOA,1–100,12947748,48.1855,348438920.590748,0.071
20429973,EOA,>100K,87943,0.3273,474823102330.1412,96.7593
20651994,ALL,0–1,9535648,33.9932,2103364.512063,0.0003
20651994,ALL,100–1K,3628523,12.9351,1203053024.183646,0.1758
20651994,ALL,10K–100K,329613,1.175,9826817288.169874,1.4362
20651994,ALL,1K–10K,1255643,4.4762,3921897422.90647,0.5732
20651994,ALL,1–100,13209111,47.0885,343848242.21707,0.0503
20651994,ALL,>100K,93133,0.332,668914032413.8748,97.7642
20651994,CA,0–1,473394,54.9858,43785.731043,0.0
20651994,CA,100–1K,69721,8.0983,23258681.504769,0.0098
20651994,CA,10K–100K,17548,2.0382,604570208.239678,0.2552
20651994,CA,1K–10K,48619,5.6472,168359905.487459,0.0711
20651994,CA,1–100,237879,27.6302,5049869.913803,0.0021
20651994,CA,>100K,13777,1.6002,236084165500.5641,99.6617
20651994,EOA,0–1,9062254,33.3285,2059578.781019,0.0005
20651994,EOA,100–1K,3558802,13.0883,1179794342.678882,0.2637
20651994,EOA,10K–100K,312065,1.1477,9222247079.930199,2.0616
20651994,EOA,1K–10K,1207024,4.4391,3753537517.419019,0.8391
20651994,EOA,1–100,12971232,47.7046,338798372.30327,0.0757
20651994,EOA,>100K,79356,0.2918,432829866913.31067,96.7593
20866919,ALL,0–1,9277191,32.5219,1869667.216927,0.0002
20866919,ALL,100–1K,3948070,13.8403,1310174558.551338,0.1705
20866919,ALL,10K–100K,375088,1.3149,11006382681.285847,1.4325
20866919,ALL,1K–10K,1395739,4.8929,4348473460.802331,0.5659
20866919,ALL,1–100,13423708,47.0578,347085002.376116,0.0452
20866919,ALL,>100K,106201,0.3723,751346308945.928,97.7857
20866919,CA,0–1,475610,54.2012,44868.290225,0.0
20866919,CA,100–1K,81634,9.3031,29117858.098898,0.0115
20866919,CA,10K–100K,18539,2.1127,626046673.234147,0.2467
20866919,CA,1K–10K,50788,5.7879,176599407.30769,0.0696
20866919,CA,1–100,236395,26.9399,5048775.457948,0.002
20866919,CA,>100K,14523,1.6551,252897982854.83585,99.6702
20866919,EOA,0–1,8801581,31.8338,1824798.926702,0.0004
20866919,EOA,100–1K,3866436,13.9842,1281056700.452447,0.2489
20866919,EOA,10K–100K,356549,1.2896,10380336008.051702,2.0171
20866919,EOA,1K–10K,1344951,4.8645,4171874053.494636,0.8107
20866919,EOA,1–100,13187313,47.6963,342036226.918167,0.0665
20866919,EOA,>100K,91678,0.3316,498448326091.0913,96.8565
21089069,ALL,0–1,9611889,33.2723,2002041.886008,0.0003
21089069,ALL,100–1K,3769479,13.0484,1256759831.611139,0.1588
21089069,ALL,10K–100K,365471,1.2651,10886998017.691048,1.376
21089069,ALL,1K–10K,1360697,4.7102,4272437999.1993,0.54
21089069,ALL,1–100,13677354,47.3453,346191156.729918,0.0438
21089069,ALL,>100K,103653,0.3588,774432302564.7742,97.8811
21089069,CA,0–1,489861,55.3798,48190.794382,0.0
21089069,CA,100–1K,71622,8.097,24088372.116824,0.0098
21089069,CA,10K–100K,18686,2.1125,635599746.336813,0.2586
21089069,CA,1K–10K,51966,5.8749,182067079.882799,0.0741
21089069,CA,1–100,237924,26.8978,5205372.555499,0.0021
21089069,CA,>100K,14489,1.638,244920011866.9542,99.6554
21089069,EOA,0–1,9122028,32.574,1953851.091626,0.0004
21089069,EOA,100–1K,3697857,13.2047,1232671459.494311,0.226
21089069,EOA,10K–100K,346785,1.2383,10251398271.354223,1.8795
21089069,EOA,1K–10K,1308731,4.6734,4090370919.316509,0.7499
21089069,EOA,1–100,13439430,47.9911,340985784.174421,0.0625
21089069,EOA,>100K,89164,0.3184,529512290697.821,97.0817
21303934,ALL,0–1,8392760,28.5358,1333962.556612,0.0001
21303934,ALL,100–1K,4177563,14.2039,1379899708.858373,0.1167
21303934,ALL,10K–100K,479074,1.6289,14161495585.681084,1.1975
21303934,ALL,1K–10K,1623812,5.521,5181629227.495114,0.4382
21303934,ALL,1–100,14607683,49.6668,377749773.307742,0.0319
21303934,ALL,>100K,130456,0.4436,1161462244216.176,98.2156
21303934,CA,0–1,484064,54.6919,44224.747011,0.0
21303934,CA,100–1K,72471,8.1881,25130825.602163,0.0072
21303934,CA,10K–100K,21344,2.4115,699756883.542679,0.2007
21303934,CA,1K–10K,54701,6.1804,211267497.575085,0.0606
21303934,CA,1–100,236109,26.6767,5359726.264653,0.0015
21303934,CA,>100K,16386,1.8514,347659402367.73175,99.7299
21303934,EOA,0–1,7908696,27.7243,1289737.809601,0.0002
21303934,EOA,100–1K,4105092,14.3906,1354768883.256215,0.1624
21303934,EOA,10K–100K,457730,1.6046,13461738702.138403,1.6142
21303934,EOA,1K–10K,1569111,5.5006,4970361729.920031,0.596
21303934,EOA,1–100,14371574,50.3801,372390047.043088,0.0447
21303934,EOA,>100K,114070,0.3999,813802841848.4441,97.5826
21525891,ALL,0–1,9236024,30.7681,1801971.456242,0.0002
21525891,ALL,100–1K,4065694,13.5441,1363591040.644097,0.12
21525891,ALL,10K–100K,461537,1.5375,13750686290.594658,1.2098
21525891,ALL,1K–10K,1573709,5.2425,5023933667.244006,0.442
21525891,ALL,1–100,14553957,48.4838,388168314.480571,0.0342
21525891,ALL,>100K,127234,0.4239,1116068747856.1345,98.1939
21525891,CA,0–1,492980,55.0496,45246.810385,0.0
21525891,CA,100–1K,71113,7.941,24767805.888511,0.0078
21525891,CA,10K–100K,20518,2.2912,689385596.736361,0.2172
21525891,CA,1K–10K,54685,6.1065,204196093.897873,0.0643
21525891,CA,1–100,240058,26.8066,5421727.486365,0.0017
21525891,CA,>100K,16165,1.8051,316418135319.8124,99.7089
21525891,EOA,0–1,8743044,30.0215,1756724.645858,0.0002
21525891,EOA,100–1K,3994581,13.7164,1338823234.755583,0.1634
21525891,EOA,10K–100K,441019,1.5144,13061300693.8583,1.5943
21525891,EOA,1K–10K,1519024,5.216,4819737573.346136,0.5883
21525891,EOA,1–100,14313899,49.1504,382746586.994215,0.0467
21525891,EOA,>100K,111069,0.3814,799650612536.3221,97.607
21747950,ALL,0–1,10206811,33.347,2347421.892405,0.0002
21747950,ALL,100–1K,4072709,13.3061,1360292239.269027,0.1143
21747950,ALL,10K–100K,437839,1.4305,13055878370.800844,1.0974
21747950,ALL,1K–10K,1523211,4.9765,4833369396.933299,0.4063
21747950,ALL,1–100,14244279,46.5379,376471446.911831,0.0316
21747950,ALL,>100K,123044,0.402,1170043468870.4324,98.3501
21747950,CA,0–1,509541,55.7193,46144.318797,0.0
21747950,CA,100–1K,70664,7.7272,24839450.903707,0.008
21747950,CA,10K–100K,20065,2.1941,679352395.556266,0.2191
21747950,CA,1K–10K,54571,5.9674,202963861.615002,0.0654
21747950,CA,1–100,243642,26.6427,5627683.137116,0.0018
21747950,CA,>100K,15995,1.7491,309201681429.6483,99.7056
21747950,EOA,0–1,9697270,32.658,2301277.573608,0.0003
21747950,EOA,100–1K,4002045,13.4779,1335452788.365322,0.1518
21747950,EOA,10K–100K,417774,1.407,12376525975.24458,1.4071
21747950,EOA,1K–10K,1468640,4.946,4630405535.318292,0.5264
21747950,EOA,1–100,14000637,47.1506,370843763.774713,0.0422
21747950,EOA,>100K,107049,0.3605,860841787440.7837,97.8722
21948292,ALL,0–1,10963454,35.3594,2213069.346022,0.0002
21948292,ALL,100–1K,3818844,12.3166,1259726413.953257,0.1343
21948292,ALL,10K–100K,354567,1.1436,10652393921.41352,1.1352
21948292,ALL,1K–10K,1337945,4.3152,4143358019.066952,0.4416
21948292,ALL,1–100,14428331,46.5344,340779965.456253,0.0363
21948292,ALL,>100K,102608,0.3309,921941244309.983,98.2524
21948292,CA,0–1,529335,56.9886,46524.210748,0.0
21948292,CA,100–1K,68753,7.402,23730152.972375,0.0099
21948292,CA,10K–100K,17878,1.9248,624111243.407724,0.2606
21948292,CA,1K–10K,52870,5.692,174248394.715457,0.0728
21948292,CA,1–100,245713,26.4536,5097573.280148,0.0021
21948292,CA,>100K,14295,1.539,238662306473.49844,99.6546
21948292,EOA,0–1,10434119,34.6915,2166545.135275,0.0003
21948292,EOA,100–1K,3750091,12.4683,1235996260.980883,0.1769
21948292,EOA,10K–100K,336689,1.1194,10028282678.005783,1.435
21948292,EOA,1K–10K,1285075,4.2726,3969109624.351492,0.5679
21948292,EOA,1–100,14182618,47.1545,335682392.176103,0.048
21948292,EOA,>100K,88313,0.2936,683278937836.4846,97.7719
22170335,ALL,0–1,11503510,36.4618,2153889.509376,0.0002
22170335,ALL,100–1K,3713895,11.7717,1214449845.815366,0.1353
22170335,ALL,10K–100K,322751,1.023,9712518213.111397,1.0819
22170335,ALL,1K–10K,1253100,3.9719,3822411736.386774,0.4258
22170335,ALL,1–100,14659605,46.4655,331562115.24125,0.0369
22170335,ALL,>100K,96608,0.3062,882651512283.4282,98.3199
22170335,CA,0–1,543070,57.6157,47577.846801,0.0
22170335,CA,100–1K,67027,7.1111,23661331.803297,0.0114
22170335,CA,10K–100K,16931,1.7963,594253617.407333,0.2871
22170335,CA,1K–10K,51238,5.436,159277328.969716,0.0769
22170335,CA,1–100,250843,26.6126,5054624.276564,0.0024
22170335,CA,>100K,13464,1.4284,206210158411.03537,99.6221
22170335,EOA,0–1,10960440,35.8104,2106311.662575,0.0003
22170335,EOA,100–1K,3646868,11.9152,1190788514.012071,0.1724
22170335,EOA,10K–100K,305820,0.9992,9118264595.704067,1.3201
22170335,EOA,1K–10K,1201862,3.9268,3663134407.417053,0.5303
22170335,EOA,1–100,14408762,47.0768,326507490.964689,0.0473
22170335,EOA,>100K,83144,0.2717,676441353872.3928,97.9296
22385294,ALL,0–1,11560987,36.0675,2064889.896178,0.0002
22385294,ALL,100–1K,3868050,12.0674,1240569225.802772,0.1343
22385294,ALL,10K–100K,342279,1.0678,10231195028.29059,1.1077
22385294,ALL,1K–10K,1315739,4.1048,4000496321.449249,0.4331
22385294,ALL,1–100,14865938,46.3781,329027181.478559,0.0356
22385294,ALL,>100K,100802,0.3145,907879072979.671,98.2891
22385294,CA,0–1,550245,58.0518,45346.406865,0.0
22385294,CA,100–1K,65971,6.9601,22866575.226929,0.011
22385294,CA,10K–100K,17057,1.7995,593413867.894289,0.2842
22385294,CA,1K–10K,50199,5.2961,156201228.251946,0.0748
22385294,CA,1–100,250741,26.4536,4871689.279821,0.0023
22385294,CA,>100K,13638,1.4388,208033231870.15793,99.6277
22385294,EOA,0–1,11010742,35.3975,2019543.489313,0.0003
22385294,EOA,100–1K,3802079,12.223,1217702650.575841,0.1703
22385294,EOA,10K–100K,325222,1.0455,9637781160.396296,1.3482
22385294,EOA,1K–10K,1265540,4.0685,3844295093.197298,0.5378
22385294,EOA,1–100,14615197,46.9852,324155492.198747,0.0453
22385294,EOA,>100K,87164,0.2802,699845841109.5127,97.8981
22606143,ALL,0–1,11906068,36.4004,2028008.730887,0.0002
22606143,ALL,100–1K,3945112,12.0614,1270519829.844737,0.1196
22606143,ALL,10K–100K,360260,1.1014,10739268951.858564,1.011
22606143,ALL,1K–10K,1363593,4.1689,4167527865.097751,0.3923
22606143,ALL,1–100,15027271,45.9428,354581737.203678,0.0334
22606143,ALL,>100K,106342,0.3251,1045687104966.5991,98.4435
22606143,CA,0–1,550704,57.3768,48014.909576,0.0
22606143,CA,100–1K,68443,7.1309,23284676.360026,0.0106
22606143,CA,10K–100K,18213,1.8976,627879363.841106,0.2858
22606143,CA,1K–10K,54011,5.6273,182186658.776081,0.0829
22606143,CA,1–100,254111,26.4753,5210366.937384,0.0024
22606143,CA,>100K,14321,1.4921,218878318223.3417,99.6183
22606143,EOA,0–1,11355364,35.7662,1979993.821311,0.0002
22606143,EOA,100–1K,3876669,12.2104,1247235153.484716,0.148
22606143,EOA,10K–100K,342047,1.0774,10111389588.017454,1.2002
22606143,EOA,1K–10K,1309582,4.1248,3985341206.321669,0.473
22606143,EOA,1–100,14773160,46.5313,349371370.266291,0.0415
22606143,EOA,>100K,92021,0.2898,826808786743.2562,98.1371
22820674,ALL,0–1,12306468,36.9224,2043397.47457,0.0002
22820674,ALL,100–1K,3940842,11.8235,1263640520.629097,0.1167
22820674,ALL,10K–100K,352239,1.0568,10507813783.493011,0.9703
22820674,ALL,1K–10K,1337140,4.0118,4057608393.885258,0.3747
22820674,ALL,1–100,15289037,45.8709,345299120.026876,0.0319
22820674,ALL,>100K,104859,0.3146,1066765171540.3385,98.5063
22820674,CA,0–1,561058,57.5158,48993.769335,0.0
22820674,CA,100–1K,68226,6.9941,22923715.115164,0.0106
22820674,CA,10K–100K,17973,1.8425,620698281.061839,0.2859
22820674,CA,1K–10K,53977,5.5334,180100630.255748,0.083
22820674,CA,1–100,260272,26.6813,5322482.796134,0.0025
22820674,CA,>100K,13979,1.433,216262444590.89105,99.6181
22820674,EOA,0–1,11745410,36.3016,1994403.705234,0.0002
22820674,EOA,100–1K,3872616,11.9691,1240716805.513932,0.1433
22820674,EOA,10K–100K,334266,1.0331,9887115502.431189,1.1419
22820674,EOA,1K–10K,1283163,3.9659,3877507763.629508,0.4478
22820674,EOA,1–100,15028765,46.4494,339976637.230735,0.0393
22820674,EOA,>100K,90880,0.2809,850502726949.4462,98.2275
23042514,ALL,0–1,12545729,37.0306,2317434.71103,0.0002
23042514,ALL,100–1K,4075323,12.0289,1342999728.427175,0.1024
23042514,ALL,10K–100K,390333,1.1521,11741816930.322939,0.8957
23042514,ALL,1K–10K,1400996,4.1353,4375352955.949391,0.3338
23042514,ALL,1–100,15353226,45.3174,363733995.350673,0.0277
23042514,ALL,>100K,113742,0.3357,1293073831614.739,98.6402
23042514,CA,0–1,568638,56.9546,51461.203983,0.0
23042514,CA,100–1K,71630,7.1744,24675986.486468,0.0093
23042514,CA,10K–100K,20034,2.0066,675432282.647063,0.2551
23042514,CA,1K–10K,55495,5.5584,209990835.455068,0.0793
23042514,CA,1–100,267482,26.7909,6011125.821111,0.0023
23042514,CA,>100K,15127,1.5151,263888361082.9476,99.654
23042514,EOA,0–1,11977091,36.4256,2265973.507047,0.0002
23042514,EOA,100–1K,4003693,12.1763,1318323741.940706,0.126
23042514,EOA,10K–100K,370299,1.1262,11066384647.675877,1.0579
23042514,EOA,1K–10K,1345501,4.092,4165362120.494321,0.3982
23042514,EOA,1–100,15085744,45.8799,357722869.529565,0.0342
23042514,EOA,>100K,98615,0.2999,1029185470531.7909,98.3835
23264566,ALL,0–1,13249559,37.778,2206659.891947,0.0002
23264566,ALL,100–1K,4194044,11.9583,1354959222.829018,0.0962
23264566,ALL,10K–100K,406007,1.1576,12182552700.730146,0.8648
23264566,ALL,1K–10K,1449983,4.1343,4503977302.503967,0.3197
23264566,ALL,1–100,15653173,44.6313,366742486.859498,0.026
23264566,ALL,>100K,119386,0.3404,1390361244303.132,98.6932
23264566,CA,0–1,589071,56.9427,51259.942384,0.0
23264566,CA,100–1K,75401,7.2887,25758436.735942,0.0083
23264566,CA,10K–100K,21091,2.0388,703574729.556476,0.2256
23264566,CA,1K–10K,57318,5.5407,226730808.126507,0.0727
23264566,CA,1–100,275936,26.6734,6315399.217182,0.002
23264566,CA,>100K,15681,1.5158,310896531728.06085,99.6914
23264566,EOA,0–1,12660488,37.1955,2155399.949563,0.0002
23264566,EOA,100–1K,4118643,12.1003,1329200786.093082,0.1212
23264566,EOA,10K–100K,384916,1.1309,11478977971.173672,1.0465
23264566,EOA,1K–10K,1392665,4.0915,4277246494.377465,0.3899
23264566,EOA,1–100,15377237,45.1771,360427087.642321,0.0329
23264566,EOA,>100K,103705,0.3047,1079464712575.0715,98.4094
23479244,ALL,0–1,14136969,39.0308,2230376.771428,0.0002
23479244,ALL,100–1K,4434375,12.2429,1385745640.0526,0.0942
23479244,ALL,10K–100K,392951,1.0849,11811357507.674925,0.8031
23479244,ALL,1K–10K,1429850,3.9477,4395581586.863896,0.2989
23479244,ALL,1–100,15707843,43.3678,349199301.919362,0.0237
23479244,ALL,>100K,118060,0.326,1452820960735.177,98.7799
23479244,CA,0–1,629946,58.2112,53485.543602,0.0
23479244,CA,100–1K,74687,6.9016,25133000.838102,0.008
23479244,CA,10K–100K,20672,1.9102,693450502.267893,0.2208
23479244,CA,1K–10K,57138,5.2799,220759032.823002,0.0703
23479244,CA,1–100,284314,26.2725,6280014.259908,0.002
23479244,CA,>100K,15417,1.4246,313050704962.8586,99.6988
23479244,EOA,0–1,13507023,38.4401,2176891.227826,0.0002
23479244,EOA,100–1K,4359688,12.4074,1360612639.214496,0.1176
23479244,EOA,10K–100K,372279,1.0595,11117907005.407034,0.9611
23479244,EOA,1K–10K,1372712,3.9066,4174822554.040887,0.3609
23479244,EOA,1–100,15423529,43.8943,342919287.659456,0.0296
23479244,EOA,>100K,102643,0.2921,1139770255772.3164,98.5305
23700767,ALL,0–1,14886113,40.489,2406258.096409,0.0002
23700767,ALL,100–1K,4265567,11.602,1349960149.106684,0.0931
23700767,ALL,10K–100K,361867,0.9842,11041087548.867226,0.7615
23700767,ALL,1K–10K,1319502,3.5889,4039592470.502031,0.2786
23700767,ALL,1–100,15820426,43.0302,348464234.730545,0.024
23700767,ALL,>100K,112350,0.3056,1433072513180.8323,98.8425
23700767,CA,0–1,647071,59.1093,55452.843699,0.0
23700767,CA,100–1K,70297,6.4216,23748919.303061,0.0085
23700767,CA,10K–100K,19842,1.8125,673017845.023086,0.2406
23700767,CA,1K–10K,55110,5.0342,208608843.113793,0.0746
23700767,CA,1–100,287616,26.2734,6212525.068361,0.0022
23700767,CA,>100K,14767,1.349,278843723484.7851,99.6741
23700767,EOA,0–1,14239042,39.9176,2350805.252711,0.0002
23700767,EOA,100–1K,4195270,11.761,1326211229.80361,0.1133
23700767,EOA,10K–100K,342025,0.9588,10368069703.844149,0.8861
23700767,EOA,1K–10K,1264392,3.5446,3830983627.388236,0.3274
23700767,EOA,1–100,15532810,43.5445,342251709.662183,0.0292
23700767,EOA,>100K,97583,0.2736,1154228789696.0464,98.6437
23914921,ALL,0–1,15391272,41.1827,2227536.24696,0.0002
23914921,ALL,100–1K,3995567,10.691,1279882822.953284,0.0965
23914921,ALL,10K–100K,339263,0.9078,10413206898.385128,0.7849
23914921,ALL,1K–10K,1250817,3.3468,3732313002.440338,0.2813
23914921,ALL,1–100,16286357,43.5777,354963288.97432,0.0268
23914921,ALL,>100K,109863,0.294,1310931728408.5027,98.8104
23914921,CA,0–1,662311,60.2196,56080.667621,0.0
23914921,CA,100–1K,66634,6.0586,22273409.667779,0.0094
23914921,CA,10K–100K,18119,1.6474,618216906.788507,0.2619
23914921,CA,1K–10K,53956,4.9059,187048939.705977,0.0792
23914921,CA,1–100,285041,25.9169,5770029.781693,0.0024
23914921,CA,>100K,13765,1.2516,235230921328.6063,99.647
23914921,EOA,0–1,14728961,40.6055,2171455.579339,0.0002
23914921,EOA,100–1K,3928933,10.8315,1257609413.285509,0.1153
23914921,EOA,10K–100K,321144,0.8853,9794989991.596624,0.8981
23914921,EOA,1K–10K,1196861,3.2996,3545264062.734355,0.3251
23914921,EOA,1–100,16001316,44.1132,349193259.192628,0.032
23914921,EOA,>100K,96098,0.2649,1075700807079.8964,98.6293
