block_number,date,optimisation,token_group,mean_dist,median_dist,std_dist
9193266,2020-01-01 00:00:00,better_return,all,41.17313280215307,43.207972327805436,35.29912594725629
9193266,2020-01-01 00:00:00,better_return,gte5,61.720422261826975,65.58965137298846,27.175590656326484
9193266,2020-01-01 00:00:00,better_return,lt5,39.44437604828608,38.824903105058716,35.35844207658676
9193266,2020-01-01 00:00:00,max_sharpe,all,39.82244639277611,34.04791081027901,35.969798232516666
9193266,2020-01-01 00:00:00,max_sharpe,gte5,79.78513862285267,88.77492519381241,22.628619609125415
9193266,2020-01-01 00:00:00,max_sharpe,lt5,36.460164753095135,34.04791081027901,34.84151172251088
9193266,2020-01-01 00:00:00,safer_risk,all,9.114755708491705,7.558552256314854e-08,17.88816032826272
9193266,2020-01-01 00:00:00,safer_risk,gte5,43.774651550768034,44.415827706343364,18.329333081651885
9193266,2020-01-01 00:00:00,safer_risk,lt5,6.198627566953861,6.549144004885932e-08,14.45910525751968
9393154,2020-02-01 00:00:00,better_return,all,38.04340813578062,33.2563978474666,34.206101518138674
9393154,2020-02-01 00:00:00,better_return,gte5,58.05708996229393,59.72430139208906,25.693527289898874
9393154,2020-02-01 00:00:00,better_return,lt5,36.33793530896653,27.705528078542564,34.29968005811196
9393154,2020-02-01 00:00:00,max_sharpe,all,37.44586587800302,37.15015023233839,33.5218634189908
9393154,2020-02-01 00:00:00,max_sharpe,gte5,69.58577270566454,78.41050114961897,24.67668417007141
9393154,2020-02-01 00:00:00,max_sharpe,lt5,34.707052588871306,31.15514153970695,32.74227467893643
9393154,2020-02-01 00:00:00,safer_risk,all,8.47559141542047,4.6522193042353166e-08,17.265708488176845
9393154,2020-02-01 00:00:00,safer_risk,gte5,42.303672088732256,41.58124934416517,18.70798144667997
9393154,2020-02-01 00:00:00,safer_risk,lt5,5.592919807481826,3.4711078455984534e-08,13.706152922951437
9581792,2020-03-01 00:00:00,better_return,all,23.153187280488396,7.300294231227699,29.135701191396617
9581792,2020-03-01 00:00:00,better_return,gte5,51.55311154795199,50.44664060798736,26.009788438427936
9581792,2020-03-01 00:00:00,better_return,lt5,20.70194909433757,0.9717674850790454,28.073913496400575
9581792,2020-03-01 00:00:00,max_sharpe,all,32.46751194835506,22.694241548659427,31.73328025308894
9581792,2020-03-01 00:00:00,max_sharpe,gte5,58.08455971743205,57.92962072194341,23.54914238072129
9581792,2020-03-01 00:00:00,max_sharpe,lt5,30.25646782314378,22.694241548659427,31.37711289382296
9581792,2020-03-01 00:00:00,safer_risk,all,9.098353194437266,6.788111392430629e-08,18.03381857001436
9581792,2020-03-01 00:00:00,safer_risk,gte5,41.97888992829852,41.878649107785115,19.01945806391996
9581792,2020-03-01 00:00:00,safer_risk,lt5,6.260386921564768,6.788111253652751e-08,14.855935201755415
9782602,2020-04-01 00:00:00,better_return,all,45.918813401522826,52.463373542587675,33.76127084598188
9782602,2020-04-01 00:00:00,better_return,gte5,54.30082454437039,53.480440597346416,26.90421617125192
9782602,2020-04-01 00:00:00,better_return,lt5,45.191715802490904,52.11954814476155,34.19482155806727
9782602,2020-04-01 00:00:00,max_sharpe,all,46.603227735748916,51.62763649873683,33.05752773554638
9782602,2020-04-01 00:00:00,max_sharpe,gte5,65.94770660737292,69.57843055881155,24.52533938445484
9782602,2020-04-01 00:00:00,max_sharpe,lt5,44.92519081806979,48.48991061782918,33.168400422766204
9782602,2020-04-01 00:00:00,safer_risk,all,9.65744497659911,8.786241872948963e-08,18.168280148177583
9782602,2020-04-01 00:00:00,safer_risk,gte5,43.85502775590306,43.24796511030808,18.903194496591915
9782602,2020-04-01 00:00:00,safer_risk,lt5,6.690975485232047,8.786241734171085e-08,14.747113138863494
9976964,2020-05-01 00:00:00,better_return,all,43.56835083062086,48.211531906336646,33.94134941193625
9976964,2020-05-01 00:00:00,better_return,gte5,54.573362607019384,54.34184600175314,26.141708207826838
9976964,2020-05-01 00:00:00,better_return,lt5,42.65950509841774,46.46617079291013,34.349519231717125
9976964,2020-05-01 00:00:00,max_sharpe,all,43.32139710156203,45.23461033009565,32.31085631343121
9976964,2020-05-01 00:00:00,max_sharpe,gte5,61.768347397626194,62.50286702541567,22.868696259355488
9976964,2020-05-01 00:00:00,max_sharpe,lt5,41.79796101722195,41.71775813891848,32.50532583789051
9976964,2020-05-01 00:00:00,safer_risk,all,9.431286942796119,8.353182034959161e-08,18.160575687895577
9976964,2020-05-01 00:00:00,safer_risk,gte5,43.54547775482553,43.21985489095175,18.877984884934328
9976964,2020-05-01 00:00:00,safer_risk,lt5,6.613976306782916,8.349239979943412e-08,14.95208483365951
10176690,2020-06-01 00:00:00,better_return,all,36.63738145699307,29.799220919856428,34.4582738791045
10176690,2020-06-01 00:00:00,better_return,gte5,52.700131988445825,51.476323767129095,25.60464895300495
10176690,2020-06-01 00:00:00,better_return,lt5,35.35847274074994,24.039242845498688,34.74959852481315
10176690,2020-06-01 00:00:00,max_sharpe,all,28.991426510543523,21.72999394144281,27.854474163249023
10176690,2020-06-01 00:00:00,max_sharpe,gte5,55.62380191715632,55.00546930791297,20.168526740477095
10176690,2020-06-01 00:00:00,max_sharpe,lt5,26.870969184441226,19.500272739178435,27.281692064545148
10176690,2020-06-01 00:00:00,safer_risk,all,8.629428948236955,9.336737702425602e-08,17.47566792866425
10176690,2020-06-01 00:00:00,safer_risk,gte5,42.89472411687941,43.26446806485267,18.706865470940357
10176690,2020-06-01 00:00:00,safer_risk,lt5,5.901242105640684,8.211817614789396e-08,14.174879852851825
10370274,2020-07-01 00:00:00,better_return,all,21.365895610392588,4.107343479223637,27.86871857808752
10370274,2020-07-01 00:00:00,better_return,gte5,53.12613625596531,51.66296111803981,25.580631049067556
10370274,2020-07-01 00:00:00,better_return,lt5,18.64891932539996,3.326922970864343e-05,26.333521328085805
10370274,2020-07-01 00:00:00,max_sharpe,all,32.71841546474625,25.39107699008746,30.257206819643866
10370274,2020-07-01 00:00:00,max_sharpe,gte5,59.93648356664566,60.184264565613724,21.62469495544889
10370274,2020-07-01 00:00:00,max_sharpe,lt5,30.390005980025308,20.558670541646784,29.749227075671854
10370274,2020-07-01 00:00:00,safer_risk,all,8.98220910771013,1.2613522448745584e-07,17.744605957511844
10370274,2020-07-01 00:00:00,safer_risk,gte5,43.365395917387154,42.742801840546285,18.604381365619588
10370274,2020-07-01 00:00:00,safer_risk,lt5,6.040849052952883,1.2613522309967706e-07,14.227187244974855
10570485,2020-08-01 00:00:00,better_return,all,24.240663198330562,9.717722198283667,30.17621434210798
10570485,2020-08-01 00:00:00,better_return,gte5,51.4962906287184,50.9554743419397,26.792062492075278
10570485,2020-08-01 00:00:00,better_return,lt5,21.905861260121046,3.8926831448826666,29.29217855359522
10570485,2020-08-01 00:00:00,max_sharpe,all,45.053924095402,47.2044882135707,32.35807010994498
10570485,2020-08-01 00:00:00,max_sharpe,gte5,57.56323594654701,57.80180776074546,22.78795735973458
10570485,2020-08-01 00:00:00,max_sharpe,lt5,43.98233747974553,44.30819068592143,32.82835929241652
10570485,2020-08-01 00:00:00,safer_risk,all,8.791916165778852,2.002793327016139e-07,17.322011304873406
10570485,2020-08-01 00:00:00,safer_risk,gte5,41.45556056542685,41.46965153397363,19.35598597274477
10570485,2020-08-01 00:00:00,safer_risk,lt5,5.993846649747295,1.6698765148426276e-07,13.944079644866934
10771925,2020-09-01 00:00:00,better_return,all,20.110014632094245,1.0943324379314445e-05,28.598996374797935
10771925,2020-09-01 00:00:00,better_return,gte5,47.79779029364453,46.59034779129345,26.723086641520776
10771925,2020-09-01 00:00:00,better_return,lt5,17.74013934340569,5.610575129488815e-07,27.487326423359338
10771925,2020-09-01 00:00:00,max_sharpe,all,34.25328685041184,27.17906310591757,26.025825203437705
10771925,2020-09-01 00:00:00,max_sharpe,gte5,56.42783631123988,56.40721400480492,20.126223197523235
10771925,2020-09-01 00:00:00,max_sharpe,lt5,32.35530423716813,22.08197226685064,25.592182735327192
10771925,2020-09-01 00:00:00,safer_risk,all,9.07422663633598,2.892133504905914e-07,18.056646223304735
10771925,2020-09-01 00:00:00,safer_risk,gte5,40.49009825473172,40.218031290829856,20.11421941882
10771925,2020-09-01 00:00:00,safer_risk,lt5,6.385253035454227,2.3968204712621066e-07,15.086859901042569
10966874,2020-10-01 00:00:00,better_return,all,23.501276218291384,7.299563960821271,30.690867182406112
10966874,2020-10-01 00:00:00,better_return,gte5,51.46655290553119,51.71328564709664,28.842837193374038
10966874,2020-10-01 00:00:00,better_return,lt5,21.06113267616796,2.019109936737036,29.619864829242253
10966874,2020-10-01 00:00:00,max_sharpe,all,34.110153220448545,21.92638280388678,33.9194500343155
10966874,2020-10-01 00:00:00,max_sharpe,gte5,69.15352954560939,76.15675773870392,25.475799580760008
10966874,2020-10-01 00:00:00,max_sharpe,lt5,31.052401659812205,15.54026247713801,32.82965031508362
10966874,2020-10-01 00:00:00,safer_risk,all,10.37378191110429,5.15537001977151e-08,20.248618609330507
10966874,2020-10-01 00:00:00,safer_risk,gte5,49.69546977997948,50.26205632925745,22.174413398384765
10966874,2020-10-01 00:00:00,safer_risk,lt5,6.942721178477928,5.119604740144723e-08,16.005965616295327
11167817,2020-11-01 00:00:00,better_return,all,34.66956340909193,22.558809371260256,34.1675206950763
11167817,2020-11-01 00:00:00,better_return,gte5,56.51309736624023,58.06033635438441,30.060569096636105
11167817,2020-11-01 00:00:00,better_return,lt5,32.48498284925612,16.58867937673496,33.78327674914171
11167817,2020-11-01 00:00:00,max_sharpe,all,49.68526732821873,63.342764110520925,35.13831546006615
11167817,2020-11-01 00:00:00,max_sharpe,gte5,75.71995408243907,87.9099767942353,26.4258214521637
11167817,2020-11-01 00:00:00,max_sharpe,lt5,47.081527902343154,56.66666666666666,34.83931825674921
11167817,2020-11-01 00:00:00,safer_risk,all,11.145486370327434,1.3020089936754964e-07,21.20274141498712
11167817,2020-11-01 00:00:00,safer_risk,gte5,50.8036932629627,51.953821586085056,21.967093697245748
11167817,2020-11-01 00:00:00,safer_risk,lt5,7.179253251384529,8.35366158191686e-08,16.529723856588184
11363270,2020-12-01 00:00:00,better_return,all,33.44401297855005,19.80491974311892,34.71789348541951
11363270,2020-12-01 00:00:00,better_return,gte5,56.45388828189322,57.52625615130038,28.44613108193656
11363270,2020-12-01 00:00:00,better_return,lt5,31.04200646459198,12.50585095313135,34.433231857180786
11363270,2020-12-01 00:00:00,max_sharpe,all,48.17633845335315,53.21071169012026,33.07551562451406
11363270,2020-12-01 00:00:00,max_sharpe,gte5,68.74365997646798,75.70238723453075,25.24175999108249
11363270,2020-12-01 00:00:00,max_sharpe,lt5,46.029310726261784,47.33742922803741,33.05921828369164
11363270,2020-12-01 00:00:00,safer_risk,all,10.615722667038781,1.1133106450622599e-07,20.368331511540834
11363270,2020-12-01 00:00:00,safer_risk,gte5,47.38467183890387,47.52086307805405,21.10353409637774
11363270,2020-12-01 00:00:00,safer_risk,lt5,6.777403064785922,7.544617222632333e-08,15.99445565750504
11565019,2021-01-01 00:00:00,better_return,all,34.54292024460131,23.313105380116824,33.97423194522099
11565019,2021-01-01 00:00:00,better_return,gte5,57.24850014527101,59.32040985486863,27.999033273316012
11565019,2021-01-01 00:00:00,better_return,lt5,32.29851865439442,16.650067770018044,33.68760835891633
11565019,2021-01-01 00:00:00,max_sharpe,all,35.40657548183962,31.471095478059944,32.51652889324561
11565019,2021-01-01 00:00:00,max_sharpe,gte5,67.56484595596723,72.57822120841068,23.52120572746111
11565019,2021-01-01 00:00:00,max_sharpe,lt5,32.22779415556729,24.865517097189382,31.540820476194135
11565019,2021-01-01 00:00:00,safer_risk,all,10.20900275333142,8.711826607332718e-08,20.22296461025427
11565019,2021-01-01 00:00:00,safer_risk,gte5,48.351191507822975,49.71844684185237,21.467746916806977
11565019,2021-01-01 00:00:00,safer_risk,lt5,6.438722960035955,7.272269800240316e-08,15.678552359418978
11766939,2021-02-01 00:00:00,better_return,all,29.540652637089085,21.420272878182605,29.728644166938395
11766939,2021-02-01 00:00:00,better_return,gte5,50.014779466090964,48.2032397812434,26.386112995898625
11766939,2021-02-01 00:00:00,better_return,lt5,27.470412414875103,21.420272878182605,29.258950817045623
11766939,2021-02-01 00:00:00,max_sharpe,all,35.723677657566526,27.14854274669566,28.54854176624081
11766939,2021-02-01 00:00:00,max_sharpe,gte5,58.95805612846292,60.17412273842543,23.103719221404802
11766939,2021-02-01 00:00:00,max_sharpe,lt5,33.374334740512,22.428080694079387,27.988426078876437
11766939,2021-02-01 00:00:00,safer_risk,all,9.70797872947235,9.118143878827922e-08,19.049469203428995
11766939,2021-02-01 00:00:00,safer_risk,gte5,45.173669504464456,45.21779394003957,20.98428789035057
11766939,2021-02-01 00:00:00,safer_risk,lt5,6.121867333162109,6.727124413075103e-08,14.663090482852608
11948960,2021-03-01 00:00:00,better_return,all,23.68663080643383,7.464736863141481,29.515665496613273
11948960,2021-03-01 00:00:00,better_return,gte5,49.35613934108722,47.44261156475113,26.114420727087303
11948960,2021-03-01 00:00:00,better_return,lt5,20.97741455818785,2.0897105359221313,28.535252679048664
11948960,2021-03-01 00:00:00,max_sharpe,all,36.08032995696529,34.63834923662881,25.12865413273201
11948960,2021-03-01 00:00:00,max_sharpe,gte5,54.0289217179344,52.64134300011776,21.153345898947585
11948960,2021-03-01 00:00:00,max_sharpe,lt5,34.18599620428382,31.697147536706858,24.764463217309604
11948960,2021-03-01 00:00:00,safer_risk,all,9.296120112537324,4.598519592891037e-07,18.008134652447964
11948960,2021-03-01 00:00:00,safer_risk,gte5,41.37452423284948,40.60043611939946,20.316450532262138
11948960,2021-03-01 00:00:00,safer_risk,lt5,5.910494963414594,3.061008169158441e-07,13.960243048128028
12150245,2021-04-01 00:00:00,better_return,all,32.9190697197322,20.698801484221104,32.85237845023247
12150245,2021-04-01 00:00:00,better_return,gte5,53.36757599049152,52.583340665060796,26.001716960376257
12150245,2021-04-01 00:00:00,better_return,lt5,30.666249033757282,19.409879649500716,32.74991216160767
12150245,2021-04-01 00:00:00,max_sharpe,all,38.15830484439906,36.86316287376448,26.105576641487932
12150245,2021-04-01 00:00:00,max_sharpe,gte5,61.032746313590216,61.43772117103285,20.922154607800145
12150245,2021-04-01 00:00:00,max_sharpe,lt5,35.638217839530334,36.112070999833044,25.384259303775245
12150245,2021-04-01 00:00:00,safer_risk,all,10.261188353890365,2.6595657620642754e-07,19.48002647720798
12150245,2021-04-01 00:00:00,safer_risk,gte5,44.03130909792122,43.14369874505219,20.728497655626338
12150245,2021-04-01 00:00:00,safer_risk,lt5,6.5407197009399605,2.659565727369806e-07,15.312040670800247
12344945,2021-05-01 00:00:00,better_return,all,22.140751645243352,2.996681341511882,28.938517211243628
12344945,2021-05-01 00:00:00,better_return,gte5,53.274057070496866,52.84296589231743,25.590831686044773
12344945,2021-05-01 00:00:00,better_return,lt5,18.53188416322771,4.165443633270295e-06,27.078006965719776
12344945,2021-05-01 00:00:00,max_sharpe,all,37.325480712867446,33.974072951622816,27.960743877195096
12344945,2021-05-01 00:00:00,max_sharpe,gte5,62.483574363381734,63.29370045937813,21.06816822882293
12344945,2021-05-01 00:00:00,max_sharpe,lt5,34.40923957352489,28.342135341962468,27.186471862085675
12344945,2021-05-01 00:00:00,safer_risk,all,10.568427581259307,8.831404565978751e-08,19.777951069741736
12344945,2021-05-01 00:00:00,safer_risk,gte5,44.96958172715952,44.214274186571494,21.034896014906916
12344945,2021-05-01 00:00:00,safer_risk,lt5,6.580762126365606,6.331786137070416e-08,15.236117859420686
12545219,2021-06-01 00:00:00,better_return,all,24.194257670540754,8.37968070184121,30.057688579772257
12545219,2021-06-01 00:00:00,better_return,gte5,55.943205586179204,56.65724945550457,27.948268755855025
12545219,2021-06-01 00:00:00,better_return,lt5,20.418041004816292,1.815713202999214,27.99763670548786
12545219,2021-06-01 00:00:00,max_sharpe,all,39.36270851835117,35.096136242613035,34.4236611036987
12545219,2021-06-01 00:00:00,max_sharpe,gte5,71.21724843245988,80.60036082192352,26.23866765020733
12545219,2021-06-01 00:00:00,max_sharpe,lt5,35.57393275096975,27.466635248223415,33.30165752965343
12545219,2021-06-01 00:00:00,safer_risk,all,11.325936712060207,9.674087017574884e-08,21.519347892131822
12545219,2021-06-01 00:00:00,safer_risk,gte5,49.183426857301484,49.01558437179854,23.665680312924398
12545219,2021-06-01 00:00:00,safer_risk,lt5,6.823170649109032,7.21073978304787e-08,16.149587452125935
12738509,2021-07-01 00:00:00,better_return,all,29.806711888424115,19.392180737168697,31.179154645499448
12738509,2021-07-01 00:00:00,better_return,gte5,58.646733385154135,61.37010445821598,29.247301145239646
12738509,2021-07-01 00:00:00,better_return,lt5,26.148943138030365,11.898098143673117,29.463132045130884
12738509,2021-07-01 00:00:00,max_sharpe,all,49.39324132071804,58.56550643545448,33.99516966310133
12738509,2021-07-01 00:00:00,max_sharpe,gte5,73.62120529133414,83.5542605619199,25.611673442216265
12738509,2021-07-01 00:00:00,max_sharpe,lt5,46.32041803910465,52.27817250410395,33.692134223018556
12738509,2021-07-01 00:00:00,safer_risk,all,12.613179188085638,1.696135495943274e-07,23.230777555108613
12738509,2021-07-01 00:00:00,safer_risk,gte5,53.38422012903827,53.95362240472865,24.735116994371676
12738509,2021-07-01 00:00:00,safer_risk,lt5,7.44220386507004,1.018881000403038e-07,17.115856606978838
12936340,2021-08-01 00:00:00,better_return,all,29.77210773754122,18.294693578750366,30.927072883229634
12936340,2021-08-01 00:00:00,better_return,gte5,59.10896728751714,61.336767895640676,27.663067181565857
12936340,2021-08-01 00:00:00,better_return,lt5,25.855454137439324,10.805430957129346,29.185154208053646
12936340,2021-08-01 00:00:00,max_sharpe,all,48.37584357180805,56.040312743178234,34.16348843229692
12936340,2021-08-01 00:00:00,max_sharpe,gte5,75.06658485088651,83.1663797407829,23.067741538876074
12936340,2021-08-01 00:00:00,max_sharpe,lt5,44.81246325354286,47.83752494182939,33.82479601070653
12936340,2021-08-01 00:00:00,safer_risk,all,12.809891110697224,3.002597816215147e-07,23.096472376789503
12936340,2021-08-01 00:00:00,safer_risk,gte5,52.471191184901315,52.70490271051912,23.263188070781037
12936340,2021-08-01 00:00:00,safer_risk,lt5,7.514860350648408,1.5168948319654874e-07,17.157219594471186
13136427,2021-09-01 00:00:00,better_return,all,31.21356030756219,23.282349902406875,31.708298205888145
13136427,2021-09-01 00:00:00,better_return,gte5,52.78587276401276,51.78428793769426,25.916868559281003
13136427,2021-09-01 00:00:00,better_return,lt5,28.36608900696104,16.243814773476874,31.303887214776722
13136427,2021-09-01 00:00:00,max_sharpe,all,44.299019871681736,44.09987795060468,31.265751477001515
13136427,2021-09-01 00:00:00,max_sharpe,gte5,62.367265303820886,63.3335706329879,22.163111715157925
13136427,2021-09-01 00:00:00,max_sharpe,lt5,41.91407340736102,39.65614266293972,31.511321761495754
13136427,2021-09-01 00:00:00,safer_risk,all,11.207941884554245,1.1147656409082884e-07,20.259267982249963
13136427,2021-09-01 00:00:00,safer_risk,gte5,45.62747565119535,44.903576073289635,20.979572272169346
13136427,2021-09-01 00:00:00,safer_risk,lt5,6.664681407568677,7.147787084438306e-08,15.14922606488898
13330090,2021-10-01 00:00:00,better_return,all,31.004291053536054,20.13390315496455,31.827470791693518
13330090,2021-10-01 00:00:00,better_return,gte5,54.836458970640805,54.63603547132377,26.37822615462286
13330090,2021-10-01 00:00:00,better_return,lt5,27.886605979570845,12.381985778929161,31.152201160401642
13330090,2021-10-01 00:00:00,max_sharpe,all,46.77859101209636,51.19693164818062,32.91735160413216
13330090,2021-10-01 00:00:00,max_sharpe,gte5,69.16970327936069,74.39556454309985,23.679902056320632
13330090,2021-10-01 00:00:00,max_sharpe,lt5,43.84942247199802,45.46223693557342,32.82953905564761
13330090,2021-10-01 00:00:00,safer_risk,all,12.059208657263124,9.49504169733828e-08,21.64117427527373
13330090,2021-10-01 00:00:00,safer_risk,gte5,48.481126553494136,47.853259175724425,22.19232903316908
13330090,2021-10-01 00:00:00,safer_risk,lt5,7.294553163678778,6.809226654747036e-08,16.39939886884587
13527859,2021-11-01 00:00:00,better_return,all,29.255910387601784,15.073874215403265,32.361165611300706
13527859,2021-11-01 00:00:00,better_return,gte5,53.138682739751445,52.53425546241877,26.690493080233026
13527859,2021-11-01 00:00:00,better_return,lt5,26.1035391023355,7.857564244884068,31.720974597947286
13527859,2021-11-01 00:00:00,max_sharpe,all,43.778178086294965,44.7757000592349,33.43939253734762
13527859,2021-11-01 00:00:00,max_sharpe,gte5,67.10830734729889,71.34484214764275,24.277220368152413
13527859,2021-11-01 00:00:00,max_sharpe,lt5,40.69875211013461,38.98323053441033,33.26659584374307
13527859,2021-11-01 00:00:00,safer_risk,all,11.805915542138314,9.937737507903499e-08,21.372141083350503
13527859,2021-11-01 00:00:00,safer_risk,gte5,47.85860519328065,47.71875598554433,22.261233688174638
13527859,2021-11-01 00:00:00,safer_risk,lt5,7.047193985985406,6.637315558277734e-08,16.04486941615085
13717847,2021-12-01 00:00:00,better_return,all,22.163088735194755,5.839480719519874,28.055085300874545
13717847,2021-12-01 00:00:00,better_return,gte5,50.63131657237815,49.31011692323489,25.673763993735946
13717847,2021-12-01 00:00:00,better_return,lt5,18.667658709290414,0.0033798770729214587,26.288228321506427
13717847,2021-12-01 00:00:00,max_sharpe,all,38.22964500801232,35.6084207324541,31.548036778215263
13717847,2021-12-01 00:00:00,max_sharpe,gte5,62.43313297664843,63.56215955501789,22.80108669012076
13717847,2021-12-01 00:00:00,max_sharpe,lt5,35.25785487548151,29.845149627834065,31.191177833963152
13717847,2021-12-01 00:00:00,safer_risk,all,10.756516876792112,1.0605680778041915e-07,19.927295725412858
13717847,2021-12-01 00:00:00,safer_risk,gte5,44.24403449320127,43.42473633707603,20.91115903308132
13717847,2021-12-01 00:00:00,safer_risk,lt5,6.644800642158727,7.377746052972256e-08,15.41319172928513
13916166,2022-01-01 00:00:00,better_return,all,23.64685817917923,4.735474233701634,30.302148501502742
13916166,2022-01-01 00:00:00,better_return,gte5,55.82090272574309,56.692216280068195,28.40223908839338
13916166,2022-01-01 00:00:00,better_return,lt5,19.95042233786178,0.0008809449782987144,28.2567063890009
13916166,2022-01-01 00:00:00,max_sharpe,all,42.24641203714792,42.858510357778286,34.87727087915438
13916166,2022-01-01 00:00:00,max_sharpe,gte5,71.79621982077913,81.00865438931292,25.596250117315257
13916166,2022-01-01 00:00:00,max_sharpe,lt5,38.85147148382805,36.5687133540772,34.19153144346269
13916166,2022-01-01 00:00:00,safer_risk,all,11.608186098715466,1.708230938646249e-07,21.59282754725345
13916166,2022-01-01 00:00:00,safer_risk,gte5,48.66172784434187,48.22524151641125,22.323638149804783
13916166,2022-01-01 00:00:00,safer_risk,lt5,7.3511509112974025,1.0649372356175135e-07,16.932290061776506
14116761,2022-02-01 00:00:00,better_return,all,24.38594779462804,6.076496668379064,30.447507998007815
14116761,2022-02-01 00:00:00,better_return,gte5,58.31393312460142,60.314601143713006,28.560439713815768
14116761,2022-02-01 00:00:00,better_return,lt5,20.294482199468753,0.03859946925342945,28.01649473605213
14116761,2022-02-01 00:00:00,max_sharpe,all,43.7322655620089,45.79868508642237,35.05112842210956
14116761,2022-02-01 00:00:00,max_sharpe,gte5,74.03443281859745,83.93191359925618,25.123828619833503
14116761,2022-02-01 00:00:00,max_sharpe,lt5,40.07804696979665,38.929090195757375,34.3006821538243
14116761,2022-02-01 00:00:00,safer_risk,all,12.200788397694868,3.778860051262267e-07,22.22481933900311
14116761,2022-02-01 00:00:00,safer_risk,gte5,50.97444930062243,51.772772950962114,22.536626762676875
14116761,2022-02-01 00:00:00,safer_risk,lt5,7.52496995342828,1.954215116117819e-07,17.002874320079016
14297759,2022-03-01 00:00:00,better_return,all,26.233976067287426,8.758892690860524,31.57800171015198
14297759,2022-03-01 00:00:00,better_return,gte5,61.46167110177027,65.80226671347711,29.20270324221136
14297759,2022-03-01 00:00:00,better_return,lt5,21.646187132339378,0.6845998236840956,28.867063932785484
14297759,2022-03-01 00:00:00,max_sharpe,all,45.92378641439968,50.6949091459031,35.4221304626521
14297759,2022-03-01 00:00:00,max_sharpe,gte5,77.83165757586687,87.41169089581271,23.604837577000165
14297759,2022-03-01 00:00:00,max_sharpe,lt5,41.768346266838535,41.60357105402247,34.57905136739199
14297759,2022-03-01 00:00:00,safer_risk,all,12.772726705995197,3.706787855828342e-07,22.653092281482177
14297759,2022-03-01 00:00:00,safer_risk,gte5,51.51389498304838,52.137782360087485,22.885451911467836
14297759,2022-03-01 00:00:00,safer_risk,lt5,7.7273695523564605,1.9355599484294217e-07,17.05479449956309
14497034,2022-04-01 00:00:00,better_return,all,23.715518102143143,5.531721920728673,30.13330178297521
14497034,2022-04-01 00:00:00,better_return,gte5,58.2732454382811,60.32896663847338,27.655569301758156
14497034,2022-04-01 00:00:00,better_return,lt5,19.162920308766402,0.00010503221902491422,27.36467822990617
14497034,2022-04-01 00:00:00,max_sharpe,all,47.23061350466751,53.44093224875446,33.354438972269115
14497034,2022-04-01 00:00:00,max_sharpe,gte5,72.86514206959274,80.13694303087362,23.44916924762022
14497034,2022-04-01 00:00:00,max_sharpe,lt5,43.85354831042679,46.69552307966845,32.99497430822153
14497034,2022-04-01 00:00:00,safer_risk,all,13.10013557282974,1.1681332290347513e-07,23.39931853382381
14497034,2022-04-01 00:00:00,safer_risk,gte5,52.3764884929524,52.86875986425183,23.390284894801585
14497034,2022-04-01 00:00:00,safer_risk,lt5,7.925911125232631,7.818772886081238e-08,17.820960944752073
14688630,2022-05-01 00:00:00,better_return,all,24.588169989071897,5.939227095538699,30.912150889372256
14688630,2022-05-01 00:00:00,better_return,gte5,59.03159809216907,62.10839747254619,28.290978534525163
14688630,2022-05-01 00:00:00,better_return,lt5,20.027537505964244,0.07524696866107076,28.25288706439441
14688630,2022-05-01 00:00:00,max_sharpe,all,44.90335842529628,48.607476841265786,34.955370526262826
14688630,2022-05-01 00:00:00,max_sharpe,gte5,75.7687047293933,84.54751918879515,23.479250499127613
14688630,2022-05-01 00:00:00,max_sharpe,lt5,40.816497485221284,40.09603921190443,34.17348953852919
14688630,2022-05-01 00:00:00,safer_risk,all,12.87245744496822,1.3453985425737613e-07,22.684102412442112
14688630,2022-05-01 00:00:00,safer_risk,gte5,51.249207158383285,51.81541128785779,22.359281820689677
14688630,2022-05-01 00:00:00,safer_risk,lt5,7.791016340580659,8.153312122671785e-08,17.195221865033698
14881677,2022-06-01 00:00:00,better_return,all,27.456400889807124,15.006771900972188,30.828897217569992
14881677,2022-06-01 00:00:00,better_return,gte5,62.0517307913632,66.72325686194463,29.65124773228172
14881677,2022-06-01 00:00:00,better_return,lt5,22.812842093402264,7.469195572128211,27.888585032322613
14881677,2022-06-01 00:00:00,max_sharpe,all,46.02546188200171,51.08343882863877,35.558529325684724
14881677,2022-06-01 00:00:00,max_sharpe,gte5,77.71766651919368,87.96902557068162,24.023033378231535
14881677,2022-06-01 00:00:00,max_sharpe,lt5,41.77157512794353,41.67123237736611,34.69512699431202
14881677,2022-06-01 00:00:00,safer_risk,all,12.73653654495188,2.2308206809595887e-07,22.58032261478823
14881677,2022-06-01 00:00:00,safer_risk,gte5,51.49152359297424,51.95575224572039,23.00914851252271
14881677,2022-06-01 00:00:00,safer_risk,lt5,7.534647691066029,1.1031737537359199e-07,16.69096176250087
15053226,2022-07-01 00:00:00,better_return,all,29.56720040690103,15.041526975920668,32.6726935067878
15053226,2022-07-01 00:00:00,better_return,gte5,59.10756780545782,61.89272118663834,29.169410275517233
15053226,2022-07-01 00:00:00,better_return,lt5,25.616460117442518,8.262657054243274,31.051013114042394
15053226,2022-07-01 00:00:00,max_sharpe,all,50.078062759911525,60.38146115687241,34.42003373474416
15053226,2022-07-01 00:00:00,max_sharpe,gte5,75.7683719786805,86.46777159467615,24.940211290343594
15053226,2022-07-01 00:00:00,max_sharpe,lt5,46.642230757219615,53.14242558954645,34.05767781420438
15053226,2022-07-01 00:00:00,safer_risk,all,12.592344176436681,3.0801685924064515e-07,22.540234062498282
15053226,2022-07-01 00:00:00,safer_risk,gte5,50.52976417156629,50.637478736058696,23.442864137801227
15053226,2022-07-01 00:00:00,safer_risk,lt5,7.518578788529268,1.616386004210657e-07,16.86068250874562
15253306,2022-08-01 00:00:00,better_return,all,26.79200663925084,9.320446382812833,32.00308399462331
15253306,2022-08-01 00:00:00,better_return,gte5,57.48220612591275,58.98453465692839,27.763934991959815
15253306,2022-08-01 00:00:00,better_return,lt5,22.559378179112937,1.6185883111412842,30.1881517191808
15253306,2022-08-01 00:00:00,max_sharpe,all,52.14615544510208,63.9351989253487,33.45264518510695
15253306,2022-08-01 00:00:00,max_sharpe,gte5,74.6948345343452,83.58376847471979,23.90641972666398
15253306,2022-08-01 00:00:00,max_sharpe,lt5,49.03636201110624,58.0097789965075,33.388681171428665
15253306,2022-08-01 00:00:00,safer_risk,all,12.493877694233099,1.2492990253409886e-07,22.328215870194505
15253306,2022-08-01 00:00:00,safer_risk,gte5,50.15488301968477,50.30372106892514,22.997474937614722
15253306,2022-08-01 00:00:00,safer_risk,lt5,7.2998729095076085,8.018701397327632e-08,16.485648758468805
15449618,2022-09-01 00:00:00,better_return,all,24.720026143574902,9.323079046084299,29.84666650059819
15449618,2022-09-01 00:00:00,better_return,gte5,55.219491887907104,56.08242468033356,27.300465113588675
15449618,2022-09-01 00:00:00,better_return,lt5,20.493519096754014,1.7371857510527722,27.644495795005504
15449618,2022-09-01 00:00:00,max_sharpe,all,48.10535931489347,52.491221447945094,32.99003262281731
15449618,2022-09-01 00:00:00,max_sharpe,gte5,72.11916870438498,79.25999636091613,23.652492534083176
15449618,2022-09-01 00:00:00,max_sharpe,lt5,44.7776113649293,45.086679465418435,32.72078795865358
15449618,2022-09-01 00:00:00,safer_risk,all,12.586999524972493,1.5890828652942446e-07,22.232981398025668
15449618,2022-09-01 00:00:00,safer_risk,gte5,48.5169135244542,48.61010342593987,22.599741534170587
15449618,2022-09-01 00:00:00,safer_risk,lt5,7.6079603515172485,1.0525894045265716e-07,16.980568259203594
15649595,2022-10-01 00:00:00,better_return,all,26.34382412771851,9.889698225463238,31.445938218649395
15649595,2022-10-01 00:00:00,better_return,gte5,55.7012552679606,56.785630131940046,28.983742026018767
15649595,2022-10-01 00:00:00,better_return,lt5,22.298972590685707,3.073166289263697,29.56755293017639
15649595,2022-10-01 00:00:00,max_sharpe,all,49.37467142692138,58.70485048698152,34.43591192495991
15649595,2022-10-01 00:00:00,max_sharpe,gte5,74.0212597366709,84.76188574973929,25.56928961933642
15649595,2022-10-01 00:00:00,max_sharpe,lt5,45.97887735587106,51.422328549547004,34.11613650362166
15649595,2022-10-01 00:00:00,safer_risk,all,12.535915863686169,1.4412762164295323e-07,22.398668529161476
15649595,2022-10-01 00:00:00,safer_risk,gte5,49.02901816888792,49.027895694491704,23.20382796490291
15649595,2022-10-01 00:00:00,safer_risk,lt5,7.507915278582214,8.705705600853264e-08,16.96683383759322
15871480,2022-11-01 00:00:00,better_return,all,24.922056799074106,8.412416604479453,30.579664151464257
15871480,2022-11-01 00:00:00,better_return,gte5,54.82937374392464,55.49462321231674,27.169244380602315
15871480,2022-11-01 00:00:00,better_return,lt5,20.744287427086412,1.36158454366242,28.63962682597654
15871480,2022-11-01 00:00:00,max_sharpe,all,48.25076849431998,54.51715717420913,33.93703118943986
15871480,2022-11-01 00:00:00,max_sharpe,gte5,72.03445492861171,80.38240287285713,24.873082690738975
15871480,2022-11-01 00:00:00,max_sharpe,lt5,44.92841239927589,47.240734276370475,33.70650788823258
15871480,2022-11-01 00:00:00,safer_risk,all,12.145601707327852,1.746260178125958e-07,21.512528880569537
15871480,2022-11-01 00:00:00,safer_risk,gte5,47.09388262279992,47.05639552204295,21.912355927996988
15871480,2022-11-01 00:00:00,safer_risk,lt5,7.263657336272577,1.1248178222178495e-07,16.30689072069588
16086234,2022-12-01 00:00:00,better_return,all,26.512302455370282,10.771118185504045,31.0253070680143
16086234,2022-12-01 00:00:00,better_return,gte5,56.483405989672356,58.19322089638595,27.487097066479716
16086234,2022-12-01 00:00:00,better_return,lt5,22.166217130537596,4.559936054265733,29.042134878063766
16086234,2022-12-01 00:00:00,max_sharpe,all,44.77713420413896,47.66631485668792,35.27708327757987
16086234,2022-12-01 00:00:00,max_sharpe,gte5,74.98222596644356,84.32697962959037,24.105746505877185
16086234,2022-12-01 00:00:00,max_sharpe,lt5,40.39711843684714,38.8548364914272,34.484583123915
16086234,2022-12-01 00:00:00,safer_risk,all,13.178967899333612,1.5093267989596537e-07,22.656478301292292
16086234,2022-12-01 00:00:00,safer_risk,gte5,50.1957113616131,50.36597626843202,22.499427051785936
16086234,2022-12-01 00:00:00,safer_risk,lt5,7.8112000642124055,8.52570278264686e-08,16.93618208275762
16308190,2023-01-01 00:00:00,better_return,all,26.70703250570467,11.678790381702562,31.029506970010523
16308190,2023-01-01 00:00:00,better_return,gte5,57.960193905698176,59.62342786912045,28.829560811922637
16308190,2023-01-01 00:00:00,better_return,lt5,22.052100496376575,4.9865396259024255,28.553363846779632
16308190,2023-01-01 00:00:00,max_sharpe,all,48.23926730142653,56.50355177224873,34.94696149102915
16308190,2023-01-01 00:00:00,max_sharpe,gte5,74.98194827242267,85.60227388745082,25.243527689345143
16308190,2023-01-01 00:00:00,max_sharpe,lt5,44.25613868048758,47.48166060488499,34.43684288466949
16308190,2023-01-01 00:00:00,safer_risk,all,13.179975528573163,1.9189728139856754e-07,22.810778389855802
16308190,2023-01-01 00:00:00,safer_risk,gte5,50.04061863481138,50.22080621135157,22.927455885584408
16308190,2023-01-01 00:00:00,safer_risk,lt5,7.689849736701137,1.1868897392686151e-07,16.941836108433975
16530248,2023-02-01 00:00:00,better_return,all,28.971793378499438,17.24134009856239,31.24969803894825
16530248,2023-02-01 00:00:00,better_return,gte5,54.552546643944545,54.35451096382713,25.832554173701084
16530248,2023-02-01 00:00:00,better_return,lt5,25.146809011834662,10.354892275822438,30.171247058489982
16530248,2023-02-01 00:00:00,max_sharpe,all,46.773986034772555,49.927139563150675,32.04600147445603
16530248,2023-02-01 00:00:00,max_sharpe,gte5,66.41631667560131,68.75658925245936,22.49043787451872
16530248,2023-02-01 00:00:00,max_sharpe,lt5,43.83694947269767,44.12746875786949,32.22657039770534
16530248,2023-02-01 00:00:00,safer_risk,all,12.205731714067838,1.1862959503616821e-07,21.02872926833564
16530248,2023-02-01 00:00:00,safer_risk,gte5,46.18597029979778,46.10421065714192,20.788210606405453
16530248,2023-02-01 00:00:00,safer_risk,lt5,7.124807004101633,7.623011284707548e-08,15.660287332051192
16730072,2023-03-01 00:00:00,better_return,all,27.197214275685077,15.662566813402856,30.059901946721038
16730072,2023-03-01 00:00:00,better_return,gte5,51.61703678818306,50.84414635268318,24.893820814500312
16730072,2023-03-01 00:00:00,better_return,lt5,23.59404977030786,9.172055806901643,29.060548104660263
16730072,2023-03-01 00:00:00,max_sharpe,all,40.52191416278301,38.019992016273896,28.304274035405317
16730072,2023-03-01 00:00:00,max_sharpe,gte5,61.875263153863024,62.10158083344106,21.171618469869724
16730072,2023-03-01 00:00:00,max_sharpe,lt5,37.371210298485586,36.706253813720586,27.85672137411431
16730072,2023-03-01 00:00:00,safer_risk,all,11.724396827817522,4.1170730019635116e-07,20.50451426005105
16730072,2023-03-01 00:00:00,safer_risk,gte5,44.9101712754224,44.56173455591973,20.59150157507169
16730072,2023-03-01 00:00:00,safer_risk,lt5,6.827809045008469,1.6182469045333825e-07,15.278549870498592
16950603,2023-04-01 00:00:00,better_return,all,25.021769601298608,9.843064392946346,30.538427794273577
16950603,2023-04-01 00:00:00,better_return,gte5,58.14267145349106,60.343395266543254,27.651505639637953
16950603,2023-04-01 00:00:00,better_return,lt5,19.991420190381127,1.4101005178609924,27.680239714374288
16950603,2023-04-01 00:00:00,max_sharpe,all,48.64162768618671,55.82433081350704,34.322737789989375
16950603,2023-04-01 00:00:00,max_sharpe,gte5,74.59048420649077,83.48163493644158,23.954897779282714
16950603,2023-04-01 00:00:00,max_sharpe,lt5,44.70055700841931,47.237848852697304,33.941407286006175
16950603,2023-04-01 00:00:00,safer_risk,all,13.395893897368191,1.2893477049913393e-07,22.922722379949473
16950603,2023-04-01 00:00:00,safer_risk,gte5,50.23412460887417,50.90597996988673,22.62000227965055
16950603,2023-04-01 00:00:00,safer_risk,lt5,7.800962545986913,7.915290367588312e-08,17.03333692261053
17162287,2023-05-01 00:00:00,better_return,all,24.36097847893852,5.807908317450728,30.835287535589764
17162287,2023-05-01 00:00:00,better_return,gte5,56.96205220337793,59.01267575455705,28.512893446602313
17162287,2023-05-01 00:00:00,better_return,lt5,19.413486913037765,3.624817319983209e-05,28.034992827563453
17162287,2023-05-01 00:00:00,max_sharpe,all,48.4759959569678,56.17786650629718,34.56497267399376
17162287,2023-05-01 00:00:00,max_sharpe,gte5,74.20733140627102,83.52368077040268,24.623771219125338
17162287,2023-05-01 00:00:00,max_sharpe,lt5,44.571045887198956,47.45825231813996,34.18047891990319
17162287,2023-05-01 00:00:00,safer_risk,all,13.294934597371443,1.339504396291602e-07,22.913737504072735
17162287,2023-05-01 00:00:00,safer_risk,gte5,50.02811246198307,50.525203204235694,22.954313577262575
17162287,2023-05-01 00:00:00,safer_risk,lt5,7.7203609127735,8.357858224949943e-08,16.997333319067643
17382266,2023-06-01 00:00:00,better_return,all,25.34895767594837,8.592310040695407,31.045228901484375
17382266,2023-06-01 00:00:00,better_return,gte5,55.942888644633285,57.00317190116725,28.203563654533365
17382266,2023-06-01 00:00:00,better_return,lt5,20.769273411035474,0.8144075408848132,28.77369335821641
17382266,2023-06-01 00:00:00,max_sharpe,all,50.409457321159586,61.14930855593923,34.496817955580376
17382266,2023-06-01 00:00:00,max_sharpe,gte5,75.7049210600156,85.17606326319057,24.05215054889507
17382266,2023-06-01 00:00:00,max_sharpe,lt5,46.622914252304334,53.19485625970604,34.226466955532224
17382266,2023-06-01 00:00:00,safer_risk,all,12.860120512463977,1.7292455523065797e-07,21.95149366656741
17382266,2023-06-01 00:00:00,safer_risk,gte5,47.72886773682949,47.7174953633776,21.622074657098626
17382266,2023-06-01 00:00:00,safer_risk,lt5,7.6405280003379,1.0049882523399667e-07,16.576249399764233
17595510,2023-07-01 00:00:00,better_return,all,26.00762791943945,10.044112317902165,31.191453728071927
17595510,2023-07-01 00:00:00,better_return,gte5,58.077090243546444,60.03775944538785,28.4935376494763
17595510,2023-07-01 00:00:00,better_return,lt5,20.905275011974265,2.759678342217289,28.4405147488449
17595510,2023-07-01 00:00:00,max_sharpe,all,45.64175593091728,50.144090075654695,35.65844860228372
17595510,2023-07-01 00:00:00,max_sharpe,gte5,76.71165956443764,86.33859714972539,23.843246901923173
17595510,2023-07-01 00:00:00,max_sharpe,lt5,40.69843597322702,39.99999999999988,34.718203588681746
17595510,2023-07-01 00:00:00,safer_risk,all,13.547177974184956,1.8244126348543332e-07,22.937230230172826
17595510,2023-07-01 00:00:00,safer_risk,gte5,49.13707874127718,49.45289587552991,22.3064376560907
17595510,2023-07-01 00:00:00,safer_risk,lt5,7.884712173538713,9.95458519434389e-08,17.235637702992907
17816434,2023-08-01 00:00:00,better_return,all,27.66326125748833,12.438658207735653,31.596579720728588
17816434,2023-08-01 00:00:00,better_return,gte5,56.783002659301296,58.20527217542083,27.221964124724526
17816434,2023-08-01 00:00:00,better_return,lt5,22.95999741969584,5.012755596046049,29.678689618836373
17816434,2023-08-01 00:00:00,max_sharpe,all,48.37722203463541,56.22987070081329,34.42471188124446
17816434,2023-08-01 00:00:00,max_sharpe,gte5,73.16084079686787,81.824506840312,24.31822185030699
17816434,2023-08-01 00:00:00,max_sharpe,lt5,44.374305378006504,47.44839194110327,34.14263686561394
17816434,2023-08-01 00:00:00,safer_risk,all,13.389967586106007,1.440123541252003e-07,22.281875590256146
17816434,2023-08-01 00:00:00,safer_risk,gte5,48.16268713003313,48.51243128526976,21.390792745299628
17816434,2023-08-01 00:00:00,safer_risk,lt5,7.773665156906807,8.375775420454978e-08,16.61115860482783
18037988,2023-09-01 00:00:00,better_return,all,28.14937765205201,11.907318681840458,32.41680118356203
18037988,2023-09-01 00:00:00,better_return,gte5,58.591072301392984,60.435052936555586,27.829810157396878
18037988,2023-09-01 00:00:00,better_return,lt5,23.201731296811758,4.200099951528994,30.342546835661988
18037988,2023-09-01 00:00:00,max_sharpe,all,47.22662861947689,53.75297949111302,35.383769984831545
18037988,2023-09-01 00:00:00,max_sharpe,gte5,75.7760098011646,85.92347666075392,24.482093463977606
18037988,2023-09-01 00:00:00,max_sharpe,lt5,42.58653734417086,43.66358195357497,34.69987844372537
18037988,2023-09-01 00:00:00,safer_risk,all,12.966825032052169,2.3002312415920656e-07,21.340755990180227
18037988,2023-09-01 00:00:00,safer_risk,gte5,45.92601514963829,46.25025952793332,20.25974513996967
18037988,2023-09-01 00:00:00,safer_risk,lt5,7.610013634547683,1.1224822044075822e-07,16.046349984324404
18251965,2023-10-01 00:00:00,better_return,all,28.216478236853995,12.504109517520435,32.284731580880766
18251965,2023-10-01 00:00:00,better_return,gte5,56.97806280438879,57.797225088374326,27.777287350134895
18251965,2023-10-01 00:00:00,better_return,lt5,23.505366755656866,5.122370841841201,30.47876488269928
18251965,2023-10-01 00:00:00,max_sharpe,all,50.286884838096185,60.615822285033,34.34930366958825
18251965,2023-10-01 00:00:00,max_sharpe,gte5,74.50861509767596,84.02589769980023,24.44816418946464
18251965,2023-10-01 00:00:00,max_sharpe,lt5,46.31939579894318,52.46469511838547,34.10853001833283
18251965,2023-10-01 00:00:00,safer_risk,all,13.4003506371267,2.349295563641718e-07,21.913256007184362
18251965,2023-10-01 00:00:00,safer_risk,gte5,46.83237092223537,47.018420952640035,20.354749398028027
18251965,2023-10-01 00:00:00,safer_risk,lt5,7.924227642756996,1.5786492599256796e-07,16.670792239912448
18473543,2023-11-01 00:00:00,better_return,all,25.411422151722373,11.003100245030947,30.136231554781894
18473543,2023-11-01 00:00:00,better_return,gte5,53.20701670143493,52.384332129623004,26.555892642338897
18473543,2023-11-01 00:00:00,better_return,lt5,20.806053712105847,2.9255310356906894,28.153239845936717
18473543,2023-11-01 00:00:00,max_sharpe,all,46.96065397107964,50.39441995325147,32.51753302532422
18473543,2023-11-01 00:00:00,max_sharpe,gte5,64.83047429885654,67.22237709318418,24.05706237583726
18473543,2023-11-01 00:00:00,max_sharpe,lt5,43.99985720121821,44.76330446015161,32.787506961427106
18473543,2023-11-01 00:00:00,safer_risk,all,12.501409242892674,1.303443922240355e-07,20.875446845273533
18473543,2023-11-01 00:00:00,safer_risk,gte5,44.446235609967516,44.21766745619839,20.45897820904729
18473543,2023-11-01 00:00:00,safer_risk,lt5,7.20856706616428,8.142954435741423e-08,15.54166867048725
18687851,2023-12-01 00:00:00,better_return,all,25.759054876763955,12.206404979795966,29.779614024810265
18687851,2023-12-01 00:00:00,better_return,gte5,53.33476568579017,52.29432162657841,25.599296194572517
18687851,2023-12-01 00:00:00,better_return,lt5,21.275439684439572,4.600495715091355,27.941445799149392
18687851,2023-12-01 00:00:00,max_sharpe,all,44.84862415362205,47.03332511994331,29.792754866126185
18687851,2023-12-01 00:00:00,max_sharpe,gte5,61.83160939768523,62.21580062596799,22.18865521395414
18687851,2023-12-01 00:00:00,max_sharpe,lt5,42.08731108435439,42.24087309634598,29.955911018292205
18687851,2023-12-01 00:00:00,safer_risk,all,12.53032232064987,2.198049658952428e-07,20.885284678482638
18687851,2023-12-01 00:00:00,safer_risk,gte5,44.95658265988204,44.68105270881032,20.032712462944772
18687851,2023-12-01 00:00:00,safer_risk,lt5,7.258042142847257,1.3511417193412534e-07,15.591986878128974
18908895,2024-01-01 00:00:00,better_return,all,32.53334711512085,25.85643491044169,31.65391387596891
18908895,2024-01-01 00:00:00,better_return,gte5,57.11343775637391,57.48716231244355,25.814750077266684
18908895,2024-01-01 00:00:00,better_return,lt5,28.475666449106924,16.88341898665945,30.678383680418083
18908895,2024-01-01 00:00:00,max_sharpe,all,44.55414902339269,45.945379108134034,29.04453434978046
18908895,2024-01-01 00:00:00,max_sharpe,gte5,63.56755282356197,64.71650697040306,20.89850235014898
18908895,2024-01-01 00:00:00,max_sharpe,lt5,41.41541686324446,42.16133232324753,29.0037276791702
18908895,2024-01-01 00:00:00,safer_risk,all,13.171018329834158,1.794132606369736e-07,21.37980658044223
18908895,2024-01-01 00:00:00,safer_risk,gte5,46.2805452510568,46.52001305952784,19.804548461153658
18908895,2024-01-01 00:00:00,safer_risk,lt5,7.705298564601342,9.271976519897862e-08,16.030109953615366
19129889,2024-02-01 00:00:00,better_return,all,31.82398256760049,23.692881771409414,32.003999967362084
19129889,2024-02-01 00:00:00,better_return,gte5,58.16538325637186,59.27307467390525,26.458379215533075
19129889,2024-02-01 00:00:00,better_return,lt5,27.484496964734017,14.69146816035244,30.733163769177143
19129889,2024-02-01 00:00:00,max_sharpe,all,48.58004661572971,51.196080626797105,32.02645001656211
19129889,2024-02-01 00:00:00,max_sharpe,gte5,71.66407036054594,77.3350811388452,22.706986900957695
19129889,2024-02-01 00:00:00,max_sharpe,lt5,44.77718169292565,44.10609229882745,31.74079568177259
19129889,2024-02-01 00:00:00,safer_risk,all,13.41529899171357,1.4496696620902583e-07,22.12996996505519
19129889,2024-02-01 00:00:00,safer_risk,gte5,47.90192843284974,48.11487590921703,20.73923717110463
19129889,2024-02-01 00:00:00,safer_risk,lt5,7.733967398173868,8.18140159786207e-08,16.472700699155485
19336607,2024-03-01 00:00:00,better_return,all,31.534428592204165,21.314345876727927,32.2674816288008
19336607,2024-03-01 00:00:00,better_return,gte5,53.58484020610166,53.13665229901965,26.74802233093626
19336607,2024-03-01 00:00:00,better_return,lt5,27.94592411035386,13.013886648921908,31.657469896042965
19336607,2024-03-01 00:00:00,max_sharpe,all,44.34763376705832,45.76083534657866,32.29667562111503
19336607,2024-03-01 00:00:00,max_sharpe,gte5,64.53494524588828,67.03845746455167,23.407108489200855
19336607,2024-03-01 00:00:00,max_sharpe,lt5,41.06233193293605,39.54117494110812,32.35038268587362
19336607,2024-03-01 00:00:00,safer_risk,all,13.027562454439032,1.2756930789503684e-07,21.743831230925096
19336607,2024-03-01 00:00:00,safer_risk,gte5,46.291555752598235,46.33010017271689,20.963454466537037
19336607,2024-03-01 00:00:00,safer_risk,lt5,7.614149266294915,7.623433759262888e-08,16.396379927303048
19557289,2024-04-01 00:00:00,better_return,all,25.900022979267455,12.177415033698104,30.040808592279767
19557289,2024-04-01 00:00:00,better_return,gte5,52.42038298909004,51.61613513346304,26.423867021733745
19557289,2024-04-01 00:00:00,better_return,lt5,21.509739331967175,3.8961817033386192,28.29404156850319
19557289,2024-04-01 00:00:00,max_sharpe,all,42.45174115383544,43.31786693072973,29.190536564037302
19557289,2024-04-01 00:00:00,max_sharpe,gte5,60.39811477558468,60.96763776418447,22.030594676347658
19557289,2024-04-01 00:00:00,max_sharpe,lt5,39.48082859417475,38.76175627470211,29.166003356607444
19557289,2024-04-01 00:00:00,safer_risk,all,12.823264917347432,1.7916670091988607e-07,21.277162671603122
19557289,2024-04-01 00:00:00,safer_risk,gte5,44.91497063200955,44.68842414782149,20.748385190716135
19557289,2024-04-01 00:00:00,safer_risk,lt5,7.510679011241188,9.582270532604298e-08,16.05250596028944
19771560,2024-05-01 00:00:00,better_return,all,26.05715759513628,9.233442238287562,31.488351545247113
19771560,2024-05-01 00:00:00,better_return,gte5,58.62658058667278,60.398905146442075,28.055810965776697
19771560,2024-05-01 00:00:00,better_return,lt5,20.707140722595096,0.9334137217728772,28.67438867600598
19771560,2024-05-01 00:00:00,max_sharpe,all,50.414725454714414,59.72848315616808,34.086049498202804
19771560,2024-05-01 00:00:00,max_sharpe,gte5,74.89156856517525,83.5797275916789,23.961554545029177
19771560,2024-05-01 00:00:00,max_sharpe,lt5,46.39403636662303,51.70350654736541,33.82038135992599
19771560,2024-05-01 00:00:00,safer_risk,all,14.172933040537526,1.6067600201730148e-07,23.464173760132446
19771560,2024-05-01 00:00:00,safer_risk,gte5,50.54408348428254,51.094106686978044,22.2381871209873
19771560,2024-05-01 00:00:00,safer_risk,lt5,8.198425337459048,1.195539181542138e-07,17.515047987467632
19993250,2024-06-01 00:00:00,better_return,all,26.14494044060527,9.509015847093002,31.548054264567167
19993250,2024-06-01 00:00:00,better_return,gte5,59.17383149803028,61.83981575936555,28.803138088734894
19993250,2024-06-01 00:00:00,better_return,lt5,20.275406734966833,0.6429163588743833,28.220619725416736
19993250,2024-06-01 00:00:00,max_sharpe,all,46.05509305703629,50.254507862892204,35.290055555129264
19993250,2024-06-01 00:00:00,max_sharpe,gte5,74.41011933807243,84.33738849664635,25.202773963707326
19993250,2024-06-01 00:00:00,max_sharpe,lt5,41.01614754138343,39.99999999999999,34.43192272001424
19993250,2024-06-01 00:00:00,safer_risk,all,15.133961922898507,1.9230087314192623e-07,24.626057095294385
19993250,2024-06-01 00:00:00,safer_risk,gte5,52.35874733772036,53.21117122281165,23.27846825308407
19993250,2024-06-01 00:00:00,safer_risk,lt5,8.518779708709843,1.0417957815866963e-07,18.108161114560826
20207949,2024-07-01 00:00:00,better_return,all,26.728779825190344,10.279979122434924,31.684238259544816
20207949,2024-07-01 00:00:00,better_return,gte5,58.18155235854863,59.908239152441354,28.358272985485804
20207949,2024-07-01 00:00:00,better_return,lt5,21.131873834807422,1.3194554615694374,28.84550764459794
20207949,2024-07-01 00:00:00,max_sharpe,all,46.02884551635168,50.37622963615266,35.35081113762846
20207949,2024-07-01 00:00:00,max_sharpe,gte5,74.03051358435114,83.97498171058066,25.290103753462777
20207949,2024-07-01 00:00:00,max_sharpe,lt5,41.04605096034615,40.00000000000005,34.552692709483466
20207949,2024-07-01 00:00:00,safer_risk,all,14.37671953806175,2.0290807055400872e-07,23.45321627463489
20207949,2024-07-01 00:00:00,safer_risk,gte5,49.82070794605353,50.39775447765378,21.99380234989413
20207949,2024-07-01 00:00:00,safer_risk,lt5,8.069591260789764,1.0760566222789425e-07,17.277911800708807
20429973,2024-08-01 00:00:00,better_return,all,27.305920931838912,9.093468172298659,32.824153123251634
20429973,2024-08-01 00:00:00,better_return,gte5,62.116843714510075,66.66648673942319,28.927634892411078
20429973,2024-08-01 00:00:00,better_return,lt5,21.016964798731106,0.38509500226935056,29.366985080789473
20429973,2024-08-01 00:00:00,max_sharpe,all,48.19214137164562,55.67576898006139,35.532982757620005
20429973,2024-08-01 00:00:00,max_sharpe,gte5,77.46318516122932,87.33199520905147,23.965742556296732
20429973,2024-08-01 00:00:00,max_sharpe,lt5,42.904022136420764,44.17972682557424,34.70125409685253
20429973,2024-08-01 00:00:00,safer_risk,all,15.301246232499699,5.675301936736155e-07,24.66368173515791
20429973,2024-08-01 00:00:00,safer_risk,gte5,52.736619774188775,53.662846819856604,22.67297118795871
20429973,2024-08-01 00:00:00,safer_risk,lt5,8.538155707723853,1.9725602817821652e-07,18.066635524211918
20651994,2024-09-01 00:00:00,better_return,all,27.102404613382436,9.000025756643321,32.60145572885148
20651994,2024-09-01 00:00:00,better_return,gte5,61.77007446129662,66.1104841967582,28.66204986093466
20651994,2024-09-01 00:00:00,better_return,lt5,20.764531533371162,0.05879452760550405,29.104789288798102
20651994,2024-09-01 00:00:00,max_sharpe,all,49.41291530400568,58.728953281548726,35.36635491897703
20651994,2024-09-01 00:00:00,max_sharpe,gte5,78.09035419814425,87.38287138398452,23.161886992345977
20651994,2024-09-01 00:00:00,max_sharpe,lt5,44.17016409608848,47.28771803701295,34.6919593990165
20651994,2024-09-01 00:00:00,safer_risk,all,15.856486492465425,6.241070556189943e-07,25.43238724098317
20651994,2024-09-01 00:00:00,safer_risk,gte5,54.42165075227298,55.58693496997134,23.45933482812822
20651994,2024-09-01 00:00:00,safer_risk,lt5,8.806081389938692,1.7966695631255192e-07,18.515772854232463
20866919,2024-10-01 00:00:00,better_return,all,28.725167872966647,13.553133456609512,32.264590207209785
20866919,2024-10-01 00:00:00,better_return,gte5,58.664855198208166,61.04842516490424,27.72725006826032
20866919,2024-10-01 00:00:00,better_return,lt5,23.193176861415154,4.15969478477674,29.917724936854476
20866919,2024-10-01 00:00:00,max_sharpe,all,50.05264306064285,59.085297233914936,34.07764279479613
20866919,2024-10-01 00:00:00,max_sharpe,gte5,73.54988071194862,81.36090944973917,23.89392798601511
20866919,2024-10-01 00:00:00,max_sharpe,lt5,45.71103100333449,50.19247760376047,33.9043211843903
20866919,2024-10-01 00:00:00,safer_risk,all,15.383193348162989,1.5400561659273393e-07,24.912397343486674
20866919,2024-10-01 00:00:00,safer_risk,gte5,53.03607905796433,54.001527714826246,23.203022760376886
20866919,2024-10-01 00:00:00,safer_risk,lt5,8.426025658239272,8.060341422089223e-08,18.04064588841472
21089069,2024-11-01 00:00:00,better_return,all,27.536969857036894,13.281555772546493,31.20349363287651
21089069,2024-11-01 00:00:00,better_return,gte5,55.433398583347845,56.11443764973414,26.85474494643417
21089069,2024-11-01 00:00:00,better_return,lt5,22.80008562045627,4.772144336762015,29.358981574039014
21089069,2024-11-01 00:00:00,max_sharpe,all,46.2357760517159,49.199120753034734,32.86662401699067
21089069,2024-11-01 00:00:00,max_sharpe,gte5,67.46714795661322,71.49042688781347,23.777728775669072
21089069,2024-11-01 00:00:00,max_sharpe,lt5,42.63063534055259,41.923964249543076,32.834375380287355
21089069,2024-11-01 00:00:00,safer_risk,all,14.116744984235957,1.7042240951781196e-07,23.147994242034517
21089069,2024-11-01 00:00:00,safer_risk,gte5,49.3856366053648,49.96902455831042,21.978094224414352
21089069,2024-11-01 00:00:00,safer_risk,lt5,8.127997879692572,1.1418161000031901e-07,17.254347862948297
21303934,2024-12-01 00:00:00,better_return,all,27.262331225057707,12.607431058739671,31.247539403106938
21303934,2024-12-01 00:00:00,better_return,gte5,58.14681021934256,59.73182115838829,27.0780382714405
21303934,2024-12-01 00:00:00,better_return,lt5,21.901884023548075,4.275574881993751,28.711125512500498
21303934,2024-12-01 00:00:00,max_sharpe,all,45.30072688129528,47.041431854340374,31.8544999843186
21303934,2024-12-01 00:00:00,max_sharpe,gte5,66.6065170655385,68.99591857237877,22.2805441788602
21303934,2024-12-01 00:00:00,max_sharpe,lt5,41.60279940807463,40.024196273786686,31.815145121036583
21303934,2024-12-01 00:00:00,safer_risk,all,14.507629431432996,1.7280363563687562e-07,23.663645088647826
21303934,2024-12-01 00:00:00,safer_risk,gte5,50.384828637153376,50.905975912753746,21.990335210028377
21303934,2024-12-01 00:00:00,safer_risk,lt5,8.280623558486507,9.435776812671826e-08,17.636444492011627
21525891,2025-01-01 00:00:00,better_return,all,28.132198855960986,15.459320998729526,31.292340133446487
21525891,2025-01-01 00:00:00,better_return,gte5,57.26004983825314,58.17323695214292,27.029684475915456
21525891,2025-01-01 00:00:00,better_return,lt5,22.800352637800476,5.699461826751678,28.9997289504574
21525891,2025-01-01 00:00:00,max_sharpe,all,44.96529231989879,47.07061083207748,31.68430210095221
21525891,2025-01-01 00:00:00,max_sharpe,gte5,67.45211787188897,70.58392489953765,22.997172548969083
21525891,2025-01-01 00:00:00,max_sharpe,lt5,40.849084232639115,40.0,31.326422022383312
21525891,2025-01-01 00:00:00,safer_risk,all,14.789375121255642,1.7123353499015614e-07,23.626806178627756
21525891,2025-01-01 00:00:00,safer_risk,gte5,49.770229011972084,49.98493281983056,22.149524489380475
21525891,2025-01-01 00:00:00,safer_risk,lt5,8.386138108040138,8.463137413095012e-08,17.481777285872994
21747950,2025-02-01 00:00:00,better_return,all,27.559001712290893,10.654434284903497,32.43630552929297
21747950,2025-02-01 00:00:00,better_return,gte5,59.778578431989466,62.40315291371168,29.057216741363042
21747950,2025-02-01 00:00:00,better_return,lt5,21.630835269186075,1.6330451053126143,29.39728071970534
21747950,2025-02-01 00:00:00,max_sharpe,all,49.6195026828421,58.230332299062795,34.89485336456665
21747950,2025-02-01 00:00:00,max_sharpe,gte5,74.78517760342302,85.31059328289122,25.346096421685896
21747950,2025-02-01 00:00:00,max_sharpe,lt5,44.98920257430395,48.32497596296334,34.43143959392713
21747950,2025-02-01 00:00:00,safer_risk,all,15.153777488869078,5.562714826962134e-07,24.47829600774269
21747950,2025-02-01 00:00:00,safer_risk,gte5,51.97962772822932,52.5725286184686,23.149995636873797
21747950,2025-02-01 00:00:00,safer_risk,lt5,8.378090411195299,1.7750280065231827e-07,17.759417130644128
21948292,2025-03-01 00:00:00,better_return,all,29.197298919115468,13.00581905905249,33.11031840168356
21948292,2025-03-01 00:00:00,better_return,gte5,61.66966913165027,65.92322970476934,29.66144692024485
21948292,2025-03-01 00:00:00,better_return,lt5,23.082608107715178,3.5138447119038614,30.0185233052489
21948292,2025-03-01 00:00:00,max_sharpe,all,50.35924408176585,60.14842586992497,35.15748519954579
21948292,2025-03-01 00:00:00,max_sharpe,gte5,77.47307044230529,88.09659449768711,24.630126019726877
21948292,2025-03-01 00:00:00,max_sharpe,lt5,45.25359075792268,48.80502794239885,34.497351525812675
21948292,2025-03-01 00:00:00,safer_risk,all,15.691971009256548,5.502512532423731e-07,25.053751496256073
21948292,2025-03-01 00:00:00,safer_risk,gte5,53.35134363073545,54.24263309462022,23.480881081551836
21948292,2025-03-01 00:00:00,safer_risk,lt5,8.600544722093584,1.9929847702715442e-07,18.01994559443037
22170335,2025-04-01 00:00:00,better_return,all,28.152103024672435,10.837951766811576,33.1734239791672
22170335,2025-04-01 00:00:00,better_return,gte5,62.979566251891654,68.23049744134144,29.52033296051202
22170335,2025-04-01 00:00:00,better_return,lt5,21.519372964547017,1.044341481206519,29.480482932037823
22170335,2025-04-01 00:00:00,max_sharpe,all,48.742736600025694,56.71329060546507,35.85897291060027
22170335,2025-04-01 00:00:00,max_sharpe,gte5,78.29269153507624,88.5314441449951,24.22589960997205
22170335,2025-04-01 00:00:00,max_sharpe,lt5,43.1150837016693,43.84884005570672,34.94301979069106
22170335,2025-04-01 00:00:00,safer_risk,all,16.034820453788335,3.2465790254744206e-07,25.55866134099128
22170335,2025-04-01 00:00:00,safer_risk,gte5,54.850095943881996,56.260534307419825,23.77870767870443
22170335,2025-04-01 00:00:00,safer_risk,lt5,8.64262990417669,1.276640654301886e-07,18.121683296340223
22385294,2025-05-01 00:00:00,better_return,all,28.244477661655583,14.47455048997755,32.171452616509264
22385294,2025-05-01 00:00:00,better_return,gte5,59.916878778690055,62.93591939885545,28.859160414971047
22385294,2025-05-01 00:00:00,better_return,lt5,22.291249960537755,4.704976085679461,29.137697917688122
22385294,2025-05-01 00:00:00,max_sharpe,all,50.02007176840194,59.30585899233155,34.876127486735946
22385294,2025-05-01 00:00:00,max_sharpe,gte5,75.15716008569544,85.19064505629808,24.98722516009017
22385294,2025-05-01 00:00:00,max_sharpe,lt5,45.295238626039584,49.272707491253485,34.44593516324872
22385294,2025-05-01 00:00:00,safer_risk,all,15.824346314377628,1.9196945422184086e-07,25.47633587234451
22385294,2025-05-01 00:00:00,safer_risk,gte5,54.55117003360016,55.89354160623675,23.728774858707023
22385294,2025-05-01 00:00:00,safer_risk,lt5,8.545150812600978,8.647591358268425e-08,18.174697766537875
22606143,2025-06-01 00:00:00,better_return,all,28.600612365273033,16.15172978381753,31.820943884766876
22606143,2025-06-01 00:00:00,better_return,gte5,59.54942136848358,62.08051765374262,27.859747965126246
22606143,2025-06-01 00:00:00,better_return,lt5,22.819506784543854,7.699388661094305,29.058439160476365
22606143,2025-06-01 00:00:00,max_sharpe,all,46.2013405539639,49.85154300990895,34.105644684543925
22606143,2025-06-01 00:00:00,max_sharpe,gte5,71.81803753808924,78.34535069549521,23.703951560351946
22606143,2025-06-01 00:00:00,max_sharpe,lt5,41.41625076652115,40.00000000000002,33.61611830332067
22606143,2025-06-01 00:00:00,safer_risk,all,15.046437578162324,1.436706115187647e-07,24.281890812282168
22606143,2025-06-01 00:00:00,safer_risk,gte5,51.84450452896895,52.75529050702954,22.85583879569104
22606143,2025-06-01 00:00:00,safer_risk,lt5,8.172715549398957,8.704840459561325e-08,17.377545905203007
22820674,2025-07-01 00:00:00,better_return,all,29.40127302623165,15.971281085413628,32.283855546481604
22820674,2025-07-01 00:00:00,better_return,gte5,61.01252855670026,64.45325150908235,28.72535928084749
22820674,2025-07-01 00:00:00,better_return,lt5,23.631728822030745,6.552197342804048,29.431303016776862
22820674,2025-07-01 00:00:00,max_sharpe,all,50.174427085390484,59.403037262595326,34.84201030791582
22820674,2025-07-01 00:00:00,max_sharpe,gte5,75.77064623345903,85.75417356404502,24.434010801133994
22820674,2025-07-01 00:00:00,max_sharpe,lt5,45.50272027220004,49.50856491342231,34.42622423091494
22820674,2025-07-01 00:00:00,safer_risk,all,15.053737289291263,1.5802143760179632e-07,24.451581278051872
22820674,2025-07-01 00:00:00,safer_risk,gte5,52.350770798259866,53.24112566471801,22.968601286390196
22820674,2025-07-01 00:00:00,safer_risk,lt5,8.246450457291074,8.756006961152529e-08,17.6205615345597
23042514,2025-08-01 00:00:00,better_return,all,29.43417366940284,14.470278126165786,32.93230555110601
23042514,2025-08-01 00:00:00,better_return,gte5,59.81400798498664,62.418461155382616,28.406302917380703
23042514,2025-08-01 00:00:00,better_return,lt5,23.90947283982321,5.3094322340284865,30.60492117026768
23042514,2025-08-01 00:00:00,max_sharpe,all,49.68666415181919,56.883546751735025,33.69106367890115
23042514,2025-08-01 00:00:00,max_sharpe,gte5,72.3054167295149,79.26090355145818,24.015441990796415
23042514,2025-08-01 00:00:00,max_sharpe,lt5,45.57334872580494,49.35081739606727,33.56587687803208
23042514,2025-08-01 00:00:00,safer_risk,all,14.825818615045852,1.2065839369301834e-07,24.177026166381076
23042514,2025-08-01 00:00:00,safer_risk,gte5,51.44749259315273,52.33951241841597,23.006407295092195
23042514,2025-08-01 00:00:00,safer_risk,lt5,8.166012952325413,7.534333573699925e-08,17.502197148976546
23264566,2025-09-01 00:00:00,better_return,all,29.45504900889726,14.684384452499478,32.75665220595119
23264566,2025-09-01 00:00:00,better_return,gte5,60.39868412319555,63.16971319389458,28.255336728274678
23264566,2025-09-01 00:00:00,better_return,lt5,23.924063863574343,6.115027533799078,30.337221139071637
23264566,2025-09-01 00:00:00,max_sharpe,all,48.89198651730779,54.08801306621185,33.62846032322018
23264566,2025-09-01 00:00:00,max_sharpe,gte5,72.46602836190725,78.81871401121654,23.377529667727273
23264566,2025-09-01 00:00:00,max_sharpe,lt5,44.67827100598939,45.91054172744323,33.44002550813415
23264566,2025-09-01 00:00:00,safer_risk,all,15.21215988134665,1.4954767840746896e-07,24.774540361535564
23264566,2025-09-01 00:00:00,safer_risk,gte5,52.029072346297575,52.73618832659517,23.538439156909607
23264566,2025-09-01 00:00:00,safer_risk,lt5,8.631362402701457,8.034119307331888e-08,18.408174800698266
23479244,2025-10-01 00:00:00,better_return,all,26.58192281290031,9.17899732642998,32.5921616926244
23479244,2025-10-01 00:00:00,better_return,gte5,61.500335533120726,65.53045646846164,28.98350322629054
23479244,2025-10-01 00:00:00,better_return,lt5,20.45203969512727,0.002962257585468574,29.14851223642905
23479244,2025-10-01 00:00:00,max_sharpe,all,50.961381670593646,62.16001875269185,35.26438909139983
23479244,2025-10-01 00:00:00,max_sharpe,gte5,76.30380545447306,86.99463068232174,24.91255091179139
23479244,2025-10-01 00:00:00,max_sharpe,lt5,46.51255127956329,52.74503941710724,34.934190708074624
23479244,2025-10-01 00:00:00,safer_risk,all,15.56067755754863,1.5677720649476257e-07,25.407334563745312
23479244,2025-10-01 00:00:00,safer_risk,gte5,52.67121746829614,53.95241232819673,23.65438948772088
23479244,2025-10-01 00:00:00,safer_risk,lt5,9.045969288503896,7.739555871189019e-08,19.401664087279002
23700767,2025-11-01 00:00:00,better_return,all,30.623912822598342,15.544241558761579,33.81755313821729
23700767,2025-11-01 00:00:00,better_return,gte5,63.48859500902826,68.82193809856842,29.424067832655865
23700767,2025-11-01 00:00:00,better_return,lt5,24.899894931083914,6.910732438215583,31.163083066888614
23700767,2025-11-01 00:00:00,max_sharpe,all,50.533949837088045,62.717738816574396,36.21640478018467
23700767,2025-11-01 00:00:00,max_sharpe,gte5,79.06929199996624,89.43696976891269,24.594742952870863
23700767,2025-11-01 00:00:00,max_sharpe,lt5,45.563969961602105,50.42282807414704,35.611758722798044
23700767,2025-11-01 00:00:00,safer_risk,all,15.37572258700164,2.264023427067663e-07,24.66095298637424
23700767,2025-11-01 00:00:00,safer_risk,gte5,52.3927711055661,53.493472650562374,22.740672289089275
23700767,2025-11-01 00:00:00,safer_risk,lt5,8.92849005910557,1.6163839225424859e-07,18.541628289150765
23914921,2025-12-01 00:00:00,better_return,all,29.611789405028592,13.783392376436876,33.38062497826424
23914921,2025-12-01 00:00:00,better_return,gte5,64.55777425781942,70.9570189001044,29.813206377423807
23914921,2025-12-01 00:00:00,better_return,lt5,23.85855708669888,9.544498612528496,30.285783235567216
23914921,2025-12-01 00:00:00,max_sharpe,all,50.05608819259212,63.50977486466076,36.50616277159855
23914921,2025-12-01 00:00:00,max_sharpe,gte5,78.75949827172191,89.52833809713403,25.14785070042847
23914921,2025-12-01 00:00:00,max_sharpe,lt5,45.330584326864496,51.003173405403025,35.91686317629685
23914921,2025-12-01 00:00:00,safer_risk,all,14.788577282167921,2.680686755907047e-07,24.17911719899788
23914921,2025-12-01 00:00:00,safer_risk,gte5,52.69696645372967,53.99076302464662,22.756904781579827
23914921,2025-12-01 00:00:00,safer_risk,lt5,8.547637997257768,1.0418447771165518e-07,17.890951899423147
