block_number,date,optimisation,token_group,mean_dist,median_dist,std_dist,count
9193266,2020-01-01 00:00:00,better_return,gte5,61.72042226182694,65.58965137298846,27.175590656326484,68218
9193266,2020-01-01 00:00:00,better_return,lt5,39.44437604828608,38.824903105058716,35.35844207658677,810811
9193266,2020-01-01 00:00:00,max_sharpe,gte5,79.78513862285268,88.77492519381241,22.628619609125412,68218
9193266,2020-01-01 00:00:00,max_sharpe,lt5,36.460164753095135,34.04791081027901,34.841511722510866,810811
9193266,2020-01-01 00:00:00,safer_risk,gte5,43.77465155076805,44.415827706343364,18.32933308165189,68218
9193266,2020-01-01 00:00:00,safer_risk,lt5,6.198627566953863,6.549144004885932e-08,14.459105257519685,810811
9393154,2020-02-01 00:00:00,better_return,gte5,58.057089962293915,59.72430139208906,25.693527289898878,71816
9393154,2020-02-01 00:00:00,better_return,lt5,36.33793530896653,27.705528078542564,34.29968005811196,842759
9393154,2020-02-01 00:00:00,max_sharpe,gte5,69.58577270566454,78.41050114961897,24.67668417007142,71816
9393154,2020-02-01 00:00:00,max_sharpe,lt5,34.7070525888713,31.15514153970695,32.74227467893644,842759
9393154,2020-02-01 00:00:00,safer_risk,gte5,42.30367208873227,41.58124934416517,18.707981446679973,71816
9393154,2020-02-01 00:00:00,safer_risk,lt5,5.5929198074818265,3.4711078455984534e-08,13.706152922951432,842759
9581792,2020-03-01 00:00:00,better_return,gte5,51.553111547952,50.44664060798736,26.00978843842793,73967
9581792,2020-03-01 00:00:00,better_return,lt5,20.70194909433756,0.9717674850790454,28.073913496400554,856978
9581792,2020-03-01 00:00:00,max_sharpe,gte5,58.084559717432064,57.92962072194341,23.549142380721282,73967
9581792,2020-03-01 00:00:00,max_sharpe,lt5,30.256467823143783,22.694241548659427,31.377112893822954,856978
9581792,2020-03-01 00:00:00,safer_risk,gte5,41.97888992829852,41.878649107785115,19.019458063919974,73967
9581792,2020-03-01 00:00:00,safer_risk,lt5,6.26038692156477,6.788111253652751e-08,14.855935201755422,856978
9782602,2020-04-01 00:00:00,better_return,gte5,54.300824544370414,53.480440597346416,26.904216171251917,75371
9782602,2020-04-01 00:00:00,better_return,lt5,45.1917158024909,52.11954814476155,34.19482155806728,868880
9782602,2020-04-01 00:00:00,max_sharpe,gte5,65.94770660737291,69.57843055881155,24.525339384454824,75371
9782602,2020-04-01 00:00:00,max_sharpe,lt5,44.92519081806981,48.48991061782918,33.1684004227662,868880
9782602,2020-04-01 00:00:00,safer_risk,gte5,43.85502775590304,43.24796511030808,18.90319449659191,75371
9782602,2020-04-01 00:00:00,safer_risk,lt5,6.6909754852320455,8.786241734171085e-08,14.747113138863497,868880
9976964,2020-05-01 00:00:00,better_return,gte5,54.57336260701939,54.34184600175314,26.141708207826838,77028
9976964,2020-05-01 00:00:00,better_return,lt5,42.65950509841777,46.46617079291013,34.34951923171713,932715
9976964,2020-05-01 00:00:00,max_sharpe,gte5,61.76834739762616,62.50286702541567,22.868696259355502,77028
9976964,2020-05-01 00:00:00,max_sharpe,lt5,41.79796101722194,41.71775813891848,32.505325837890524,932715
9976964,2020-05-01 00:00:00,safer_risk,gte5,43.5454777548255,43.21985489095175,18.877984884934328,77028
9976964,2020-05-01 00:00:00,safer_risk,lt5,6.613976306782916,8.349239979943412e-08,14.95208483365951,932715
10176690,2020-06-01 00:00:00,better_return,gte5,52.70013198844581,51.476323767129095,25.604648953004943,75479
10176690,2020-06-01 00:00:00,better_return,lt5,35.35847274074994,24.039242845498688,34.74959852481316,947996
10176690,2020-06-01 00:00:00,max_sharpe,gte5,55.62380191715631,55.00546930791297,20.168526740477095,75479
10176690,2020-06-01 00:00:00,max_sharpe,lt5,26.870969184441215,19.500272739178435,27.281692064545158,947996
10176690,2020-06-01 00:00:00,safer_risk,gte5,42.89472411687941,43.26446806485267,18.70686547094035,75479
10176690,2020-06-01 00:00:00,safer_risk,lt5,5.901242105640682,8.211817614789396e-08,14.174879852851822,947996
10370274,2020-07-01 00:00:00,better_return,gte5,53.12613625596531,51.66296111803981,25.580631049067552,82375
10370274,2020-07-01 00:00:00,better_return,lt5,18.64891932539995,3.326922970864343e-05,26.33352132808581,962927
10370274,2020-07-01 00:00:00,max_sharpe,gte5,59.93648356664568,60.184264565613724,21.624694955448884,82375
10370274,2020-07-01 00:00:00,max_sharpe,lt5,30.390005980025297,20.558670541646784,29.74922707567185,962927
10370274,2020-07-01 00:00:00,safer_risk,gte5,43.365395917387175,42.742801840546285,18.604381365619584,82375
10370274,2020-07-01 00:00:00,safer_risk,lt5,6.04084905295288,1.2613522309967706e-07,14.227187244974866,962927
10570485,2020-08-01 00:00:00,better_return,gte5,51.49629062871842,50.9554743419397,26.792062492075278,84755
10570485,2020-08-01 00:00:00,better_return,lt5,21.90586126012104,3.8926831448826666,29.29217855359523,989399
10570485,2020-08-01 00:00:00,max_sharpe,gte5,57.563235946546996,57.80180776074546,22.78795735973457,84755
10570485,2020-08-01 00:00:00,max_sharpe,lt5,43.982337479745524,44.30819068592143,32.82835929241652,989399
10570485,2020-08-01 00:00:00,safer_risk,gte5,41.45556056542683,41.46965153397363,19.355985972744776,84755
10570485,2020-08-01 00:00:00,safer_risk,lt5,5.993846649747295,1.6698765148426276e-07,13.944079644866934,989399
10771925,2020-09-01 00:00:00,better_return,gte5,47.79779029364453,46.59034779129345,26.723086641520773,86445
10771925,2020-09-01 00:00:00,better_return,lt5,17.740139343405684,5.610575129488815e-07,27.487326423359338,1009956
10771925,2020-09-01 00:00:00,max_sharpe,gte5,56.42783631123989,56.40721400480492,20.126223197523238,86445
10771925,2020-09-01 00:00:00,max_sharpe,lt5,32.35530423716811,22.08197226685064,25.592182735327185,1009956
10771925,2020-09-01 00:00:00,safer_risk,gte5,40.49009825473171,40.218031290829856,20.114219418819996,86445
10771925,2020-09-01 00:00:00,safer_risk,lt5,6.385253035454225,2.3968204712621066e-07,15.086859901042573,1009956
10966874,2020-10-01 00:00:00,better_return,gte5,51.46655290553119,51.71328564709664,28.84283719337404,92796
10966874,2020-10-01 00:00:00,better_return,lt5,21.06113267616797,2.019109936737036,29.61986482924224,1063489
10966874,2020-10-01 00:00:00,max_sharpe,gte5,69.15352954560943,76.15675773870392,25.475799580760008,92796
10966874,2020-10-01 00:00:00,max_sharpe,lt5,31.052401659812205,15.54026247713801,32.82965031508365,1063489
10966874,2020-10-01 00:00:00,safer_risk,gte5,49.69546977997948,50.26205632925745,22.17441339838475,92796
10966874,2020-10-01 00:00:00,safer_risk,lt5,6.942721178477927,5.119604740144723e-08,16.005965616295327,1063489
11167817,2020-11-01 00:00:00,better_return,gte5,56.51309736624024,58.06033635438441,30.0605690966361,115401
11167817,2020-11-01 00:00:00,better_return,lt5,32.484982849256134,16.58867937673496,33.78327674914172,1153890
11167817,2020-11-01 00:00:00,max_sharpe,gte5,75.71995408243909,87.9099767942353,26.425821452163703,115401
11167817,2020-11-01 00:00:00,max_sharpe,lt5,47.08152790234315,56.66666666666666,34.8393182567492,1153890
11167817,2020-11-01 00:00:00,safer_risk,gte5,50.803693262962696,51.953821586085056,21.96709369724575,115401
11167817,2020-11-01 00:00:00,safer_risk,lt5,7.179253251384528,8.35366158191686e-08,16.529723856588184,1153890
11363270,2020-12-01 00:00:00,better_return,gte5,56.45388828189322,57.52625615130038,28.44613108193655,124139
11363270,2020-12-01 00:00:00,better_return,lt5,31.042006464591964,12.50585095313135,34.433231857180786,1189182
11363270,2020-12-01 00:00:00,max_sharpe,gte5,68.74365997646795,75.70238723453075,25.24175999108249,124139
11363270,2020-12-01 00:00:00,max_sharpe,lt5,46.029310726261784,47.33742922803741,33.05921828369163,1189182
11363270,2020-12-01 00:00:00,safer_risk,gte5,47.384671838903884,47.52086307805405,21.103534096377743,124139
11363270,2020-12-01 00:00:00,safer_risk,lt5,6.777403064785923,7.544617222632333e-08,15.994455657505034,1189182
11565019,2021-01-01 00:00:00,better_return,gte5,57.248500145271,59.32040985486863,27.99903327331602,121271
11565019,2021-01-01 00:00:00,better_return,lt5,32.2985186543944,16.650067770018044,33.68760835891632,1226843
11565019,2021-01-01 00:00:00,max_sharpe,gte5,67.56484595596724,72.57822120841068,23.5212057274611,121271
11565019,2021-01-01 00:00:00,max_sharpe,lt5,32.22779415556729,24.865517097189382,31.540820476194146,1226843
11565019,2021-01-01 00:00:00,safer_risk,gte5,48.351191507822975,49.71844684185237,21.467746916806973,121271
11565019,2021-01-01 00:00:00,safer_risk,lt5,6.438722960035958,7.272269800240316e-08,15.67855235941898,1226843
11766939,2021-02-01 00:00:00,better_return,gte5,50.01477946609097,48.2032397812434,26.38611299589864,130821
11766939,2021-02-01 00:00:00,better_return,lt5,27.470412414875103,21.420272878182605,29.258950817045605,1293785
11766939,2021-02-01 00:00:00,max_sharpe,gte5,58.95805612846295,60.17412273842543,23.10371922140479,130821
11766939,2021-02-01 00:00:00,max_sharpe,lt5,33.37433474051202,22.428080694079387,27.988426078876447,1293785
11766939,2021-02-01 00:00:00,safer_risk,gte5,45.173669504464456,45.21779394003957,20.984287890350583,130821
11766939,2021-02-01 00:00:00,safer_risk,lt5,6.121867333162109,6.727124413075103e-08,14.663090482852619,1293785
11948960,2021-03-01 00:00:00,better_return,gte5,49.35613934108725,47.44261156475113,26.114420727087314,150957
11948960,2021-03-01 00:00:00,better_return,lt5,20.977414558187856,2.0897105359221313,28.535252679048682,1430300
11948960,2021-03-01 00:00:00,max_sharpe,gte5,54.02892171793442,52.64134300011776,21.15334589894758,150957
11948960,2021-03-01 00:00:00,max_sharpe,lt5,34.1859962042838,31.697147536706858,24.76446321730961,1430300
11948960,2021-03-01 00:00:00,safer_risk,gte5,41.37452423284949,40.60043611939946,20.316450532262134,150957
11948960,2021-03-01 00:00:00,safer_risk,lt5,5.910494963414596,3.061008169158441e-07,13.960243048128019,1430300
12150245,2021-04-01 00:00:00,better_return,gte5,53.36757599049152,52.583340665060796,26.00171696037627,168506
12150245,2021-04-01 00:00:00,better_return,lt5,30.66624903375729,19.409879649500716,32.74991216160766,1529503
12150245,2021-04-01 00:00:00,max_sharpe,gte5,61.03274631359023,61.43772117103285,20.92215460780016,168506
12150245,2021-04-01 00:00:00,max_sharpe,lt5,35.63821783953035,36.112070999833044,25.384259303775234,1529503
12150245,2021-04-01 00:00:00,safer_risk,gte5,44.03130909792122,43.14369874505219,20.728497655626345,168506
12150245,2021-04-01 00:00:00,safer_risk,lt5,6.5407197009399605,2.659565727369806e-07,15.312040670800254,1529503
12344945,2021-05-01 00:00:00,better_return,gte5,53.27405707049689,52.84296589231743,25.59083168604478,189411
12344945,2021-05-01 00:00:00,better_return,lt5,18.531884163227716,4.165443633270295e-06,27.078006965719762,1634028
12344945,2021-05-01 00:00:00,max_sharpe,gte5,62.48357436338175,63.29370045937813,21.068168228822923,189411
12344945,2021-05-01 00:00:00,max_sharpe,lt5,34.409239573524886,28.342135341962468,27.186471862085668,1634028
12344945,2021-05-01 00:00:00,safer_risk,gte5,44.969581727159515,44.214274186571494,21.034896014906913,189411
12344945,2021-05-01 00:00:00,safer_risk,lt5,6.580762126365604,6.331786137070416e-08,15.236117859420688,1634028
12545219,2021-06-01 00:00:00,better_return,gte5,55.94320558617922,56.65724945550457,27.948268755855043,207214
12545219,2021-06-01 00:00:00,better_return,lt5,20.41804100481629,1.815713202999214,27.997636705487846,1742174
12545219,2021-06-01 00:00:00,max_sharpe,gte5,71.2172484324599,80.60036082192352,26.238667650207336,207214
12545219,2021-06-01 00:00:00,max_sharpe,lt5,35.57393275096975,27.466635248223415,33.301657529653426,1742174
12545219,2021-06-01 00:00:00,safer_risk,gte5,49.1834268573015,49.01558437179854,23.665680312924398,207214
12545219,2021-06-01 00:00:00,safer_risk,lt5,6.82317064910903,7.21073978304787e-08,16.149587452125935,1742174
12738509,2021-07-01 00:00:00,better_return,gte5,58.64673338515411,61.37010445821598,29.247301145239653,235473
12738509,2021-07-01 00:00:00,better_return,lt5,26.148943138030354,11.898098143673117,29.46313204513089,1856609
12738509,2021-07-01 00:00:00,max_sharpe,gte5,73.62120529133414,83.5542605619199,25.61167344221628,235473
12738509,2021-07-01 00:00:00,max_sharpe,lt5,46.320418039104666,52.27817250410395,33.692134223018556,1856609
12738509,2021-07-01 00:00:00,safer_risk,gte5,53.3842201290383,53.95362240472865,24.735116994371666,235473
12738509,2021-07-01 00:00:00,safer_risk,lt5,7.442203865070041,1.018881000403038e-07,17.11585660697885,1856609
12936340,2021-08-01 00:00:00,better_return,gte5,59.10896728751714,61.336767895640676,27.66306718156585,257490
12936340,2021-08-01 00:00:00,better_return,lt5,25.855454137439313,10.805430957129346,29.185154208053664,1928674
12936340,2021-08-01 00:00:00,max_sharpe,gte5,75.06658485088653,83.1663797407829,23.067741538876064,257490
12936340,2021-08-01 00:00:00,max_sharpe,lt5,44.81246325354286,47.83752494182939,33.82479601070654,1928674
12936340,2021-08-01 00:00:00,safer_risk,gte5,52.4711911849013,52.70490271051912,23.26318807078102,257490
12936340,2021-08-01 00:00:00,safer_risk,lt5,7.514860350648408,1.5168948319654874e-07,17.15721959447119,1928674
13136427,2021-09-01 00:00:00,better_return,gte5,52.785872764012765,51.78428793769426,25.91686855928099,266634
13136427,2021-09-01 00:00:00,better_return,lt5,28.366089006961044,16.243814773476874,31.303887214776722,2020007
13136427,2021-09-01 00:00:00,max_sharpe,gte5,62.36726530382087,63.3335706329879,22.16311171515791,266634
13136427,2021-09-01 00:00:00,max_sharpe,lt5,41.91407340736104,39.65614266293972,31.51132176149576,2020007
13136427,2021-09-01 00:00:00,safer_risk,gte5,45.62747565119536,44.903576073289635,20.979572272169356,266634
13136427,2021-09-01 00:00:00,safer_risk,lt5,6.664681407568678,7.147787084438306e-08,15.149226064888978,2020007
13330090,2021-10-01 00:00:00,better_return,gte5,54.83645897064079,54.63603547132377,26.378226154622862,276117
13330090,2021-10-01 00:00:00,better_return,lt5,27.886605979570845,12.381985778929161,31.15220116040166,2110690
13330090,2021-10-01 00:00:00,max_sharpe,gte5,69.16970327936069,74.39556454309985,23.67990205632064,276117
13330090,2021-10-01 00:00:00,max_sharpe,lt5,43.84942247199802,45.46223693557342,32.829539055647615,2110690
13330090,2021-10-01 00:00:00,safer_risk,gte5,48.48112655349414,47.853259175724425,22.19232903316908,276117
13330090,2021-10-01 00:00:00,safer_risk,lt5,7.2945531636787795,6.809226654747036e-08,16.399398868845864,2110690
13527859,2021-11-01 00:00:00,better_return,gte5,53.13868273975144,52.53425546241877,26.69049308023303,292358
13527859,2021-11-01 00:00:00,better_return,lt5,26.103539102335496,7.857564244884068,31.72097459794729,2214942
13527859,2021-11-01 00:00:00,max_sharpe,gte5,67.10830734729888,71.34484214764275,24.277220368152406,292358
13527859,2021-11-01 00:00:00,max_sharpe,lt5,40.698752110134606,38.98323053441033,33.26659584374309,2214942
13527859,2021-11-01 00:00:00,safer_risk,gte5,47.85860519328066,47.71875598554433,22.26123368817465,292358
13527859,2021-11-01 00:00:00,safer_risk,lt5,7.047193985985406,6.637315558277734e-08,16.044869416150856,2214942
13717847,2021-12-01 00:00:00,better_return,gte5,50.63131657237815,49.31011692323489,25.673763993735935,282051
13717847,2021-12-01 00:00:00,better_return,lt5,18.667658709290414,0.0033798770729214587,26.28822832150642,2297140
13717847,2021-12-01 00:00:00,max_sharpe,gte5,62.433132976648444,63.56215955501789,22.801086690120773,282051
13717847,2021-12-01 00:00:00,max_sharpe,lt5,35.25785487548151,29.845149627834065,31.19117783396315,2297140
13717847,2021-12-01 00:00:00,safer_risk,gte5,44.24403449320127,43.42473633707603,20.91115903308132,282051
13717847,2021-12-01 00:00:00,safer_risk,lt5,6.644800642158728,7.377746052972256e-08,15.413191729285131,2297140
13916166,2022-01-01 00:00:00,better_return,gte5,55.820739187888464,56.6921473383508,28.40216446598108,270146
13916166,2022-01-01 00:00:00,better_return,lt5,19.950422337861777,0.0008809449782987144,28.25670638900089,2351379
13916166,2022-01-01 00:00:00,max_sharpe,gte5,71.79611620912819,81.00865162338992,25.59624084067944,270146
13916166,2022-01-01 00:00:00,max_sharpe,lt5,38.85147148382806,36.5687133540772,34.19153144346264,2351379
13916166,2022-01-01 00:00:00,safer_risk,gte5,48.66154994393654,48.22509675077253,22.323487970759974,270146
13916166,2022-01-01 00:00:00,safer_risk,lt5,7.351150911297401,1.0649372356175135e-07,16.932290061776502,2351379
14116761,2022-02-01 00:00:00,better_return,gte5,58.31368065988423,60.31448069193071,28.560368231980547,296828
14116761,2022-02-01 00:00:00,better_return,lt5,20.29448219946876,0.03859946925342945,28.01649473605212,2461427
14116761,2022-02-01 00:00:00,max_sharpe,gte5,74.03425786757332,83.93101675073738,25.12382285532491,296828
14116761,2022-02-01 00:00:00,max_sharpe,lt5,40.07804696979665,38.929090195757375,34.300682153824305,2461427
14116761,2022-02-01 00:00:00,safer_risk,gte5,50.97419291524631,51.77256310277786,22.53648216613936,296828
14116761,2022-02-01 00:00:00,safer_risk,lt5,7.524969953428272,1.954215116117819e-07,17.00287432007902,2461427
14297759,2022-03-01 00:00:00,better_return,gte5,61.46139218784808,65.80179448630949,29.202667146518294,338639
14297759,2022-03-01 00:00:00,better_return,lt5,21.646187132339367,0.6845998236840956,28.8670639327855,2600289
14297759,2022-03-01 00:00:00,max_sharpe,gte5,77.83146174707593,87.4115664249427,23.60485043890799,338639
14297759,2022-03-01 00:00:00,max_sharpe,lt5,41.76834626683854,41.60357105402247,34.579051367392005,2600289
14297759,2022-03-01 00:00:00,safer_risk,gte5,51.51353273544436,52.137782360087485,22.88521617586338,338639
14297759,2022-03-01 00:00:00,safer_risk,lt5,7.727369552356456,1.9355599484294217e-07,17.054794499563087,2600289
14497034,2022-04-01 00:00:00,better_return,gte5,58.273123787720834,60.328877993722465,27.655517841702892,343005
14497034,2022-04-01 00:00:00,better_return,lt5,19.16292030876639,0.00010503221902491422,27.364678229906154,2603680
14497034,2022-04-01 00:00:00,max_sharpe,gte5,72.86506296038498,80.13678900316582,23.44915765771204,343005
14497034,2022-04-01 00:00:00,max_sharpe,lt5,43.853548310426795,46.69552307966845,32.99497430822153,2603680
14497034,2022-04-01 00:00:00,safer_risk,gte5,52.3763872574336,52.86845513030275,23.39024384543725,343005
14497034,2022-04-01 00:00:00,safer_risk,lt5,7.925911125232628,7.818772886081238e-08,17.82096094475207,2603680
14688630,2022-05-01 00:00:00,better_return,gte5,59.03159809216909,62.10839747254619,28.290978534525156,351203
14688630,2022-05-01 00:00:00,better_return,lt5,20.027537505964247,0.07524696866107076,28.252887064394415,2652403
14688630,2022-05-01 00:00:00,max_sharpe,gte5,75.76870472939332,84.54751918879515,23.4792504991276,351203
14688630,2022-05-01 00:00:00,max_sharpe,lt5,40.81649748522128,40.09603921190443,34.173489538529175,2652403
14688630,2022-05-01 00:00:00,safer_risk,gte5,51.24920715838331,51.81541128785779,22.359281820689688,351203
14688630,2022-05-01 00:00:00,safer_risk,lt5,7.791016340580656,8.153312122671785e-08,17.195221865033716,2652403
14881677,2022-06-01 00:00:00,better_return,gte5,62.05162664688472,66.72318780136736,29.65122177605515,364381
14881677,2022-06-01 00:00:00,better_return,lt5,22.812842093402264,7.469195572128211,27.88858503232263,2714710
14881677,2022-06-01 00:00:00,max_sharpe,gte5,77.71760536799894,87.96899032873448,24.023037982233255,364381
14881677,2022-06-01 00:00:00,max_sharpe,lt5,41.771575127943514,41.67123237736611,34.69512699431201,2714710
14881677,2022-06-01 00:00:00,safer_risk,gte5,51.49139513044102,51.95573727443259,23.009049413926547,364381
14881677,2022-06-01 00:00:00,safer_risk,lt5,7.534647691066026,1.1031737537359199e-07,16.690961762500873,2714710
15053226,2022-07-01 00:00:00,better_return,gte5,59.107567805457826,61.89272118663834,29.169410275517244,366228
15053226,2022-07-01 00:00:00,better_return,lt5,25.616460117442504,8.262657054243274,31.051013114042412,2738350
15053226,2022-07-01 00:00:00,max_sharpe,gte5,75.76837197868052,86.46777159467615,24.940211290343612,366228
15053226,2022-07-01 00:00:00,max_sharpe,lt5,46.6422307572196,53.14242558954645,34.057677814204375,2738350
15053226,2022-07-01 00:00:00,safer_risk,gte5,50.52976417156629,50.637478736058696,23.442864137801234,366228
15053226,2022-07-01 00:00:00,safer_risk,lt5,7.5185787885292665,1.616386004210657e-07,16.86068250874561,2738350
15253306,2022-08-01 00:00:00,better_return,gte5,57.48220612591275,58.98453465692839,27.7639349919598,383105
15253306,2022-08-01 00:00:00,better_return,lt5,22.559378179112933,1.6185883111412842,30.188151719180805,2777841
15253306,2022-08-01 00:00:00,max_sharpe,gte5,74.69483453434522,83.58376847471979,23.90641972666398,383105
15253306,2022-08-01 00:00:00,max_sharpe,lt5,49.03636201110624,58.0097789965075,33.38868117142869,2777841
15253306,2022-08-01 00:00:00,safer_risk,gte5,50.15488301968477,50.30372106892514,22.99747493761472,383105
15253306,2022-08-01 00:00:00,safer_risk,lt5,7.299872909507611,8.018701397327632e-08,16.48564875846881,2777841
15449618,2022-09-01 00:00:00,better_return,gte5,55.21937615158226,56.082372884975854,27.30040547273697,386917
15449618,2022-09-01 00:00:00,better_return,lt5,20.493519096754014,1.7371857510527722,27.644495795005497,2792091
15449618,2022-09-01 00:00:00,max_sharpe,gte5,72.11909666892268,79.25991818652717,23.652480656513006,386917
15449618,2022-09-01 00:00:00,max_sharpe,lt5,44.777611364929314,45.086679465418435,32.72078795865357,2792091
15449618,2022-09-01 00:00:00,safer_risk,gte5,48.51678272557213,48.609982343072645,22.59962428705847,386917
15449618,2022-09-01 00:00:00,safer_risk,lt5,7.607960351517245,1.0525894045265716e-07,16.9805682592036,2792091
15649595,2022-10-01 00:00:00,better_return,gte5,55.70125526796059,56.785630131940046,28.983742026018753,385739
15649595,2022-10-01 00:00:00,better_return,lt5,22.298972590685707,3.073166289263697,29.56755293017639,2799684
15649595,2022-10-01 00:00:00,max_sharpe,gte5,74.0212597366709,84.76188574973929,25.569289619336406,385739
15649595,2022-10-01 00:00:00,max_sharpe,lt5,45.978877355871056,51.422328549547004,34.11613650362164,2799684
15649595,2022-10-01 00:00:00,safer_risk,gte5,49.029018168887895,49.027895694491704,23.20382796490291,385739
15649595,2022-10-01 00:00:00,safer_risk,lt5,7.507915278582216,8.705705600853264e-08,16.96683383759323,2799684
15871480,2022-11-01 00:00:00,better_return,gte5,54.82926022279208,55.49452515163775,27.169184152399602,397905
15871480,2022-11-01 00:00:00,better_return,lt5,20.74428742708641,1.36158454366242,28.63962682597654,2848482
15871480,2022-11-01 00:00:00,max_sharpe,gte5,72.03438583238983,80.3822182549903,24.873075757546538,397905
15871480,2022-11-01 00:00:00,max_sharpe,lt5,44.92841239927591,47.240734276370475,33.7065078882326,2848482
15871480,2022-11-01 00:00:00,safer_risk,gte5,47.09375414240273,47.056382540255534,21.912233584947625,397905
15871480,2022-11-01 00:00:00,safer_risk,lt5,7.263657336272578,1.1248178222178495e-07,16.306890720695886,2848482
16086234,2022-12-01 00:00:00,better_return,gte5,56.48323230742437,58.193217785580664,27.487043408795035,422195
16086234,2022-12-01 00:00:00,better_return,lt5,22.166217130537593,4.559936054265733,29.04213487806376,2911519
16086234,2022-12-01 00:00:00,max_sharpe,gte5,74.98213360071368,84.32687799963709,24.105764259943683,422195
16086234,2022-12-01 00:00:00,max_sharpe,lt5,40.397118436847144,38.8548364914272,34.484583123914994,2911519
16086234,2022-12-01 00:00:00,safer_risk,gte5,50.19550716426642,50.365883550892455,22.49928043261309,422195
16086234,2022-12-01 00:00:00,safer_risk,lt5,7.8112000642124055,8.52570278264686e-08,16.936182082757632,2911519
16308190,2023-01-01 00:00:00,better_return,gte5,57.96009746620805,59.62310231063047,28.829523564281786,435919
16308190,2023-01-01 00:00:00,better_return,lt5,22.052100496376575,4.9865396259024255,28.553363846779632,2926762
16308190,2023-01-01 00:00:00,max_sharpe,gte5,74.9818908809079,85.60226954938024,25.24352820421386,435919
16308190,2023-01-01 00:00:00,max_sharpe,lt5,44.256138680487574,47.48166060488499,34.4368428846695,2926762
16308190,2023-01-01 00:00:00,safer_risk,gte5,50.04050527688644,50.22076236479667,22.92736002421789,435919
16308190,2023-01-01 00:00:00,safer_risk,lt5,7.689849736701136,1.1868897392686151e-07,16.941836108433982,2926762
16530248,2023-02-01 00:00:00,better_return,gte5,54.55226687176962,54.35436940149392,25.832415094688184,439589
16530248,2023-02-01 00:00:00,better_return,lt5,25.146809011834662,10.354892275822438,30.17124705848998,2939906
16530248,2023-02-01 00:00:00,max_sharpe,gte5,66.41612042285334,68.75615651723028,22.490384384484422,439589
16530248,2023-02-01 00:00:00,max_sharpe,lt5,43.83694947269767,44.12746875786949,32.22657039770532,2939906
16530248,2023-02-01 00:00:00,safer_risk,gte5,46.185631113699536,46.104073405486595,20.78787537780996,439589
16530248,2023-02-01 00:00:00,safer_risk,lt5,7.124807004101636,7.623011284707548e-08,15.660287332051197,2939906
16730072,2023-03-01 00:00:00,better_return,gte5,51.61703678818307,50.84414635268318,24.89382081450032,436599
16730072,2023-03-01 00:00:00,better_return,lt5,23.594049770307855,9.172055806901643,29.060548104660256,2958974
16730072,2023-03-01 00:00:00,max_sharpe,gte5,61.87526315386302,62.10158083344106,21.171618469869742,436599
16730072,2023-03-01 00:00:00,max_sharpe,lt5,37.37121029848558,36.706253813720586,27.85672137411431,2958974
16730072,2023-03-01 00:00:00,safer_risk,gte5,44.910171275422385,44.56173455591973,20.591501575071693,436599
16730072,2023-03-01 00:00:00,safer_risk,lt5,6.827809045008471,1.6182469045333825e-07,15.278549870498594,2958974
16950603,2023-04-01 00:00:00,better_return,gte5,58.142671453491054,60.343395266543254,27.65150563963796,453328
16950603,2023-04-01 00:00:00,better_return,lt5,19.991420190381135,1.4101005178609924,27.680239714374295,2984809
16950603,2023-04-01 00:00:00,max_sharpe,gte5,74.59048420649079,83.48163493644158,23.954897779282724,453328
16950603,2023-04-01 00:00:00,max_sharpe,lt5,44.70055700841931,47.237848852697304,33.941407286006154,2984809
16950603,2023-04-01 00:00:00,safer_risk,gte5,50.23412460887416,50.90597996988673,22.620002279650564,453328
16950603,2023-04-01 00:00:00,safer_risk,lt5,7.800962545986916,7.915290367588312e-08,17.033336922610534,2984809
17162287,2023-05-01 00:00:00,better_return,gte5,56.96195787617466,59.01258367979272,28.512853504425298,456255
17162287,2023-05-01 00:00:00,better_return,lt5,19.413486913037765,3.624817319983209e-05,28.034992827563478,3006460
17162287,2023-05-01 00:00:00,max_sharpe,gte5,74.20727557858805,83.52367449441479,24.623769328697705,456255
17162287,2023-05-01 00:00:00,max_sharpe,lt5,44.571045887198956,47.45825231813996,34.1804789199032,3006460
17162287,2023-05-01 00:00:00,safer_risk,gte5,50.02801250491957,50.52511312602665,22.95423943394306,456255
17162287,2023-05-01 00:00:00,safer_risk,lt5,7.7203609127735,8.357858224949943e-08,16.99733331906764,3006460
17382266,2023-06-01 00:00:00,better_return,gte5,55.942693326149914,57.003080480444126,28.203473616347136,451131
17382266,2023-06-01 00:00:00,better_return,lt5,20.769273411035474,0.8144075408848132,28.7736933582164,3013730
17382266,2023-06-01 00:00:00,max_sharpe,gte5,75.70481335461467,85.17583268364248,24.052149468281215,451131
17382266,2023-06-01 00:00:00,max_sharpe,lt5,46.62291425230431,53.19485625970604,34.226466955532224,3013730
17382266,2023-06-01 00:00:00,safer_risk,gte5,47.72864216129807,47.71741919641584,21.62185714102932,451131
17382266,2023-06-01 00:00:00,safer_risk,lt5,7.640528000337899,1.0049882523399667e-07,16.57624939976424,3013730
17595510,2023-07-01 00:00:00,better_return,gte5,58.07692312160208,60.037578960204826,28.493475819902763,489529
17595510,2023-07-01 00:00:00,better_return,lt5,20.90527501197426,2.759678342217289,28.440514748844897,3076815
17595510,2023-07-01 00:00:00,max_sharpe,gte5,76.71156451670333,86.33850851631509,23.843249238249985,489529
17595510,2023-07-01 00:00:00,max_sharpe,lt5,40.698435973227014,39.99999999999988,34.71820358868174,3076815
17595510,2023-07-01 00:00:00,safer_risk,gte5,49.13690052999709,49.45276388247809,22.306307561910188,489529
17595510,2023-07-01 00:00:00,safer_risk,lt5,7.884712173538713,9.95458519434389e-08,17.235637702992914,3076815
17816434,2023-08-01 00:00:00,better_return,gte5,56.78291278365947,58.20524182368784,27.221915925122815,507836
17816434,2023-08-01 00:00:00,better_return,lt5,22.959997419695835,5.012755596046049,29.67868961883637,3144217
17816434,2023-08-01 00:00:00,max_sharpe,gte5,73.16078188194709,81.82449463483613,24.318210138703247,507836
17816434,2023-08-01 00:00:00,max_sharpe,lt5,44.374305378006504,47.44839194110327,34.14263686561395,3144217
17816434,2023-08-01 00:00:00,safer_risk,gte5,48.16259066690174,48.512298210901456,21.39070247610943,507836
17816434,2023-08-01 00:00:00,safer_risk,lt5,7.773665156906808,8.375775420454978e-08,16.611158604827818,3144217
18037988,2023-09-01 00:00:00,better_return,gte5,58.591072301393005,60.435052936555586,27.829810157396892,514235
18037988,2023-09-01 00:00:00,better_return,lt5,23.201731296811765,4.200099951528994,30.34254683566201,3163966
18037988,2023-09-01 00:00:00,max_sharpe,gte5,75.77600980116459,85.92347666075392,24.482093463977602,514235
18037988,2023-09-01 00:00:00,max_sharpe,lt5,42.58653734417085,43.66358195357497,34.69987844372534,3163966
18037988,2023-09-01 00:00:00,safer_risk,gte5,45.926015149638296,46.25025952793332,20.259745139969663,514235
18037988,2023-09-01 00:00:00,safer_risk,lt5,7.610013634547685,1.1224822044075822e-07,16.04634998432441,3163966
18251965,2023-10-01 00:00:00,better_return,gte5,56.97790683990317,57.79710086560509,27.777225532086547,523287
18251965,2023-10-01 00:00:00,better_return,lt5,23.505366755656866,5.122370841841201,30.47876488269932,3194707
18251965,2023-10-01 00:00:00,max_sharpe,gte5,74.50852808729891,84.02583391260679,24.448170171467133,523287
18251965,2023-10-01 00:00:00,max_sharpe,lt5,46.3193957989432,52.46469511838547,34.10853001833283,3194707
18251965,2023-10-01 00:00:00,safer_risk,gte5,46.83217764553152,47.018368444735906,20.35454817271297,523287
18251965,2023-10-01 00:00:00,safer_risk,lt5,7.924227642756998,1.5786492599256796e-07,16.670792239912444,3194707
18473543,2023-11-01 00:00:00,better_return,gte5,53.207042370815685,52.384332129623004,26.555931226531925,535758
18473543,2023-11-01 00:00:00,better_return,lt5,20.806053712105847,2.9255310356906894,28.153239845936714,3233555
18473543,2023-11-01 00:00:00,max_sharpe,gte5,64.8304957304743,67.22237709318418,24.057086579106553,535758
18473543,2023-11-01 00:00:00,max_sharpe,lt5,43.99985720121822,44.76330446015161,32.78750696142712,3233555
18473543,2023-11-01 00:00:00,safer_risk,gte5,44.44626779374864,44.21766745619839,20.459048092485673,535758
18473543,2023-11-01 00:00:00,safer_risk,lt5,7.208567066164281,8.142954435741423e-08,15.541668670487232,3233555
18687851,2023-12-01 00:00:00,better_return,gte5,53.334765685790146,52.29432162657841,25.599296194572517,530947
18687851,2023-12-01 00:00:00,better_return,lt5,21.275439684439572,4.600495715091355,27.94144579914939,3265499
18687851,2023-12-01 00:00:00,max_sharpe,gte5,61.83160939768525,62.21580062596799,22.188655213954142,530947
18687851,2023-12-01 00:00:00,max_sharpe,lt5,42.08731108435439,42.24087309634598,29.955911018292202,3265499
18687851,2023-12-01 00:00:00,safer_risk,gte5,44.95658265988203,44.68105270881032,20.03271246294478,530947
18687851,2023-12-01 00:00:00,safer_risk,lt5,7.258042142847257,1.3511417193412534e-07,15.591986878128964,3265499
18908895,2024-01-01 00:00:00,better_return,gte5,57.113437756373905,57.48716231244355,25.8147500772667,552089
18908895,2024-01-01 00:00:00,better_return,lt5,28.475666449106917,16.88341898665945,30.67838368041807,3344373
18908895,2024-01-01 00:00:00,max_sharpe,gte5,63.56755282356198,64.71650697040306,20.898502350148984,552089
18908895,2024-01-01 00:00:00,max_sharpe,lt5,41.415416863244474,42.16133232324753,29.003727679170193,3344373
18908895,2024-01-01 00:00:00,safer_risk,gte5,46.2805452510568,46.52001305952784,19.804548461153644,552089
18908895,2024-01-01 00:00:00,safer_risk,lt5,7.705298564601346,9.271976519897862e-08,16.030109953615362,3344373
19129889,2024-02-01 00:00:00,better_return,gte5,58.16538325637187,59.27307467390525,26.458379215533064,567492
19129889,2024-02-01 00:00:00,better_return,lt5,27.484496964734014,14.69146816035244,30.733163769177146,3444771
19129889,2024-02-01 00:00:00,max_sharpe,gte5,71.66407036054594,77.3350811388452,22.706986900957688,567492
19129889,2024-02-01 00:00:00,max_sharpe,lt5,44.77718169292567,44.10609229882745,31.740795681772582,3444771
19129889,2024-02-01 00:00:00,safer_risk,gte5,47.901928432849765,48.11487590921703,20.73923717110463,567492
19129889,2024-02-01 00:00:00,safer_risk,lt5,7.733967398173867,8.18140159786207e-08,16.472700699155503,3444771
19336607,2024-03-01 00:00:00,better_return,gte5,53.58472082713044,53.136248385789386,26.747983605966514,566541
19336607,2024-03-01 00:00:00,better_return,lt5,27.94592411035384,13.013886648921908,31.657469896042958,3481257
19336607,2024-03-01 00:00:00,max_sharpe,gte5,64.53482349487439,67.0382546502016,23.407060090668665,566541
19336607,2024-03-01 00:00:00,max_sharpe,lt5,41.062331932936054,39.54117494110812,32.35038268587361,3481257
19336607,2024-03-01 00:00:00,safer_risk,gte5,46.291377622203434,46.330020544292424,20.963277080389556,566541
19336607,2024-03-01 00:00:00,safer_risk,lt5,7.614149266294915,7.623433759262888e-08,16.396379927303048,3481257
19557289,2024-04-01 00:00:00,better_return,gte5,52.420382989090044,51.61613513346304,26.423867021733752,596845
19557289,2024-04-01 00:00:00,better_return,lt5,21.509739331967154,3.8961817033386192,28.294041568503186,3605358
19557289,2024-04-01 00:00:00,max_sharpe,gte5,60.39811477558468,60.96763776418447,22.030594676347643,596845
19557289,2024-04-01 00:00:00,max_sharpe,lt5,39.48082859417475,38.76175627470211,29.166003356607447,3605358
19557289,2024-04-01 00:00:00,safer_risk,gte5,44.914970632009535,44.68842414782149,20.748385190716135,596845
19557289,2024-04-01 00:00:00,safer_risk,lt5,7.510679011241185,9.582270532604298e-08,16.052505960289434,3605358
19771560,2024-05-01 00:00:00,better_return,gte5,58.626635235887,60.39913362998156,28.055819978545266,604982
19771560,2024-05-01 00:00:00,better_return,lt5,20.707140722595092,0.9334137217728772,28.67438867600598,3682957
19771560,2024-05-01 00:00:00,max_sharpe,gte5,74.89159880719464,83.57974367083759,23.961546287135555,604982
19771560,2024-05-01 00:00:00,max_sharpe,lt5,46.39403636662302,51.70350654736541,33.820381359925996,3682957
19771560,2024-05-01 00:00:00,safer_risk,gte5,50.54415506098413,51.09418570613586,22.23823842943343,604982
19771560,2024-05-01 00:00:00,safer_risk,lt5,8.198425337459048,1.195539181542138e-07,17.51504798746763,3682957
19993250,2024-06-01 00:00:00,better_return,gte5,59.173740655957005,61.83972883596404,28.80312629093101,685005
19993250,2024-06-01 00:00:00,better_return,lt5,20.275406734966825,0.6429163588743833,28.22061972541675,3854654
19993250,2024-06-01 00:00:00,max_sharpe,gte5,74.41006431037817,84.337345725693,25.202787546879183,685005
19993250,2024-06-01 00:00:00,max_sharpe,lt5,41.016147541383425,39.99999999999999,34.431922720014235,3854654
19993250,2024-06-01 00:00:00,safer_risk,gte5,52.358629377525126,53.21115564844816,23.278397116059853,685005
19993250,2024-06-01 00:00:00,safer_risk,lt5,8.518779708709847,1.0417957815866963e-07,18.108161114560808,3854654
20207949,2024-07-01 00:00:00,better_return,gte5,58.18098206468374,59.90727150713278,28.358315135015882,692361
20207949,2024-07-01 00:00:00,better_return,lt5,21.131974624573097,1.3198788836799322,28.84551314800118,3890858
20207949,2024-07-01 00:00:00,max_sharpe,gte5,74.03007988096924,83.9744711917547,25.290305619307848,692361
20207949,2024-07-01 00:00:00,max_sharpe,lt5,41.04629763760933,40.00000000000005,34.552674341820456,3890858
20207949,2024-07-01 00:00:00,safer_risk,gte5,49.82014619927129,50.396755432679626,21.99376407006408,692361
20207949,2024-07-01 00:00:00,safer_risk,lt5,8.069587085712067,1.0760718288649329e-07,17.27791654823778,3890858
20429973,2024-08-01 00:00:00,better_return,gte5,62.11621495250876,66.66534987719659,28.92743566061675,719124
20429973,2024-08-01 00:00:00,better_return,lt5,21.0168683484359,0.3850306771660523,29.366887443426425,3980512
20429973,2024-08-01 00:00:00,max_sharpe,gte5,77.46249819843705,87.33119462411386,23.96605914291578,719124
20429973,2024-08-01 00:00:00,max_sharpe,lt5,42.90396410036776,44.17970648016751,34.701272098780436,3980512
20429973,2024-08-01 00:00:00,safer_risk,gte5,52.73619315043069,53.66206901562833,22.672609017907988,719124
20429973,2024-08-01 00:00:00,safer_risk,lt5,8.538149666895954,1.9725341082743597e-07,18.066638798363403,3980512
20651994,2024-09-01 00:00:00,better_return,gte5,61.76983425776283,66.1102510541563,28.662146235695573,739371
20651994,2024-09-01 00:00:00,better_return,lt5,20.764574556312617,0.05879452760550405,29.104812959286626,4044290
20651994,2024-09-01 00:00:00,max_sharpe,gte5,78.09014924939687,87.38282993061371,23.161975157822013,739371
20651994,2024-09-01 00:00:00,max_sharpe,lt5,44.17014315559565,47.287583479127754,34.692006636977155,4044290
20651994,2024-09-01 00:00:00,safer_risk,gte5,54.421610028069715,55.58705921853409,23.459229482942696,739371
20651994,2024-09-01 00:00:00,safer_risk,lt5,8.806153067392058,1.7966615972753175e-07,18.515876704983544,4044290
20866919,2024-10-01 00:00:00,better_return,gte5,58.66481156188716,61.04841246847232,27.72724249252807,755236
20866919,2024-10-01 00:00:00,better_return,lt5,23.193176861415154,4.15969478477674,29.91772493685449,4087418
20866919,2024-10-01 00:00:00,max_sharpe,gte5,73.54984715499555,81.36085916236112,23.893926008518672,755236
20866919,2024-10-01 00:00:00,max_sharpe,lt5,45.71103100333448,50.19247760376047,33.904321184390305,4087418
20866919,2024-10-01 00:00:00,safer_risk,gte5,53.03604409153169,54.001392193913155,23.2030182237208,755236
20866919,2024-10-01 00:00:00,safer_risk,lt5,8.426025658239274,8.060341422089223e-08,18.040645888414723,4087418
21089069,2024-11-01 00:00:00,better_return,gte5,55.43339858334784,56.11443764973414,26.854744946434145,691540
21089069,2024-11-01 00:00:00,better_return,lt5,22.80008562045627,4.772144336762015,29.358981574039014,4072613
21089069,2024-11-01 00:00:00,max_sharpe,gte5,67.46714795661323,71.49042688781347,23.77772877566906,691540
21089069,2024-11-01 00:00:00,max_sharpe,lt5,42.63063534055258,41.923964249543076,32.83437538028739,4072613
21089069,2024-11-01 00:00:00,safer_risk,gte5,49.38563660536481,49.96902455831042,21.978094224414356,691540
21089069,2024-11-01 00:00:00,safer_risk,lt5,8.127997879692572,1.1418161000031901e-07,17.254347862948308,4072613
21303934,2024-12-01 00:00:00,better_return,gte5,58.14676328957042,59.73176257668412,27.07802665890527,737165
21303934,2024-12-01 00:00:00,better_return,lt5,21.90188402354807,4.275574881993751,28.711125512500498,4247218
21303934,2024-12-01 00:00:00,max_sharpe,gte5,66.60648600337522,68.99586241340884,22.280543329706656,737165
21303934,2024-12-01 00:00:00,max_sharpe,lt5,41.60279940807463,40.024196273786686,31.81514512103658,4247218
21303934,2024-12-01 00:00:00,safer_risk,gte5,50.38477312795714,50.90596365906038,21.99029847982466,737165
21303934,2024-12-01 00:00:00,safer_risk,lt5,8.280623558486509,9.435776812671826e-08,17.63644449201162,4247218
21525891,2025-01-01 00:00:00,better_return,gte5,57.2600699508845,58.17327555783854,27.02969785877043,801033
21525891,2025-01-01 00:00:00,better_return,lt5,22.800315532466048,5.699378555998383,28.99972555338844,4376039
21525891,2025-01-01 00:00:00,max_sharpe,gte5,67.45209558111303,70.58384012704579,22.997179615998082,801033
21525891,2025-01-01 00:00:00,max_sharpe,lt5,40.849072553579155,40.0,31.326429859970673,4376039
21525891,2025-01-01 00:00:00,safer_risk,gte5,49.770264556007525,49.984944381350054,22.14955191569236,801033
21525891,2025-01-01 00:00:00,safer_risk,lt5,8.38614462182277,8.463137413095012e-08,17.481786989941924,4376039
21747950,2025-02-01 00:00:00,better_return,gte5,59.77874332687027,62.40291434674625,29.057226034900907,821613
21747950,2025-02-01 00:00:00,better_return,lt5,21.63024447311136,1.6320530035169316,29.39706965305406,4465728
21747950,2025-02-01 00:00:00,max_sharpe,gte5,74.7849439124512,85.31072287713388,25.346103317316693,821613
21747950,2025-02-01 00:00:00,max_sharpe,lt5,44.98840154168975,48.32306639110898,34.431506030324705,4465728
21747950,2025-02-01 00:00:00,safer_risk,gte5,51.979312903319,52.57193654940967,23.14993258093241,821613
21747950,2025-02-01 00:00:00,safer_risk,lt5,8.377813022618538,1.7748603975409338e-07,17.75919030394898,4465728
21948292,2025-03-01 00:00:00,better_return,gte5,61.66979021131583,65.9233347139797,29.661509664787825,854992
21948292,2025-03-01 00:00:00,better_return,lt5,23.082622075743114,3.5138447119038614,30.018517783637908,4540503
21948292,2025-03-01 00:00:00,max_sharpe,gte5,77.47289961562171,88.09659087712734,24.63034815860971,854992
21948292,2025-03-01 00:00:00,max_sharpe,lt5,45.25362435880916,48.80514969640076,34.497405485778266,4540503
21948292,2025-03-01 00:00:00,safer_risk,gte5,53.35142977282516,54.24294173914377,23.480790073304966,854992
21948292,2025-03-01 00:00:00,safer_risk,lt5,8.600595628799699,1.9930170014337278e-07,18.019945560814683,4540503
22170335,2025-04-01 00:00:00,better_return,gte5,62.9795619230449,68.23004406278272,29.51980829522001,881556
22170335,2025-04-01 00:00:00,better_return,lt5,21.518617251363374,1.0435124308105503,29.48037694159397,4629072
22170335,2025-04-01 00:00:00,max_sharpe,gte5,78.29255016040807,88.5310607574581,24.22582789191813,881556
22170335,2025-04-01 00:00:00,max_sharpe,lt5,43.11498365381716,43.848654942310226,34.94289980228804,4629072
22170335,2025-04-01 00:00:00,safer_risk,gte5,54.84995420827743,56.260089298436185,23.77827339099249,881556
22170335,2025-04-01 00:00:00,safer_risk,lt5,8.642120202270018,1.276640654301886e-07,18.12113226461625,4629072
22385294,2025-05-01 00:00:00,better_return,gte5,59.91689856750113,62.93591939885545,28.859139851433188,885533
22385294,2025-05-01 00:00:00,better_return,lt5,22.29125343406528,4.704976085679461,29.137702783235007,4711202
22385294,2025-05-01 00:00:00,max_sharpe,gte5,75.15717721437056,85.19022866285356,24.98709500209016,885533
22385294,2025-05-01 00:00:00,max_sharpe,lt5,45.295248689338116,49.272707491253485,34.44593362174618,4711202
22385294,2025-05-01 00:00:00,safer_risk,gte5,54.551137006891416,55.89354160623675,23.72869824996298,885533
22385294,2025-05-01 00:00:00,safer_risk,lt5,8.545180845005707,8.647595278743481e-08,18.174746138957634,4711202
22606143,2025-06-01 00:00:00,better_return,gte5,59.549391538545294,62.08049740913276,27.859747140684572,891423
22606143,2025-06-01 00:00:00,better_return,lt5,22.81950678454386,7.699388661094305,29.058439160476407,4772186
22606143,2025-06-01 00:00:00,max_sharpe,gte5,71.81803003994823,78.3452986682789,23.70396422397537,891423
22606143,2025-06-01 00:00:00,max_sharpe,lt5,41.416250766521124,40.00000000000002,33.616118303320654,4772186
22606143,2025-06-01 00:00:00,safer_risk,gte5,51.84446272585687,52.75511203794693,22.855816253455497,891423
22606143,2025-06-01 00:00:00,safer_risk,lt5,8.172715549398955,8.704840459561325e-08,17.37754590520301,4772186
22820674,2025-07-01 00:00:00,better_return,gte5,61.01247425107063,64.45326383221487,28.7256224374376,877427
22820674,2025-07-01 00:00:00,better_return,lt5,23.6316361791804,6.552197342804048,29.431381060678635,4807395
22820674,2025-07-01 00:00:00,max_sharpe,gte5,75.77057682669881,85.75441554774845,24.434241034111725,877427
22820674,2025-07-01 00:00:00,max_sharpe,lt5,45.50260735533864,49.5082702425298,34.42622598786187,4807395
22820674,2025-07-01 00:00:00,safer_risk,gte5,52.35086458262438,53.24111903676811,22.968626454675505,877427
22820674,2025-07-01 00:00:00,safer_risk,lt5,8.246273579972614,8.756006961152529e-08,17.620356376091657,4807395
23042514,2025-08-01 00:00:00,better_return,gte5,59.81396255906964,62.41840484981578,28.406286840749246,884649
23042514,2025-08-01 00:00:00,better_return,lt5,23.90947283982321,5.3094322340284865,30.604921170267694,4864611
23042514,2025-08-01 00:00:00,max_sharpe,gte5,72.30539512703484,79.2608735541418,24.01544696898882,884649
23042514,2025-08-01 00:00:00,max_sharpe,lt5,45.573348725804934,49.35081739606727,33.56587687803208,4864611
23042514,2025-08-01 00:00:00,safer_risk,gte5,51.44744659407359,52.33950540713812,23.006379617233705,884649
23042514,2025-08-01 00:00:00,safer_risk,lt5,8.166012952325415,7.534333573699925e-08,17.502197148976553,4864611
23264566,2025-09-01 00:00:00,better_return,gte5,60.398684123195544,63.16971319389458,28.255336728274692,934439
23264566,2025-09-01 00:00:00,better_return,lt5,23.924063863574343,6.115027533799078,30.337221139071648,5227810
23264566,2025-09-01 00:00:00,max_sharpe,gte5,72.46602836190728,78.81871401121654,23.377529667727273,934439
23264566,2025-09-01 00:00:00,max_sharpe,lt5,44.6782710059894,45.91054172744323,33.44002550813418,5227810
23264566,2025-09-01 00:00:00,safer_risk,gte5,52.02907234629756,52.73618832659517,23.538439156909604,934439
23264566,2025-09-01 00:00:00,safer_risk,lt5,8.631362402701455,8.034119307331888e-08,18.408174800698248,5227810
23479244,2025-10-01 00:00:00,better_return,gte5,61.500215380754824,65.53022274712889,28.983469766940015,952628
23479244,2025-10-01 00:00:00,better_return,lt5,20.45203969512727,0.002962257585468574,29.148512236429013,5426590
23479244,2025-10-01 00:00:00,max_sharpe,gte5,76.30373192614985,86.99455798801293,24.912555668062467,952628
23479244,2025-10-01 00:00:00,max_sharpe,lt5,46.51255127956329,52.74503941710724,34.93419070807462,5426590
23479244,2025-10-01 00:00:00,safer_risk,gte5,52.67107414559029,53.95226748949354,23.654288815233432,952628
23479244,2025-10-01 00:00:00,safer_risk,lt5,9.045969288503896,7.739555871189019e-08,19.401664087279013,5426590
23700767,2025-11-01 00:00:00,better_return,gte5,63.48859500902824,68.82193809856842,29.424067832655858,964806
23700767,2025-11-01 00:00:00,better_return,lt5,24.89989493108392,6.910732438215583,31.163083066888607,5539473
23700767,2025-11-01 00:00:00,max_sharpe,gte5,79.06929199996627,89.43696976891269,24.594742952870867,964806
23700767,2025-11-01 00:00:00,max_sharpe,lt5,45.56396996160209,50.42282807414704,35.611758722798015,5539473
23700767,2025-11-01 00:00:00,safer_risk,gte5,52.39277110556609,53.493472650562374,22.74067228908927,964806
23700767,2025-11-01 00:00:00,safer_risk,lt5,8.928490059105572,1.6163839225424859e-07,18.541628289150765,5539473
23914921,2025-12-01 00:00:00,better_return,gte5,64.55754855936475,70.95702520786811,29.813355243008736,1005185
23914921,2025-12-01 00:00:00,better_return,lt5,23.85886000672823,9.544498612528496,30.285844021437896,6105864
23914921,2025-12-01 00:00:00,max_sharpe,gte5,78.75970485026869,89.5282530043703,25.147688133339297,1005185
23914921,2025-12-01 00:00:00,max_sharpe,lt5,45.33069347982377,51.00374368255147,35.916858532955956,6105864
23914921,2025-12-01 00:00:00,safer_risk,gte5,52.6966616373483,53.99069055874743,22.756796189770366,1005185
23914921,2025-12-01 00:00:00,safer_risk,lt5,8.54779201727217,1.0419404922190623e-07,17.891030428335053,6105864
