strategy,num_tokens,n,mean_dist,median_dist,p25_dist,p75_dist
better_return,2,38368013,19.1588900540475,6.739433594527e-07,9.750311669165512e-10,36.03471639690325
better_return,3,10623128,31.252886141699932,22.758301942871817,5.787529689681293,51.98880838822999
better_return,4,4440691,42.089311558716794,38.119857325277785,16.32770433481498,65.64926557074818
better_return,5,2337014,48.59388564895266,46.43409977455784,24.47628693540157,72.41836842356514
better_return,6,1323959,53.64114183350852,52.87394562292738,31.06658274815615,77.38503286707316
better_return,7,796595,57.42660391688528,57.75329960834542,36.204608116832816,80.65100102552536
better_return,8,531587,60.45152793666417,61.498353106836234,40.48859029499693,83.13331898636268
better_return,9,364240,62.802283407230455,64.38160457935082,43.768670858904,84.730945337286
better_return,10,256866,64.46097916692548,66.25905674401652,46.458542767352085,85.71184209086834
better_return,11,191006,66.17168004459137,68.3665775225096,48.87788549444464,86.83723937501557
better_return,12,143456,67.7626539627673,70.26573553504329,51.05617084303669,88.06388758179875
better_return,13,109903,68.84482760702475,71.3553789996505,52.94354976300474,88.25504669319471
better_return,14,83850,69.79395560514784,72.47331358574726,54.4746234453522,88.88074255616215
better_return,15,67038,70.69292277510608,73.4884722709053,55.78395665883414,89.5806662608743
better_return,16,53347,71.59279144670111,74.57968575414964,57.36028012963594,89.9324061459547
better_return,17,43347,72.41922693661857,75.47465175688615,58.42145524471057,90.18543563870763
better_return,18,35325,73.11071834004493,76.05903630350174,59.40389007196901,90.49474531276633
better_return,19,30505,73.899851462478,77.0099221723359,60.98191458864067,90.87150870752116
better_return,20,30730,74.3499154667177,79.748163209969,61.82805324358269,93.05023646299111
better_return,21,20936,75.05951792106701,78.28512743329296,62.604475382522736,91.5854862156011
better_return,22,17877,75.74863692030736,78.9140742070968,63.19743495255926,91.92512605378144
better_return,23,15056,76.13982448480874,78.90652403369077,63.969455246698594,92.0958306108921
better_return,24,13136,76.44867854826866,79.644616921511,64.50384055031867,92.26979311326657
better_return,25,11112,76.9575683423076,80.238622641457,65.49026747860516,92.46084014196559
better_return,26,9340,77.42162959731246,81.04688311684211,65.82568049491294,93.00908315239512
better_return,27,8369,78.61331237100444,82.26953859312036,67.41447836214144,93.75525806799808
better_return,28,7286,77.8653470107121,81.3423259912059,66.67541080561809,92.86000832862506
better_return,29,6472,78.54365731933201,81.94339178870845,67.80219284921334,93.23723936065204
better_return,30,5708,79.1730476897934,82.73607798231151,68.61338421231804,93.63441485417027
better_return,31,4793,78.92581464724545,82.35109459669857,68.49428699791689,93.2470908102525
better_return,32,4198,79.3356349539536,82.88566543440047,69.27977568761848,93.10881944034514
better_return,33,3803,80.20299850982002,84.0000993419098,69.93120456665133,94.23488262699445
better_return,34,3534,79.82441156348752,82.69547959563292,70.3738429548424,93.1423273375719
better_return,35,3109,80.50460415119211,83.58000821704802,70.66612010747845,94.08652672268951
better_return,36,2842,79.66224459985648,83.62472160230575,69.33740524451083,93.68561700129641
better_return,37,2329,80.97395591030713,84.61351105779322,71.70492922803042,93.90357896942675
better_return,38,2168,80.82894094684563,84.13885855009897,71.74589589964876,93.95030563128981
better_return,39,1872,81.84433539457393,85.20564386443586,72.4666056963628,95.44769785011783
better_return,40,1824,81.37617547715837,84.44238957247009,72.23682584313735,94.49876908659323
better_return,41,1664,81.31825821163109,84.46093384281957,72.70591981440133,94.56344650074129
better_return,42,1432,82.16634248729481,85.44208951154405,73.40160191050694,95.12814249890545
better_return,43,1257,82.99119075565709,86.55150829133012,73.80865457088397,95.3637617865198
better_return,44,1038,81.02562866760572,84.38308455968328,71.36734558399749,94.72340656607284
better_return,45,1031,82.17887765504928,85.11909478467572,72.74495059083588,94.35000414127376
better_return,46,1048,82.17383425570078,84.705566192545,74.1062542999902,94.16072157076897
better_return,47,987,81.45057994682199,85.42651469726115,72.54496445551604,94.29906547642365
better_return,48,852,82.20562513896759,86.43440618520754,74.56587432199387,95.35807720429914
better_return,49,721,82.20326225678093,84.9450514651377,74.39569149174167,94.70680643359835
better_return,50,762,83.39238765919185,87.06120667312891,74.50022991281891,95.79005195768035
better_return,51,666,83.89397496557908,87.07157584528119,76.8490133912217,94.38085873853663
better_return,52,537,83.68851815632175,86.8379649481323,75.13860771807603,95.47725670151628
better_return,53,546,80.5923982557137,83.58937892179131,71.26448254090172,93.17701274713303
better_return,54,549,84.87439283959695,87.89944799861182,77.18571118386615,96.20695921437826
better_return,55,514,83.51096634278271,86.73834702312047,75.6763870375644,96.21999842009566
better_return,56,412,85.10369098249384,88.48158772230266,77.3302536456262,96.59753838697328
better_return,57,386,83.64580118317818,86.39208310476084,76.77460298295375,94.72828805845393
better_return,58,469,84.90777900256447,88.43718188221102,77.48269235382604,96.07594709716152
better_return,59,332,83.33574814193872,86.72096603556744,74.2979696563523,95.19210950490464
better_return,60,383,85.36577983062912,88.02453219253071,78.7297711392473,96.67607168495479
better_return,61,317,83.1976420045975,88.07648168002747,74.45806238382805,96.27611548040521
better_return,62,299,82.61809326306248,87.16767061577632,74.75730951449881,93.84475560300045
better_return,63,240,83.84761977188064,87.10561040030731,78.07781221048349,94.05923849772586
better_return,64,207,83.48220105867613,86.21977471466411,74.71296527325177,93.98594758831955
better_return,65,283,86.09076208016334,89.9759679153848,79.4997065872703,97.94250349013421
better_return,66,273,85.00284364114843,89.05712391980144,77.46395443153433,98.55066776566211
better_return,67,193,83.97908588037158,86.93456416092447,77.99100067424123,93.81687068881305
better_return,68,197,82.1460974365967,84.85582632915279,74.39802290255639,95.47347916332437
better_return,69,182,84.2236927047541,86.05166740347524,76.57294783199387,95.9803185202627
better_return,70,189,86.06797235974044,89.87452186463759,81.31163670129168,97.63193445110694
better_return,71,189,84.25219171131984,86.90831396317697,75.44906919372384,94.65650808798762
better_return,72,171,85.14208999250155,87.89817434574574,76.45789181046052,95.87104529145728
better_return,73,195,87.25407442856326,93.18117245409353,81.53703187370905,99.82428857020251
better_return,74,121,87.99253247250543,89.14455434521405,80.57620288226404,98.81266642987556
better_return,75,145,85.15773675811494,89.61994630746213,78.78365488747903,96.50894029369361
better_return,76,136,85.57990832665732,87.65620118899078,79.29047826916832,94.95730514474738
better_return,77,136,88.60463239295113,93.86282053215322,81.72596735596586,99.84462064666108
better_return,78,104,88.1451790494479,91.22345538160943,79.92514007095545,99.53388560855609
better_return,79,90,84.74408476921099,86.92722427132541,78.70728284763855,94.71546977411316
better_return,80,111,85.9843789530838,88.16819303900057,79.29319594328564,95.2536920549488
better_return,81,109,86.28673309735703,88.06670773908725,77.16691633440419,99.4623875166849
better_return,82,107,87.17017298107451,90.21915645133997,80.01902107694853,97.80099579191312
better_return,83,77,83.99318976035853,86.04766001554496,77.61957708062937,96.10427994769555
better_return,84,125,91.14160905720806,95.34805202595624,85.17253064015509,99.18322994138255
better_return,85,123,88.84993563770857,95.80488742080938,83.2463702667282,99.9786443932811
better_return,86,97,88.22535833293499,92.84412932550315,80.78884369122488,97.10120999533235
better_return,87,117,86.18925647669104,89.29360154531028,78.77498662656726,95.98473591875126
better_return,88,124,88.8602869765044,95.26558672326516,81.03049156336357,99.99999630885787
better_return,89,87,87.52959712971382,91.35807622635703,82.44170816669963,99.38547116543342
better_return,90,85,84.28651248398938,89.28834803776533,80.40370941031692,93.95380713028628
better_return,91,87,87.35545634046069,92.42778727653877,82.23520343872438,98.95247258692177
better_return,92,74,86.27067995850459,90.91344979344703,78.69674021195904,97.05491838756777
better_return,93,52,88.51565056991171,94.21779412873718,81.07413176675215,99.32840912389625
better_return,94,138,89.13150464273242,92.80949849825797,82.87785401481578,99.53972992338058
better_return,95,109,88.72153017666918,91.74554383952845,83.16873138165155,99.68796724033551
better_return,96,73,85.33383258971223,89.5722518945009,79.87463962676156,96.14349263999762
better_return,97,48,83.81135846539877,84.69146282372876,72.65745934759762,94.55949129038174
better_return,98,41,82.18195779921257,88.28218315693736,75.69335064790414,94.78871836693845
better_return,99,55,85.68131774344029,90.46800901906688,82.42400139993252,94.86271487687377
better_return,100,51,88.85689213388491,94.69199903976076,83.2666904302433,97.8460853133787
better_return,101,41,85.9104835053869,87.29984124266058,81.68125945614206,96.53007670116406
better_return,102,52,85.38021426207123,86.26525899125237,77.83853460951457,94.71315831962904
better_return,103,52,87.28433121379167,88.59391602158695,82.40960370332051,95.11695424838165
better_return,104,75,90.94890098621387,98.17940967280276,84.28317679187403,99.99855881068163
better_return,105,66,89.5334791545166,96.85625194083678,83.03205277562877,99.99999996411835
better_return,106,58,91.29532947903135,92.0294137097099,87.93441341248598,98.54696453965894
better_return,107,68,93.39830135702442,99.45317865726382,90.31294315261123,99.99999954140073
better_return,108,29,86.77471563617232,88.43924153211515,80.27625647726009,96.18920267913037
better_return,109,36,87.75322438058384,94.09042144938476,77.83839493145862,99.9999999989073
better_return,110,43,93.2024830013858,96.47254346271663,90.53933613834727,99.99999999999903
better_return,111,24,85.5550136017891,85.91499470593041,79.49315346502782,91.6411714348647
better_return,112,30,88.19336074524382,90.94414555159739,81.29300866528902,99.99999870056598
better_return,113,37,89.69668286656218,94.44388601572004,85.26908126464878,99.72729549318491
better_return,114,44,87.79618226064686,93.74105471349449,85.36338067583357,99.97572314138094
better_return,115,49,92.51975397348966,98.0667045443075,84.77606606308663,99.99906087382396
better_return,116,42,88.52732553925472,92.91643693067866,83.5353617175047,99.57729353236004
better_return,117,46,91.78804911152415,94.16488869261991,87.440038626661,99.49015412189617
better_return,118,60,90.48180987962834,95.77878957497546,89.42128277908415,99.96911605253962
better_return,119,27,94.74080640877548,95.30970270917416,91.56866113361127,99.43797712969666
better_return,120,19,91.04809383892562,99.88810015128475,91.4923535639856,99.99950016569699
better_return,121,37,88.32230543644101,92.50162153929313,82.26323612447102,98.77950890908704
better_return,122,19,84.860091010247,88.1849533671399,73.82127112915205,95.8457274713002
better_return,123,19,82.60847005256673,85.72052081004473,72.6499032830552,93.77493261439551
better_return,124,14,90.32044424130159,93.52825582792536,85.16093985051066,99.60304167518555
better_return,125,21,89.82681536662602,93.08688166541418,83.10062341171864,98.60264726477467
better_return,126,24,79.39861377481361,75.32976571548394,71.69273353391452,87.07042403338161
better_return,127,17,84.34693283933395,84.93176182829501,75.75188336265607,93.97488240929958
better_return,128,20,85.60304776637425,88.35644991507965,79.40031129845772,94.20825477501948
better_return,129,11,93.16908581399215,95.03416723080622,88.86029877361598,98.39721028468672
better_return,130,24,94.9114559814255,96.7383853804122,91.6748094300141,99.99994622443327
better_return,131,24,93.3686176684444,98.52876814012302,89.70538336339456,99.99856321273637
better_return,132,30,94.48748483003986,99.65450285737865,94.16602644659827,99.99995786879477
better_return,133,27,85.29414325644773,90.86113730884797,76.29285013691539,98.20586665134223
better_return,134,26,90.73385650428862,92.17427985698987,83.28164056703886,99.99999999999544
better_return,135,32,91.25074261203679,99.37534430173588,85.46377736869867,99.99999999999011
better_return,136,23,90.0676618412444,92.68274812492132,86.27296638941908,99.93547900744701
better_return,137,15,83.28553912741957,85.12122613932219,80.59970934631764,91.66602327965727
better_return,138,12,90.42972200378331,92.81052510914509,89.44971253176365,94.0591411215935
better_return,139,15,88.09042013709453,89.86473421991111,83.39726054469168,93.2266785073832
better_return,140,12,84.13772101136446,86.82516289551924,80.806180043005,94.5959129071734
better_return,141,11,89.54538922196092,87.79349642498374,86.61832177194623,96.69874739817189
better_return,142,9,84.14196902888375,87.70289972186629,81.87111369153457,95.46592594544731
better_return,143,16,91.39483766951595,93.96598660614058,87.71150386698952,95.04740196916924
better_return,144,12,88.29895022956975,92.3829167571883,83.18444418541202,95.58814040253787
better_return,145,22,91.83039408554805,96.46308686716786,85.39418631967571,99.98837509989593
better_return,146,15,88.86119565955975,89.60001222296894,82.50224213604699,95.47399066510707
better_return,147,13,91.70925632719351,96.56461203386029,88.63609901853296,98.64500316762116
better_return,148,13,88.59361785081207,89.57226341238271,84.42620505717444,93.11971308147464
better_return,149,24,94.09763235598332,99.58454789328675,89.36330839119162,99.99999999999922
better_return,150,20,92.96491143802854,95.42541806245595,89.90868536769757,99.99999999978252
better_return,151,17,92.22960559988917,95.15340699016312,86.65017274922629,99.20858735073686
better_return,152,9,89.65497059697185,91.34336405592786,89.51458556264943,99.56855971733191
better_return,153,12,82.8304844434412,83.52223938150537,72.9662704219839,94.35479234096499
better_return,154,16,82.52490146734961,92.5593582262905,76.6440515255635,97.09315117638647
better_return,155,3,77.54425573173393,85.40823067122054,71.58765873085136,87.43284020235978
better_return,156,12,93.04084411090179,95.46434204443122,86.06189623760923,99.99270075978795
better_return,157,5,95.98263489456833,99.99403129998724,91.80121820574927,99.99937470922131
better_return,158,4,90.25593190148301,89.13008518604167,83.69831834668356,95.68769874084111
better_return,159,5,96.11362946602333,99.5118377854975,92.02926649433103,99.73495768680509
better_return,160,5,83.94213362266697,91.316124210617,76.84366361750263,94.52979635974529
better_return,161,18,90.27235248124501,93.56961815788293,84.28372424623905,98.00543399885392
better_return,162,1,67.13554308311618,67.13554308311618,67.13554308311618,67.13554308311618
better_return,163,12,82.32586783186129,85.17026628052281,75.24510619034466,90.53948675200253
better_return,164,19,88.99896073561169,89.66617300862664,87.68387804403517,93.39116917243793
better_return,165,22,90.47634620392635,97.8251556895375,84.47244593959482,99.6692167833195
better_return,166,12,86.7380799381814,88.32871170563814,83.38845893512831,93.49971138582742
better_return,167,9,92.53003148396549,95.64107530278493,83.74504422224142,98.73884090248406
better_return,168,13,90.86989095752281,98.99568917827311,86.03988971712839,99.9994314634347
better_return,169,23,95.55907101821388,99.98712433008299,98.78413123460751,99.99999999971506
better_return,170,18,95.62176311366687,99.99996154245318,96.80501213460546,99.99999999905478
better_return,171,20,86.65953475078962,95.20157874791751,80.67982438232337,99.99999999492915
better_return,172,7,90.49563065546931,91.83137999298371,86.79767821606356,97.75435938385274
better_return,173,14,94.79116784725227,99.94789117154093,99.53675181013737,99.9997154889092
better_return,174,7,89.51628587117209,99.94424710893102,85.01964583148998,99.99999999970716
better_return,175,20,97.77282936697284,99.99999999989873,99.96462010074511,99.99999999999935
better_return,176,5,96.24012121554452,96.91729523937899,94.874705917644,98.88518945117515
better_return,177,6,93.71639422846305,95.22564649771408,92.24024940199438,96.34000675413441
better_return,178,4,95.17945254398393,99.22006193530362,94.5250237204692,99.87449075881834
better_return,180,7,83.49915865415996,80.18637468584987,75.47232156991349,93.79389910157377
better_return,181,2,84.95628283309199,84.95628283309199,84.01324246521543,85.89932320096855
better_return,182,7,83.68941785618438,80.45010586433985,73.32895709624486,96.98023032483945
better_return,183,10,90.53911146894413,90.00721559495824,87.54030248821007,95.24311586674307
better_return,184,5,92.24154582449468,93.15136994658214,92.84024516880964,94.42624849567598
better_return,186,1,77.43469069434528,77.43469069434528,77.43469069434528,77.43469069434528
better_return,187,5,82.9186705985635,86.85854817901782,76.13482173751817,93.4829156222693
better_return,188,9,95.99607795659252,97.95009358477841,92.62875840050934,99.52515924536206
better_return,189,9,91.79867538666764,92.78971517441992,91.34970808489986,95.40436276912062
better_return,190,2,92.27729496780694,92.27729496780694,90.8506204661679,93.70396946944597
better_return,191,4,97.56686997332868,99.5890647810867,97.26508254363371,99.89085221078169
better_return,192,7,86.05847083983288,83.62134159450024,80.62588402195438,94.52356419484038
better_return,193,2,92.2655723490169,92.2655723490169,92.22605706193278,92.30508763610106
better_return,194,3,97.39146525089838,99.90570754512298,96.08719787634863,99.95285377256043
better_return,195,15,97.38493237726082,99.9999020790636,97.38610327049429,99.99999999999933
better_return,196,13,89.89815001456941,95.19473857938951,87.09158773289914,99.97101277420789
better_return,197,22,99.57272822151322,99.9999999999953,99.99402761502735,99.99999999999943
better_return,198,8,88.84277282890686,89.62735452584602,86.00689830719533,95.7327978341795
better_return,199,5,82.38169272413161,81.37184086414878,76.07308737080858,94.36784346053975
better_return,200,7,86.00749070286493,83.79311595935445,80.46408240617473,95.72901554645549
better_return,201,4,88.20524406922812,86.68379989657282,82.3930918831496,92.49595208265136
better_return,202,18,91.50358078824355,94.27726520827437,86.45303365874943,96.59130258530891
better_return,203,1,97.96322413494953,97.96322413494953,97.96322413494953,97.96322413494953
better_return,204,3,95.52886210308942,96.33149064239099,93.29330709843151,98.16573137739813
better_return,205,4,95.72822205177616,97.42033272092331,93.14861282396541,99.99994194873408
better_return,206,3,85.58119285107664,82.97069174036257,80.08199112122728,89.77514402556895
better_return,207,9,94.23821062497453,96.99967805630905,91.46101236518848,99.99999999998728
better_return,208,9,94.08382998143328,93.32703218365491,90.95200021911836,98.88064862620098
better_return,209,27,95.75372040798257,99.61812297643814,92.15153409270124,99.89208791785714
better_return,210,12,84.6021879116877,87.63201243364432,74.61023584178122,93.59334215424605
better_return,211,3,68.5967604994741,95.15733492930455,53.244242103716715,97.22956611014672
better_return,212,12,95.02773912710505,99.91458757847488,95.46126997525087,99.99999999999842
better_return,213,5,97.75305359243418,98.28705726299496,96.24008929835395,99.99999921576752
better_return,214,10,89.92484045839022,99.02844669556555,96.40505162478104,99.99999999999312
better_return,215,3,99.16245494757646,99.74987502238113,98.7436824214133,99.87493751114195
better_return,216,10,94.45486449523995,98.38849796643922,92.57404398452346,99.99996086372644
better_return,217,16,94.52939587653377,99.99000276615774,93.38980887816524,99.99977748271601
better_return,218,1,62.81647234457388,62.81647234457388,62.81647234457388,62.81647234457388
better_return,219,13,93.52397842156194,99.86481639681153,91.92291999424961,99.99981638401677
better_return,220,9,89.21773039329328,92.70635211818333,88.12770360233195,94.00192429787634
better_return,221,1,97.20486540025863,97.20486540025863,97.20486540025863,97.20486540025863
better_return,222,2,89.17091551009014,89.17091551009014,86.90261606540561,91.43921495477466
better_return,223,1,84.14905364394505,84.14905364394505,84.14905364394505,84.14905364394505
better_return,224,7,91.78957199791303,94.91787973011861,87.05850639545199,97.06364610635671
better_return,225,3,91.90927178998903,98.83851307661477,88.10459466792182,99.17856955536914
better_return,226,3,84.45159481195891,83.14967170130132,77.99354895084407,90.25867911774496
better_return,227,9,94.77146463711924,99.2151764461543,89.3376442109058,99.87722716248499
better_return,228,5,93.55323708459485,99.30634558217648,98.7955890062147,99.4955390959637
better_return,229,6,98.09566980314783,99.60997175643902,97.25053739488052,99.95491657847899
better_return,230,11,97.4266738256314,99.99817747213704,99.63047441126554,99.9999808556936
better_return,231,3,91.63359298608417,90.24322552163659,87.45038947912633,95.12161276081821
better_return,232,2,87.2333173423323,87.2333173423323,85.0499106482915,89.4167240363731
better_return,233,2,83.98910120381672,83.98910120381672,75.98365180572512,91.99455060190832
better_return,234,4,98.00818598136145,99.75853611860529,97.82807707076527,99.93864502920145
better_return,235,2,86.445430798896,86.445430798896,82.03085441911317,90.86000717867883
better_return,236,11,93.8631082038048,99.99998843735698,99.99250538768877,99.99999999999962
better_return,238,1,93.8927527043622,93.8927527043622,93.8927527043622,93.8927527043622
better_return,239,8,99.00926228666498,99.99999998085923,99.0955778859929,99.99999999995049
better_return,240,8,85.66575327524538,93.67305168793898,80.94197701642331,97.84144569619727
better_return,241,13,87.87287632800448,93.40143164095794,92.4794537080374,96.42121976704478
better_return,242,3,93.97648286645244,92.07545917358708,90.96472430860072,96.03772957787149
better_return,243,9,94.94545372900433,94.42450741349663,91.53200050698756,99.99999999999953
better_return,244,11,99.04411446723438,99.99999688993344,99.98023565970053,99.99999999990897
better_return,245,2,95.01161979713002,95.01161979713002,92.59848719249743,97.42475240176262
better_return,246,5,90.88846936308441,91.14748106459113,90.93317269341944,91.93817238555383
better_return,247,6,79.09330506577578,74.90715541585155,72.57036917645712,79.37333809576839
better_return,248,4,87.71768730724564,93.48633772752007,85.00745529683803,96.19656973792766
better_return,249,2,97.29852690986263,97.29852690986263,95.94779211149122,98.64926170823404
better_return,250,5,97.50626959425134,97.61180202595956,96.58353125949336,98.01585777208766
better_return,251,5,99.46310114976583,99.98102878195517,99.39132339851608,99.99989552772452
better_return,252,4,93.6796729873577,94.51640585068394,89.75270381981314,98.44337501822851
better_return,253,11,92.44488913829728,97.66282389970397,88.29644235871015,99.99999475921577
better_return,255,1,88.01926197684315,88.01926197684315,88.01926197684315,88.01926197684315
better_return,256,2,99.91956722928239,99.91956722928239,99.87939755192738,99.95973690663739
better_return,257,7,98.03878045563629,99.99999999999977,96.86997631084196,99.99999999999989
better_return,259,4,82.03744341813857,98.68335111576044,80.72137228301028,99.99942225088874
better_return,260,2,95.52205350602497,95.52205350602497,93.28333843044179,97.76076858160815
better_return,262,1,95.9791843699824,95.9791843699824,95.9791843699824,95.9791843699824
better_return,263,2,99.99999999373523,99.99999999373523,99.99999999351863,99.9999999939518
better_return,264,1,96.25649421246624,96.25649421246624,96.25649421246624,96.25649421246624
better_return,265,9,99.98743107473544,99.99999999999979,99.99999999990203,99.99999999999993
better_return,266,1,99.93831513706509,99.93831513706509,99.93831513706509,99.93831513706509
better_return,267,1,98.31882660420301,98.31882660420301,98.31882660420301,98.31882660420301
better_return,270,1,99.94505013875701,99.94505013875701,99.94505013875701,99.94505013875701
better_return,272,3,91.86127882690305,87.88983231547024,87.80280942480329,93.9340249732864
better_return,273,3,92.85383943720562,92.68214210202524,92.50498811668274,93.1168420901383
better_return,274,3,93.04195932904024,92.45732263139892,91.80155716631307,93.99004314294675
better_return,275,1,99.99283698221075,99.99283698221075,99.99283698221075,99.99283698221075
better_return,276,1,80.36433599349569,80.36433599349569,80.36433599349569,80.36433599349569
better_return,277,5,94.19787510175378,99.90981752642793,99.83714621182806,99.98845279932365
better_return,278,3,97.37002568629227,99.25494722554114,96.09531600860379,99.5871961336052
better_return,279,4,91.99316577772827,93.1711960219321,89.58662507436037,95.57773672530001
better_return,280,1,83.50994049214903,83.50994049214903,83.50994049214903,83.50994049214903
better_return,281,4,99.99737719179174,99.99990137681982,99.99727856861173,99.99999999999983
better_return,283,1,99.99945128130128,99.99945128130128,99.99945128130128,99.99945128130128
better_return,284,1,87.00946436125997,87.00946436125997,87.00946436125997,87.00946436125997
better_return,286,2,97.09949099395223,97.09949099395223,96.96023745126027,97.23874453664419
better_return,287,2,94.19546178639757,94.19546178639757,92.14513981717934,96.2457837556158
better_return,288,2,90.7971490867603,90.7971490867603,87.42455060356673,94.16974756995387
better_return,289,7,82.39286986779075,84.90786352787202,80.77300542575202,85.91829981250137
better_return,290,7,98.42963419954621,99.99958835076282,98.576876943652,99.9999846167833
better_return,291,1,99.96365809054562,99.96365809054562,99.96365809054562,99.96365809054562
better_return,292,2,99.91917381823626,99.91917381823626,99.87876072735445,99.95958690911806
better_return,294,3,92.62864116121047,95.01662754521954,88.94824347586804,97.50303203855744
better_return,296,3,93.29214624888765,94.3798268385949,92.51620222005529,94.61193057257361
better_return,300,1,93.4019822248634,93.4019822248634,93.4019822248634,93.4019822248634
better_return,302,2,93.01002350532941,93.01002350532941,91.2783938947936,94.74165311586523
better_return,304,5,81.99999999998013,99.9999999998967,99.99999999973112,99.99999999998596
better_return,305,2,85.81478592293207,85.81478592293207,82.0445769002522,89.58499494561195
better_return,306,2,85.65065877400117,85.65065877400117,79.2383693235291,92.06294822447325
better_return,307,1,93.06544763167203,93.06544763167203,93.06544763167203,93.06544763167203
better_return,312,1,83.43731783414965,83.43731783414965,83.43731783414965,83.43731783414965
better_return,313,13,98.1889286244989,99.9999999999987,99.09124025154723,99.9999999999997
better_return,314,2,94.5691412439938,94.5691412439938,91.85389224547959,97.28439024250801
better_return,315,10,90.98968241398136,90.26817505939472,88.2124805398678,93.67830769436797
better_return,317,2,93.3547078300954,93.3547078300954,91.5643944662462,95.14502119394461
better_return,318,2,88.04900770345738,88.04900770345738,82.64616884436684,93.45184656254791
better_return,319,4,93.08882949448767,93.72104565298639,89.11258973627189,97.69728541120216
better_return,321,1,84.97404255255529,84.97404255255529,84.97404255255529,84.97404255255529
better_return,323,1,81.97173082455234,81.97173082455234,81.97173082455234,81.97173082455234
better_return,324,1,85.80919935925057,85.80919935925057,85.80919935925057,85.80919935925057
better_return,325,2,86.39418507795742,86.39418507795742,83.5550818097264,89.23328834618844
better_return,328,6,99.99999696119653,99.9999999999996,99.99999999999899,99.99999999999969
better_return,329,2,93.79157801781358,93.79157801781358,90.68736702672078,96.89578900890638
better_return,333,8,79.66468591042636,79.03949153599895,75.167869962907,84.21467024134407
better_return,335,3,99.77642721362639,99.99999942863687,99.66464082043981,99.9999997143182
better_return,336,1,84.65612382293635,84.65612382293635,84.65612382293635,84.65612382293635
better_return,338,1,92.13433468540491,92.13433468540491,92.13433468540491,92.13433468540491
better_return,339,1,95.74286313300253,95.74286313300253,95.74286313300253,95.74286313300253
better_return,340,2,95.2870195179068,95.2870195179068,92.9341138901333,97.63992514568031
better_return,343,1,94.09062255182965,94.09062255182965,94.09062255182965,94.09062255182965
better_return,350,2,86.05272433644276,86.05272433644276,85.10116120590008,87.00428746698543
better_return,351,2,94.53443141028659,94.53443141028659,92.08874598962545,96.98011683094772
better_return,376,1,91.03301954407762,91.03301954407762,91.03301954407762,91.03301954407762
better_return,377,5,93.74186704337566,95.14931547898462,94.98590373058788,99.40787447208533
better_return,392,4,77.28982776825202,99.28048517791771,76.57031294617056,99.9999999999992
better_return,401,1,96.41647071253125,96.41647071253125,96.41647071253125,96.41647071253125
better_return,416,1,99.97309192179586,99.97309192179586,99.97309192179586,99.97309192179586
better_return,423,1,65.68078664168281,65.68078664168281,65.68078664168281,65.68078664168281
better_return,443,1,86.65549213837454,86.65549213837454,86.65549213837454,86.65549213837454
better_return,444,1,94.12978953633461,94.12978953633461,94.12978953633461,94.12978953633461
better_return,457,3,99.83089162721205,99.9999938967696,99.7463374408184,99.99999694838448
better_return,458,1,99.99999999999987,99.99999999999987,99.99999999999987,99.99999999999987
better_return,484,1,99.99971665908936,99.99971665908936,99.99971665908936,99.99971665908936
better_return,492,1,89.5276151727682,89.5276151727682,89.5276151727682,89.5276151727682
better_return,498,1,99.0964738561536,99.0964738561536,99.0964738561536,99.0964738561536
better_return,501,1,96.9474372435337,96.9474372435337,96.9474372435337,96.9474372435337
better_return,502,1,94.49449786194533,94.49449786194533,94.49449786194533,94.49449786194533
better_return,507,1,97.92254549564167,97.92254549564167,97.92254549564167,97.92254549564167
better_return,527,1,74.11441137240887,74.11441137240887,74.11441137240887,74.11441137240887
better_return,557,1,86.58347460178658,86.58347460178658,86.58347460178658,86.58347460178658
better_return,558,3,97.85056240207525,97.76990758520961,97.15804112066112,98.50275627505658
better_return,561,1,99.99999999999962,99.99999999999962,99.99999999999962,99.99999999999962
better_return,575,1,99.99753695986415,99.99753695986415,99.99753695986415,99.99753695986415
better_return,576,3,99.99997354791117,99.99999995998064,99.99996032186712,99.99999997998995
better_return,580,1,99.98626357628902,99.98626357628902,99.98626357628902,99.98626357628902
better_return,605,3,99.99999999930908,99.99999999999497,99.99999999896392,99.99999999999721
better_return,606,1,99.62838786207048,99.62838786207048,99.62838786207048,99.62838786207048
better_return,631,1,99.9997013530859,99.9997013530859,99.9997013530859,99.9997013530859
better_return,642,1,92.17769160847278,92.17769160847278,92.17769160847278,92.17769160847278
better_return,770,1,99.99999999998006,99.99999999998006,99.99999999998006,99.99999999998006
better_return,927,1,88.26101932449593,88.26101932449593,88.26101932449593,88.26101932449593
max_sharpe,2,38368013,35.45745574431539,28.752268471020965,7.91033905045424e-14,74.02661792223712
max_sharpe,3,10623128,51.71659232088671,54.95717083893956,23.093579596796452,81.44641505230433
max_sharpe,4,4440691,60.48584761770522,66.31990482069993,38.13074846408145,87.1394906580494
max_sharpe,5,2337014,65.20113568419498,71.45273129888497,45.902486261481954,88.93717153544324
max_sharpe,6,1323959,68.67562826337601,75.0672727819297,51.616610310125736,89.76356757150742
max_sharpe,7,796595,71.21956703817703,77.80122132054129,55.89230891852554,89.99702627081842
max_sharpe,8,531587,73.13956093184473,79.73623423779028,58.90089289608697,90.00931020052124
max_sharpe,9,364240,74.67518894164391,81.1260082240158,61.484604752203936,90.85643296348476
max_sharpe,10,256866,75.8082991390589,81.99900141661959,63.345265188454455,91.65948888516596
max_sharpe,11,191006,76.95686273661904,82.92523899625847,65.18844395216382,92.37290393329667
max_sharpe,12,143456,77.96215965230198,83.98252508721598,66.68110334828337,93.01485844748382
max_sharpe,13,109903,78.77130797113526,84.40922839773978,68.15042973264761,93.14877118258471
max_sharpe,14,83850,79.39096584007257,84.9422667186708,69.08774523273607,93.69578754967252
max_sharpe,15,67038,80.16325949477134,85.68146755843242,70.3544500707718,94.19423156708983
max_sharpe,16,53347,80.78927409304609,86.38360914491813,71.16552507140321,94.45068073960452
max_sharpe,17,43347,81.4447239462449,86.78337281117109,72.2951756832801,94.6692850168978
max_sharpe,18,35325,81.90863339145679,87.14508978707866,72.96013793332384,94.94473951679836
max_sharpe,19,30505,82.23864577465861,87.48976510035449,73.71635800108895,95.0824080294181
max_sharpe,20,30730,81.46302572624414,88.0806184933442,73.52008956484684,96.48157303729565
max_sharpe,21,20936,83.16837752630784,88.2775567086646,75.03197893887653,95.529701113611
max_sharpe,22,17877,83.69584522728556,88.82434527279182,75.68709495898098,95.73839113126732
max_sharpe,23,15056,83.96055367679023,88.79003944433785,76.03671279180618,95.83690041641933
max_sharpe,24,13136,84.17612442039628,88.8424718243777,76.7240781664799,95.93100740853023
max_sharpe,25,11112,84.419523626045,89.24919198350777,76.84671391872445,95.97884651245955
max_sharpe,26,9340,84.88116194924912,89.75509393127228,77.53689551093554,96.40695147046013
max_sharpe,27,8369,85.38886927461215,89.89529520170325,78.61830232241095,96.70841706238534
max_sharpe,28,7286,85.37592936995836,89.87951527613862,78.64229876947603,96.52853692082537
max_sharpe,29,6472,85.55916328147667,89.89557959444744,78.63496690090125,96.61488622984038
max_sharpe,30,5708,85.8442733743611,89.99999999999807,79.04001977280149,96.66334743297968
max_sharpe,31,4793,85.73072302002154,89.97231440653948,79.33324204589954,96.40881286374317
max_sharpe,32,4198,86.05916303478246,90.00294833723302,79.65253725132646,96.62812542785207
max_sharpe,33,3803,86.29335366131474,90.38804127820217,79.65909014030666,96.97265686672873
max_sharpe,34,3534,86.02914386800911,89.99999767410739,79.07275919067686,96.82789949375088
max_sharpe,35,3109,86.8646136550504,90.2115252245068,80.67452992949315,96.98244463269951
max_sharpe,36,2842,86.23864806078629,89.97083725226193,80.02314419364609,96.87583430498722
max_sharpe,37,2329,87.16222322310779,91.2479177546933,81.39584406914672,97.21768544171617
max_sharpe,38,2168,87.27456690457326,90.4504723495661,81.67071544833544,96.85108291364686
max_sharpe,39,1872,87.94178671310209,91.77518684338561,82.09961896487242,97.6959617956421
max_sharpe,40,1824,87.45468399010917,91.39794398702008,81.493047834543,97.46998493666437
max_sharpe,41,1664,87.68304322586002,91.29461670954636,82.35340746733365,97.37173607838132
max_sharpe,42,1432,88.13448353610288,91.82765795151178,83.1502563408579,97.83205243699314
max_sharpe,43,1257,88.41466663033384,92.12812126946608,83.79705625894618,97.65770101956652
max_sharpe,44,1038,87.23436004424738,91.1090056131896,80.18897354422676,97.40934646564577
max_sharpe,45,1031,87.22818697751238,91.01804257107024,80.87006461743812,97.12170435933112
max_sharpe,46,1048,87.75387143165712,90.93177381230691,82.70526830813539,97.00009473160799
max_sharpe,47,987,88.0871089305181,91.69277676433911,82.68685900821993,97.99833362295286
max_sharpe,48,852,88.72434740096229,93.07158203061658,84.82414634453083,98.10939301223685
max_sharpe,49,721,88.45559448935171,92.43401561497174,83.33511142536484,97.79110451346526
max_sharpe,50,762,88.54207889058236,92.78170161697233,82.80004415390987,97.69685321324152
max_sharpe,51,666,88.64094036473783,91.65265926337048,83.13137637209806,97.13315203632435
max_sharpe,52,537,88.25620384898127,92.10629909830162,81.84476984302704,98.0124006264684
max_sharpe,53,546,87.63499694993293,91.09250312819802,81.36270100151646,97.05417736093213
max_sharpe,54,549,90.1300221945107,93.65405727350506,85.50574390949089,98.02040841185058
max_sharpe,55,514,89.05274308798654,92.73741046947377,84.72551206215219,98.28728929783128
max_sharpe,56,412,90.43929813981057,94.10235048007388,87.19289916657749,98.3735628510734
max_sharpe,57,386,88.64570207880179,92.44708428586884,83.63050203255375,97.86284025775856
max_sharpe,58,469,89.34342901404887,93.58684804798945,84.06357312556655,98.17397009786526
max_sharpe,59,332,89.50419415632068,93.51400835348394,84.3468543537007,97.8205362968701
max_sharpe,60,383,88.95950111089125,92.15543180884295,83.84736384848995,97.95988223835809
max_sharpe,61,317,89.70545485314264,93.00196122436894,85.5213684004832,98.34499526352862
max_sharpe,62,299,89.41722225550201,92.48991392562623,84.33568826489903,97.43963925814663
max_sharpe,63,240,89.56535333455003,92.4479701846139,85.25033350624037,97.91443174327821
max_sharpe,64,207,89.37000667943325,92.46918271269209,83.43245394706024,98.39939400203204
max_sharpe,65,283,90.18525964010294,94.17329279641756,85.88694479376466,98.78734433707919
max_sharpe,66,273,90.38083693721947,94.30324699636927,88.01555753203438,98.7946823831486
max_sharpe,67,193,88.1625546317762,92.20964801187515,83.01971849904682,97.75803108524566
max_sharpe,68,197,88.82116302124636,93.08995155624332,83.65596803231973,98.38820750154659
max_sharpe,69,182,89.04159203472697,92.07828370223267,83.3253954870152,97.50207611935996
max_sharpe,70,189,91.1322198955729,93.85704273267291,87.26684526979886,98.70416023453066
max_sharpe,71,189,90.14813848993839,94.19476000601507,85.30971653969547,98.53755852836046
max_sharpe,72,171,91.54777128522913,94.15393468660395,87.60801869737766,98.97951746626876
max_sharpe,73,195,92.56849430902254,97.06213749072539,90.0052236494586,99.93928689100387
max_sharpe,74,121,90.92236311560977,93.4395330462892,85.37748579543076,98.53118408588234
max_sharpe,75,145,90.1239451123498,94.43548045721106,86.17499094073004,98.17403770749965
max_sharpe,76,136,90.29773801206822,93.01464026023577,85.79777365077462,97.52241547687312
max_sharpe,77,136,92.29915694914375,94.96097019148158,88.66750112730685,99.66407833417841
max_sharpe,78,104,92.16511696431509,96.09025124275789,86.99195447451119,99.90429167002064
max_sharpe,79,90,89.3897139077531,92.3728883027764,85.42029792149384,97.94294360083978
max_sharpe,80,111,90.4681221543861,92.91551135127531,87.02502068817739,97.58384463480019
max_sharpe,81,109,92.91110946956985,95.99279276651308,89.94700500611972,99.46278297566984
max_sharpe,82,107,91.8747614918529,94.93156326841358,89.17146902609562,99.34116703404432
max_sharpe,83,77,92.47502166942154,94.56152409542423,89.42741793829798,99.00419612246657
max_sharpe,84,125,94.80699604742465,97.82061307375145,92.88924575813967,99.48420768475364
max_sharpe,85,123,94.18590755823327,98.29012791381828,91.6292709428951,99.99885215115353
max_sharpe,86,97,91.77400815575535,95.38944693155511,89.12077274386924,98.6381425173725
max_sharpe,87,117,91.37348400743564,93.67108856765826,87.1022473715718,98.15289008733224
max_sharpe,88,124,94.16855511493998,97.35662772462788,92.27449331621975,99.9972386556785
max_sharpe,89,87,93.89691447307807,96.75342373857984,91.16655873297356,99.82952040713845
max_sharpe,90,85,87.45699637335935,90.82258887682414,82.351344005849,97.24601362316484
max_sharpe,91,87,92.50136697143815,95.88941417847079,89.40053334887466,99.66684868077655
max_sharpe,92,74,91.12755468159293,93.794228403543,88.24568958053052,99.65509262499961
max_sharpe,93,52,90.83200940487762,94.19977311878722,89.11035877096828,98.59987071280682
max_sharpe,94,138,92.55392701611633,97.04336094981011,89.03519550403513,99.85251820983369
max_sharpe,95,109,93.29415088351713,97.27230547062565,89.9842928360058,99.97956166310338
max_sharpe,96,73,90.75452079166847,95.21731534985744,86.28325383402823,98.94567063792049
max_sharpe,97,48,88.42450523866644,90.9445581468232,84.03203182550422,96.09029948487948
max_sharpe,98,41,91.62256476613769,95.89994106488321,90.24305332342057,99.4584929817345
max_sharpe,99,55,93.75497935694106,94.89730574919491,90.84469213700916,98.73608080523276
max_sharpe,100,51,91.58232832226345,96.8860969911017,86.91106891052988,99.52758296903347
max_sharpe,101,41,91.50178136671188,96.53007670116169,88.94511564573155,98.48081640292382
max_sharpe,102,52,92.25309120276322,95.23377950124652,89.67816686265655,98.72048520689053
max_sharpe,103,52,91.90899385018919,95.12085238500761,88.83602760643751,98.00864084356706
max_sharpe,104,75,94.10628506084925,99.63702432586693,92.49029289256958,99.99996309768073
max_sharpe,105,66,91.60119843396221,97.87940998957848,90.23987218326258,99.99977633505804
max_sharpe,106,58,94.74805718438026,96.17299363275919,92.9732482982559,99.21967067691777
max_sharpe,107,68,95.99092180587361,99.5438887663447,94.56896076649174,99.99998028531098
max_sharpe,108,29,91.79380867064138,95.15136930461641,89.08991594306879,98.44417550614614
max_sharpe,109,36,92.90110787185807,97.14387188205912,88.0456353499248,99.99956074024016
max_sharpe,110,43,95.08113926636693,97.77022863361071,91.14844640988568,99.99999419445456
max_sharpe,111,24,92.76032137360214,95.41130845188414,89.58151969702764,99.91821216341711
max_sharpe,112,30,93.3230874806789,98.56490161694259,90.63452671896779,99.9999181015205
max_sharpe,113,37,91.80653086626702,97.14867522232697,86.24002201772063,99.96282871329704
max_sharpe,114,44,93.52955198344456,97.06664799683648,90.86384093564864,99.93393705840447
max_sharpe,115,49,96.16753110832107,99.12183616532924,94.00864409371455,99.97902901278951
max_sharpe,116,42,91.43919724523816,95.18397859181499,84.64605033886687,98.43805555252743
max_sharpe,117,46,93.76746668174276,96.56132927380304,92.60460594026175,99.48485236351387
max_sharpe,118,60,95.0425733367923,99.37543561287205,94.10406715874998,99.99060736352885
max_sharpe,119,27,96.27789332863587,98.03562037192717,93.30902299655048,99.98405052747913
max_sharpe,120,19,92.43445446664487,99.88810015128458,97.7422890650673,99.99950022326817
max_sharpe,121,37,93.3136381646307,97.29414409615913,93.43345824781862,99.80384621488017
max_sharpe,122,19,89.09640411018893,92.98941142824081,86.04090075649316,99.48730541363328
max_sharpe,123,19,86.62066258303975,93.37535627443422,76.24266894649902,97.40637327153868
max_sharpe,124,14,96.90630010652998,97.99862985153513,95.7544641736835,98.41451609617181
max_sharpe,125,21,95.98711372793949,95.99919238575384,94.26353615512807,99.1409401202737
max_sharpe,126,24,90.49397687056528,94.30084532527749,88.10356117966262,96.88412028915116
max_sharpe,127,17,92.56144542088454,95.46844981901944,91.66634318643196,98.47184102997252
max_sharpe,128,20,90.69710775313459,92.73217461246566,87.26277618859392,99.26391606347742
max_sharpe,129,11,96.66129158734115,95.97208108753696,94.59291568540272,99.70240843294829
max_sharpe,130,24,94.96439255789052,96.66444796939842,92.08420890882401,99.78926053536321
max_sharpe,131,24,93.85895936394708,97.87095437373495,90.33806000608534,99.87031478865585
max_sharpe,132,30,95.54043006801633,97.83645799413554,94.03162042817553,99.99558134894951
max_sharpe,133,27,93.45781117935746,93.74202774562093,91.83103479742923,99.17415206972241
max_sharpe,134,26,95.73464050308336,97.53785358966186,93.03205868124644,99.99999999998909
max_sharpe,135,32,95.25390600994173,98.58021945025084,92.6069078207689,99.98217499756863
max_sharpe,136,23,92.93611967871068,96.49401551599061,91.01489585082388,99.8734077782886
max_sharpe,137,15,90.11031899317392,95.95791123583562,82.42778630258366,99.03133235034362
max_sharpe,138,12,95.70635356114963,96.3966717140048,94.17133898569031,98.92056575353098
max_sharpe,139,15,90.7347047932278,90.5291186901687,87.86035023043499,94.92110543875654
max_sharpe,140,12,89.47933562165207,94.67949108723195,88.32562293087408,99.15018251603881
max_sharpe,141,11,97.01442065217938,98.17661940170166,94.69733860166801,99.60601532067682
max_sharpe,142,9,95.29285535067831,96.97011697642037,94.8590433475407,98.92268355427743
max_sharpe,143,16,93.23544273863008,95.6569805425296,92.48772403188832,97.60767044669151
max_sharpe,144,12,92.97601870449252,96.77994741664622,95.21699418694135,98.09329363934117
max_sharpe,145,22,97.92753979892227,99.86366779078773,98.44488744174652,99.99998411223451
max_sharpe,146,15,93.36164193796944,93.34235893290072,90.78092373135512,96.86022216780056
max_sharpe,147,13,91.65987715175169,96.57280328193202,92.25752315484466,99.03856845669925
max_sharpe,148,13,91.24186447780562,88.86827509256896,87.87519450296087,96.38251390473167
max_sharpe,149,24,96.02254697045821,98.7106155103877,94.10408251606177,99.99903748067084
max_sharpe,150,20,94.53486742740868,96.50493367557803,89.77401143801671,99.99999999964653
max_sharpe,151,17,92.47540936050501,94.45804058594851,88.55993228442603,97.997304975908
max_sharpe,152,9,97.26393272987082,99.1661932762937,96.69957729000514,99.97678506610981
max_sharpe,153,12,92.20219692859722,96.12009130910894,87.20874099213019,99.15405218328425
max_sharpe,154,16,93.0097280451347,98.15944615206112,91.46430444910105,99.82471855259897
max_sharpe,155,3,99.95599912810479,99.98977532375022,99.9359905240853,99.992895829947
max_sharpe,156,12,97.1894143101933,98.26735765581961,95.85889092858912,99.99252099383406
max_sharpe,157,5,96.67131875300535,99.99318152522746,92.14399133052308,99.99999952235706
max_sharpe,158,4,94.37290681196846,96.21942150163173,91.95094141159743,98.64138690200278
max_sharpe,159,5,99.28199425795461,99.89096783134731,99.51183778549523,99.91557454065429
max_sharpe,160,5,94.45541495878693,99.45939265648236,93.36028118263837,99.99724520238499
max_sharpe,161,18,92.3883108322861,90.81092434411529,88.10189856666557,97.30391700976537
max_sharpe,162,1,80.35241452776535,80.35241452776535,80.35241452776535,80.35241452776535
max_sharpe,163,12,88.49815906661364,90.83580343362598,87.57893135812597,93.14407902565898
max_sharpe,164,19,91.15668801520813,93.18407107383277,89.26830906893476,97.6335316619006
max_sharpe,165,22,95.04565655923243,99.01079741491765,96.04146827672815,99.86935442368893
max_sharpe,166,12,92.74629294806716,94.48722170454451,92.70113296530761,95.44327611099384
max_sharpe,167,9,95.7371981961565,98.25628462927294,95.32489356040796,98.98258694654504
max_sharpe,168,13,91.90476158453386,96.69575226634815,90.05321281207787,99.99875566883745
max_sharpe,169,23,97.66762050981616,99.42022067985866,98.40860214076727,99.99903453511948
max_sharpe,170,18,97.1933991366813,99.50983167476696,96.63337449967757,99.99982889210492
max_sharpe,171,20,96.97130302741145,99.62073934437387,92.68552491374409,99.99999941678674
max_sharpe,172,7,93.33945180914274,94.21942181116327,91.89841220592828,95.60333402136874
max_sharpe,173,14,98.48679364711731,99.87516555658351,98.0134314977162,99.93653293451634
max_sharpe,174,7,99.36695561154308,99.99992028033668,99.35934374842813,99.99999999971003
max_sharpe,175,20,98.069459334493,99.94371814753607,98.6954162517644,99.99999958453647
max_sharpe,176,5,96.5199809157577,96.78303688237725,94.87470591764301,98.81985313433991
max_sharpe,177,6,96.61009715453373,96.96252666881051,95.99121479800351,98.16860268680405
max_sharpe,178,4,96.8243774611196,99.2200619352998,96.16994863760247,99.8744907588169
max_sharpe,180,7,90.24479732081325,87.17372220424862,85.86833486272175,94.68826014963003
max_sharpe,181,2,95.6361914511725,95.6361914511725,95.13583150344101,96.13655139890399
max_sharpe,182,7,94.2244307263713,97.1894143342649,96.15642578667725,99.18099559791831
max_sharpe,183,10,95.12131021880627,96.24896707537876,92.64392084511212,97.98471813638432
max_sharpe,184,5,94.95392239278931,94.54375201758008,93.26801973272848,94.63699709755025
max_sharpe,186,1,99.17330760557496,99.17330760557496,99.17330760557496,99.17330760557496
max_sharpe,187,5,89.33445488634014,94.13844555126289,93.47190141624628,94.1567453105639
max_sharpe,188,9,96.40388374843894,97.95023101496938,94.77441999539342,99.59529514755666
max_sharpe,189,9,94.4085305699568,96.25147827922653,92.70476278137842,98.88626311511665
max_sharpe,190,2,94.63597338402838,94.63597338402838,94.29742532524902,94.97452144280774
max_sharpe,191,4,97.36742172013635,99.71901842239609,97.25687711104072,99.8295630314917
max_sharpe,192,7,95.56125092442412,94.69889358736702,94.23806126286345,96.79816740563058
max_sharpe,193,2,90.76085948885571,90.76085948885571,90.17144706789276,91.35027190981867
max_sharpe,194,3,99.95499826854041,99.95860000022721,99.93469957376884,99.97709782915538
max_sharpe,195,15,98.27929648490685,99.32459241696992,96.81656787544037,99.99935002267017
max_sharpe,196,13,91.78230355486927,95.9876837619645,85.39196573896557,99.70374362912897
max_sharpe,197,22,99.45429768686722,99.99822045528352,99.87326389241782,99.99999649463567
max_sharpe,198,8,91.87484479494603,95.43754453646058,90.4591661043899,96.90026536639321
max_sharpe,199,5,85.99153234262924,93.04328705211022,82.88289100690142,96.73107397427778
max_sharpe,200,7,90.38732007063115,95.27013127736382,85.45472037687743,98.9429012812777
max_sharpe,201,4,93.45585544054506,97.8564162846578,92.345553570656,98.96671815454685
max_sharpe,202,18,97.10613343339301,98.32697341437057,96.37557490480137,98.82188357609819
max_sharpe,203,1,97.96322413488205,97.96322413488205,97.96322413488205,97.96322413488205
max_sharpe,204,3,94.60693002010966,95.31719912011279,91.91039503016736,97.65859956005353
max_sharpe,205,4,93.75728396380248,92.59984051460299,90.29681696553186,96.06030751287364
max_sharpe,206,3,92.2328480883765,93.48004368462284,89.6063579210759,95.48293605380027
max_sharpe,207,9,97.28693013925678,97.55866278079368,95.71544396600892,99.9999761689053
max_sharpe,208,9,97.9773827778291,99.09768850863644,96.08129724393922,99.69013703578572
max_sharpe,209,27,96.21924502790962,98.66013190039978,94.97704835843047,99.92428668966299
max_sharpe,210,12,84.38291250841398,87.30802660276422,76.1485580658783,94.09253352564866
max_sharpe,211,3,95.73048257284779,94.5921165395639,93.77045724554912,97.12132488350451
max_sharpe,212,12,98.18467104359581,99.92744401829376,98.11953202257686,99.9999996079007
max_sharpe,213,5,96.84435714607808,97.8365393404542,94.37192234861604,98.20354161257404
max_sharpe,214,10,97.654022852158,99.07850307075705,98.1487707370653,99.94511591641987
max_sharpe,215,3,97.87214804904757,97.02792155115618,96.81047046102464,98.5117123881248
max_sharpe,216,10,97.22223914145869,99.96799157915726,97.80315774835763,99.99786142746458
max_sharpe,217,16,99.43684285283251,99.87801781028179,99.66275688692663,99.99946579972853
max_sharpe,218,1,92.60046268228741,92.60046268228741,92.60046268228741,92.60046268228741
max_sharpe,219,13,97.50583374836859,99.11672497170059,95.7051547106898,99.74909732853111
max_sharpe,220,9,95.03692344691784,95.23575674180532,93.80409805657936,95.94826334853975
max_sharpe,221,1,98.12285947136242,98.12285947136242,98.12285947136242,98.12285947136242
max_sharpe,222,2,89.79889089314342,89.79889089314342,88.43301305663766,91.16476872964918
max_sharpe,223,1,83.5818254501397,83.5818254501397,83.5818254501397,83.5818254501397
max_sharpe,224,7,93.68791890751523,95.05176169913948,90.5566394776849,99.45497908019047
max_sharpe,225,3,97.61597323762847,98.18696831416558,96.4239934309097,99.09345058261579
max_sharpe,226,3,96.79413939829736,96.99777260012395,96.0796909131698,97.6104044843382
max_sharpe,227,9,93.71648262949547,98.50870843413009,92.24590840957954,99.13535824825304
max_sharpe,228,5,94.20754735212941,99.08565094948828,98.89714574687314,99.50536593080462
max_sharpe,229,6,98.71075173288375,99.15613614836045,97.686950824156,99.9452747800976
max_sharpe,230,11,98.60007471701805,99.4574847932693,98.48356149735105,99.99888663161258
max_sharpe,231,3,96.508103118547,99.49005572867398,94.76215467782065,99.74502786433685
max_sharpe,232,2,97.44725876677677,97.44725876677677,96.19229067661145,98.70222685694208
max_sharpe,233,2,98.42147927026907,98.42147927026907,97.67549675317882,99.16746178735931
max_sharpe,234,4,97.8956533313348,99.63920140977856,97.69561060470784,99.83924413640554
max_sharpe,235,2,97.05393854353085,97.05393854353085,95.58138250031023,98.52649458675147
max_sharpe,236,11,96.73800185358881,99.98860469887553,99.5091689392373,99.99784625186314
max_sharpe,238,1,97.17928344479958,97.17928344479958,97.17928344479958,97.17928344479958
max_sharpe,239,8,98.34445576506297,99.9354789059008,97.7240685190389,99.98903632699663
max_sharpe,240,8,95.50381727481478,96.33224187920538,93.21267181200135,98.64948805498915
max_sharpe,241,13,94.10544415004163,92.46738993436729,92.11931137383533,99.20564246184733
max_sharpe,242,3,93.21379854973685,93.2524751484338,89.82069787495563,96.62623752386656
max_sharpe,243,9,96.2362412193886,97.16253798492431,92.93096338012825,99.44965033087003
max_sharpe,244,11,99.42996166162737,99.21851788461859,99.00398567932153,99.96774036932905
max_sharpe,245,2,94.5368568054812,94.5368568054812,91.88634270504846,97.1873709059139
max_sharpe,246,5,99.15495472165762,99.52818846848928,99.00879289747202,99.72508593210708
max_sharpe,247,6,78.26092081861856,76.76386277478787,72.85156962849092,86.94230437743367
max_sharpe,248,4,92.57391173984962,95.34726501869757,90.39961899333329,97.52155776521391
max_sharpe,249,2,96.40184273761088,96.40184273761088,94.6027699678713,98.20091550735046
max_sharpe,250,5,96.1122239450963,96.83617051109248,94.01737499331998,97.02326761820522
max_sharpe,251,5,99.27223177540617,99.9152337148578,98.46790651889428,99.9711082478722
max_sharpe,252,4,93.59667236240611,94.86088902636533,90.3031894269247,98.15437196184672
max_sharpe,253,11,99.10217741925453,99.87719957778747,98.86459185930485,99.99997268566224
max_sharpe,255,1,86.85644943794804,86.85644943794804,86.85644943794804,86.85644943794804
max_sharpe,256,2,99.57079408031362,99.57079408031362,99.35623783074124,99.785350329886
max_sharpe,257,7,97.82533538207373,99.98896901227297,95.98868757981728,99.99999956186917
max_sharpe,259,4,96.58684039513182,99.2696511232758,96.02435470644147,99.83213681196617
max_sharpe,260,2,96.92211881041166,96.92211881041166,95.38343739262035,98.46080022820297
max_sharpe,262,1,95.95402612300876,95.95402612300876,95.95402612300876,95.95402612300876
max_sharpe,263,2,99.99999998576328,99.99999998576328,99.99999998437256,99.999999987154
max_sharpe,264,1,98.62839423339366,98.62839423339366,98.62839423339366,98.62839423339366
max_sharpe,265,9,99.9090379749599,99.9999999587692,99.99880887287715,99.99999999999952
max_sharpe,266,1,99.8122511670342,99.8122511670342,99.8122511670342,99.8122511670342
max_sharpe,267,1,98.31882660377518,98.31882660377518,98.31882660377518,98.31882660377518
max_sharpe,270,1,99.9450501387559,99.9450501387559,99.9450501387559,99.9450501387559
max_sharpe,272,3,93.03799098214934,91.36405873076632,90.1105280137282,95.12848782487896
max_sharpe,273,3,94.00694944027981,93.32673406629777,92.28337394633334,95.39041724723525
max_sharpe,274,3,93.49466930254597,95.44085005599912,92.23529392775637,95.72713505406215
max_sharpe,275,1,99.97550699882088,99.97550699882088,99.97550699882088,99.97550699882088
max_sharpe,276,1,80.53578885225133,80.53578885225133,80.53578885225133,80.53578885225133
max_sharpe,277,5,98.32162204708568,99.90273936438884,99.84702986649197,99.98499514625956
max_sharpe,278,3,97.3426893636658,99.21914956552916,96.06833424956586,99.55527457869744
max_sharpe,279,4,94.48568493817561,97.19076378618945,93.51127091232895,98.16517781203609
max_sharpe,280,1,82.21105181071651,82.21105181071651,82.21105181071651,82.21105181071651
max_sharpe,281,4,99.85443577256157,99.99990318283673,99.85433895539975,99.99999999999856
max_sharpe,283,1,98.14195623175026,98.14195623175026,98.14195623175026,98.14195623175026
max_sharpe,284,1,93.49621211910343,93.49621211910343,93.49621211910343,93.49621211910343
max_sharpe,286,2,96.94392336224115,96.94392336224115,96.88245363525157,97.00539308923074
max_sharpe,287,2,97.52456652329218,97.52456652329218,97.13879692273174,97.9103361238526
max_sharpe,288,2,90.53298753968261,90.53298753968261,87.43781173735667,93.62816334200855
max_sharpe,289,7,90.88588703112133,93.08251629438104,87.94174651458758,94.827127893626
max_sharpe,290,7,98.93975604872824,99.44609581660784,98.52142685065914,99.90327793866774
max_sharpe,291,1,99.95587791860312,99.95587791860312,99.95587791860312,99.95587791860312
max_sharpe,292,2,99.63014243972651,99.63014243972651,99.54874060702377,99.71154427242922
max_sharpe,294,3,98.31385763915632,99.98943653147899,97.47165853994332,99.99384618453064
max_sharpe,296,3,94.77496988874846,93.79560388306443,92.83143198448737,96.22882479016755
max_sharpe,300,1,96.35870315376478,96.35870315376478,96.35870315376478,96.35870315376478
max_sharpe,302,2,97.7373111448434,97.7373111448434,97.00802916561793,98.46659312406888
max_sharpe,304,5,92.07221683821982,99.99999904955409,96.18683650850215,99.99999935908946
max_sharpe,305,2,92.65995866593114,92.65995866593114,92.27246293309562,93.04745439876666
max_sharpe,306,2,83.39784112998167,83.39784112998167,77.3948651652212,89.40081709474212
max_sharpe,307,1,92.7077345528116,92.7077345528116,92.7077345528116,92.7077345528116
max_sharpe,312,1,99.56892870306969,99.56892870306969,99.56892870306969,99.56892870306969
max_sharpe,313,13,97.56015513342673,99.99960241970103,99.09124025154723,99.9999999931692
max_sharpe,314,2,93.71300182003952,93.71300182003952,91.08683462992299,96.33916901015604
max_sharpe,315,10,94.6436564235688,96.15401416155743,90.7498013412717,99.35288596529203
max_sharpe,317,2,97.71989864640244,97.71989864640244,97.65532130305579,97.78447598974911
max_sharpe,318,2,96.38364383146202,96.38364383146202,94.82531431698143,97.94197334594261
max_sharpe,319,4,96.25827488724693,97.14852991254492,94.54800049572762,98.85880430406424
max_sharpe,321,1,96.69425046880893,96.69425046880893,96.69425046880893,96.69425046880893
max_sharpe,323,1,86.9850433347527,86.9850433347527,86.9850433347527,86.9850433347527
max_sharpe,324,1,94.48557645733099,94.48557645733099,94.48557645733099,94.48557645733099
max_sharpe,325,2,87.56829008812738,87.56829008812738,84.18082590778198,90.9557542684728
max_sharpe,328,6,99.54485623624987,99.55507529653545,99.21206077579286,99.88495602437592
max_sharpe,329,2,97.87638790012576,97.87638790012576,96.81458185023997,98.93819395001157
max_sharpe,333,8,95.60999626386747,95.97326216907993,93.78222484387535,97.62305244602402
max_sharpe,335,3,99.65337274192541,99.63106536089677,99.48017378653353,99.81541800680297
max_sharpe,336,1,96.92147471348233,96.92147471348233,96.92147471348233,96.92147471348233
max_sharpe,338,1,99.34241742466806,99.34241742466806,99.34241742466806,99.34241742466806
max_sharpe,339,1,95.88604532825154,95.88604532825154,95.88604532825154,95.88604532825154
max_sharpe,340,2,94.6220082523233,94.6220082523233,92.02626609111903,97.21775041352757
max_sharpe,343,1,93.10342164768332,93.10342164768332,93.10342164768332,93.10342164768332
max_sharpe,350,2,87.13635094074185,87.13635094074185,86.80559621521945,87.46710566626425
max_sharpe,351,2,98.93865032363082,98.93865032363082,98.7190221208055,99.15827852645616
max_sharpe,376,1,97.67970059896736,97.67970059896736,97.67970059896736,97.67970059896736
max_sharpe,377,5,98.0965759804105,99.26530082269468,99.13940244667899,99.87045400439133
max_sharpe,392,4,96.77719007352822,97.20674182333087,95.0402906203437,98.94364127651542
max_sharpe,401,1,96.2274753078021,96.2274753078021,96.2274753078021,96.2274753078021
max_sharpe,416,1,99.87452394224431,99.87452394224431,99.87452394224431,99.87452394224431
max_sharpe,423,1,63.49607776878399,63.49607776878399,63.49607776878399,63.49607776878399
max_sharpe,443,1,91.69419550398527,91.69419550398527,91.69419550398527,91.69419550398527
max_sharpe,444,1,91.13617762521129,91.13617762521129,91.13617762521129,91.13617762521129
max_sharpe,457,3,98.9862806681262,99.49266621386913,98.47942405380537,99.74633005531848
max_sharpe,458,1,99.55219055763129,99.55219055763129,99.55219055763129,99.55219055763129
max_sharpe,484,1,99.99915234301218,99.99915234301218,99.99915234301218,99.99915234301218
max_sharpe,492,1,91.28478690418407,91.28478690418407,91.28478690418407,91.28478690418407
max_sharpe,498,1,97.28414694629993,97.28414694629993,97.28414694629993,97.28414694629993
max_sharpe,501,1,93.56125211234104,93.56125211234104,93.56125211234104,93.56125211234104
max_sharpe,502,1,92.92737287932111,92.92737287932111,92.92737287932111,92.92737287932111
max_sharpe,507,1,97.79593209354402,97.79593209354402,97.79593209354402,97.79593209354402
max_sharpe,527,1,77.00908043010847,77.00908043010847,77.00908043010847,77.00908043010847
max_sharpe,557,1,92.84703441329994,92.84703441329994,92.84703441329994,92.84703441329994
max_sharpe,558,3,97.34862521068412,97.0758520959932,96.44440725410806,98.1164566099147
max_sharpe,561,1,99.99999999999906,99.99999999999906,99.99999999999906,99.99999999999906
max_sharpe,575,1,99.98812761253929,99.98812761253929,99.98812761253929,99.98812761253929
max_sharpe,576,3,99.8506170110134,99.9967947822019,99.77596517464357,99.99835773297747
max_sharpe,580,1,99.37307657267478,99.37307657267478,99.37307657267478,99.37307657267478
max_sharpe,605,3,99.99931044843909,99.9999999691788,99.9989656726603,99.99999998458773
max_sharpe,606,1,99.6264635646389,99.6264635646389,99.6264635646389,99.6264635646389
max_sharpe,631,1,99.9992740717143,99.9992740717143,99.9992740717143,99.9992740717143
max_sharpe,642,1,92.29177592243116,92.29177592243116,92.29177592243116,92.29177592243116
max_sharpe,770,1,99.99999994775203,99.99999994775203,99.99999994775203,99.99999994775203
max_sharpe,927,1,83.60478935250744,83.60478935250744,83.60478935250744,83.60478935250744
safer_risk,2,38368013,9.712993007112631e-06,4.696326105779747e-08,9.208692142159691e-09,1.37704036368147e-07
safer_risk,3,10623128,21.8200987686009,15.690047707914937,4.476797862983378,34.469636913995515
safer_risk,4,4440691,33.87355979033027,30.838039753557783,15.478646777333726,49.26527841140563
safer_risk,5,2337014,41.1269524008902,39.74955194956414,23.60085869311246,57.02128128164979
safer_risk,6,1323959,46.06162524476882,45.32082799325682,29.632609209680695,61.58460604992679
safer_risk,7,796595,49.71839406302176,49.227818492110984,34.10184960021823,65.07369694041739
safer_risk,8,531587,52.871924544240784,52.5910206971868,37.956396256642485,67.99072498465884
safer_risk,9,364240,55.22087675902551,55.0935906595914,41.00048859025553,69.90659272975995
safer_risk,10,256866,57.07680122076417,57.16957036615962,43.2676067585972,71.47029612916762
safer_risk,11,191006,58.89393623991695,59.120501516040534,45.465338535799134,73.06875565292972
safer_risk,12,143456,60.585447257278744,61.026628307224684,47.54445991786532,74.68598307930213
safer_risk,13,109903,61.643916669688835,62.10073817757002,49.131954088550614,75.21250275615449
safer_risk,14,83850,62.940343855152406,63.47331239916596,50.575823226580695,76.3369800567171
safer_risk,15,67038,63.99545379880028,64.6820007624069,51.86313802788566,77.3038588876426
safer_risk,16,53347,64.90638460260963,65.86080970492341,52.97252180038612,78.20607874960527
safer_risk,17,43347,65.90980412030467,66.77052774406162,54.06681643684432,78.83684046978246
safer_risk,18,35325,66.48949332131029,67.21060924774295,54.940534006133824,79.41341993592971
safer_risk,19,30505,67.44130880785303,68.38514612680495,56.43842257886934,80.05661525211374
safer_risk,20,30730,69.83326380602229,71.35744387264668,57.89585575464717,84.55473644568376
safer_risk,21,20936,68.55181467719831,69.67447507243591,57.673762008056514,81.02526312840801
safer_risk,22,17877,69.49835458118125,70.63175759910916,58.60453907393526,81.96537768031065
safer_risk,23,15056,69.66287686323155,70.7357584871855,59.21220571294061,81.64066882497914
safer_risk,24,13136,70.18648153078006,71.44373288622154,59.670085643957286,82.34806275841754
safer_risk,25,11112,70.72193390390362,71.91110763031008,60.52869251794667,82.49919082944267
safer_risk,26,9340,71.6030342898398,73.0369785506276,61.16825762448957,83.65732638177211
safer_risk,27,8369,72.45116166288173,73.9152113311687,62.291287805781835,84.48378599637917
safer_risk,28,7286,71.8033523467241,73.15196490614704,61.63701535528197,83.50304218698312
safer_risk,29,6472,72.87857459521192,74.45421247836542,63.02929418912424,84.45149951297148
safer_risk,30,5708,72.96356949752035,74.44384551558736,63.504277046787294,84.18078845754385
safer_risk,31,4793,73.07241351524847,74.97949294717796,63.26417077828429,84.28946761300817
safer_risk,32,4198,73.43122925706658,75.28539641246928,64.01345743132094,84.52165435460856
safer_risk,33,3803,74.51679712069395,76.51732266860482,65.05004036422386,85.68966388724894
safer_risk,34,3534,74.16223854787386,75.81432609623195,65.02275879795123,85.02066056864227
safer_risk,35,3109,74.3523050419395,75.57065813923516,65.18223793008508,85.04565485088939
safer_risk,36,2842,74.34077022976336,75.9571922812581,64.36290019709628,85.50703098066067
safer_risk,37,2329,74.84108208298156,76.56216105416038,66.23148603787028,85.01533303274502
safer_risk,38,2168,74.67625668189558,76.89425753550296,65.83585711876484,85.36212683533624
safer_risk,39,1872,75.85366636465844,77.84853841764598,66.71216151348791,87.09418899012795
safer_risk,40,1824,75.77526014272145,77.51180601334326,67.41636094799958,86.0665068162151
safer_risk,41,1664,75.84852017782738,77.63682344865545,66.8451610260567,86.53376516293821
safer_risk,42,1432,76.93145960712515,78.5870321556886,68.21737217014197,87.50384947828226
safer_risk,43,1257,76.6911649274461,78.19132811529389,68.37652474612935,87.57494952850456
safer_risk,44,1038,75.9877159678886,77.16412410287828,66.90224197400016,87.39325794058767
safer_risk,45,1031,76.14181377716383,77.82184032391427,67.65110312708245,85.64583525942655
safer_risk,46,1048,76.26994918539422,77.83919116619815,68.07764984618083,86.50887883781868
safer_risk,47,987,76.68008831071805,78.44082478683355,68.1963168608784,86.23318932516753
safer_risk,48,852,76.2963606249132,78.55303490871492,68.22351647613104,87.64486101471932
safer_risk,49,721,75.91171240390652,78.50650283558356,68.19802117612169,85.91812229671251
safer_risk,50,762,77.01365478643443,78.23420295689873,67.94082939184054,87.57524949699702
safer_risk,51,666,77.46522439241198,79.55943240445643,70.63737521236635,86.76197363066555
safer_risk,52,537,77.55362732702602,79.67742142850237,68.90184984974897,88.75433403953913
safer_risk,53,546,76.09260831977035,77.73747659093874,67.36803771388561,85.95376667164908
safer_risk,54,549,79.77344772644493,81.49062766825695,72.11768478668947,89.96721546655893
safer_risk,55,514,78.09289324509673,80.02176612106486,69.5983367391001,88.7066030569035
safer_risk,56,412,79.01532291338802,81.14828588519507,70.91936112797553,89.1220700410924
safer_risk,57,386,78.26830361638993,79.604193404423,70.08376684024529,87.40735563395556
safer_risk,58,469,78.2112779945691,80.42835663557572,70.48478224969604,88.41202961526533
safer_risk,59,332,77.13848515405675,77.97850325452288,68.84121817440273,88.01973971323923
safer_risk,60,383,80.74959462372603,82.88161348587127,74.14806895282526,89.87194293665391
safer_risk,61,317,77.83339790977907,80.52633536950103,69.62597150622686,90.27440706645507
safer_risk,62,299,77.46323880018919,80.58997689178142,69.79906741358414,87.01211576404839
safer_risk,63,240,76.95835149703882,78.69473438027616,68.99901114538761,85.9212368186381
safer_risk,64,207,77.35216706404158,78.6647903356194,70.41641539967344,88.09304375890454
safer_risk,65,283,82.70199763561546,85.0629881748123,74.68328608642636,91.96845331331224
safer_risk,66,273,79.07712709394985,82.13743072947598,70.4809980942407,90.51790075056681
safer_risk,67,193,79.1692405084817,81.55202344532756,71.25878737411787,87.83008384261124
safer_risk,68,197,75.89528153457967,77.8803151307889,65.35830610055999,87.2802930729074
safer_risk,69,182,79.06417368649085,81.22523624545354,70.99978801880636,87.98856925387791
safer_risk,70,189,80.21114462031727,81.66009132246745,72.35712484355086,90.00058654723982
safer_risk,71,189,77.20670854965205,78.97601975753837,69.68041624765746,86.39319797421484
safer_risk,72,171,78.10919483938902,80.41036587979356,69.03539195560552,86.99251994043877
safer_risk,73,195,81.30550428455258,85.15066805750098,71.33469740617659,93.11404247023539
safer_risk,74,121,82.22787976507115,83.83843753561415,76.09028904460602,91.53507384844262
safer_risk,75,145,78.94343576541048,81.68959333733675,71.90362504621463,88.75043586119341
safer_risk,76,136,79.54845717838835,81.10043581727993,73.205413514389,87.18443173377578
safer_risk,77,136,83.94638611275141,86.35481360046938,76.82743444320202,93.62030040677652
safer_risk,78,104,81.83955213334148,81.7597387098892,73.27056545785015,93.25940871209878
safer_risk,79,90,79.18567218258133,79.31090444664235,72.05385178753211,88.98432255777234
safer_risk,80,111,80.66287740355885,81.86064901076924,75.44927372869537,88.13216945476432
safer_risk,81,109,80.14547445938787,81.83827130332979,70.74742597062631,90.46635545251142
safer_risk,82,107,78.85525116410781,82.24768531338668,73.07051428451412,88.59687598443088
safer_risk,83,77,79.43753419499478,82.0292260737213,71.68968277770567,89.38378448015484
safer_risk,84,125,83.7969281628711,85.70523415119304,75.64950618838797,91.55472185158773
safer_risk,85,123,84.4571433102675,88.21998710320504,77.17592903963575,95.61948752536287
safer_risk,86,97,82.57088030188322,84.78836199510424,73.47439846639458,92.22671832408219
safer_risk,87,117,81.54263890387423,83.34587458882021,74.54576042569633,91.76677946688105
safer_risk,88,124,83.59309310831749,87.30853907525977,76.09160490761181,94.02348966312613
safer_risk,89,87,82.70234096674285,83.07622104299534,74.21362018176032,94.67999512118564
safer_risk,90,85,79.70941657993916,82.54735219642177,75.51282140601856,88.19827315472804
safer_risk,91,87,82.69684173153696,84.16174782994862,76.02237769313558,92.53808578204934
safer_risk,92,74,81.63677769607621,83.95288838705454,71.82387139003234,91.97254925214997
safer_risk,93,52,81.48170720884758,83.07536098676101,76.75828808581832,90.34490853636447
safer_risk,94,138,83.87882276406302,88.58349202016097,74.9847346779671,94.9722929763301
safer_risk,95,109,84.93471050411915,85.98436587927539,77.39347222032302,93.34875442262455
safer_risk,96,73,81.79995001598655,84.53672553324087,73.84852842582295,91.34953981962364
safer_risk,97,48,79.55882443349101,81.70287182804532,72.76816930691402,86.02168569935003
safer_risk,98,41,78.25536923716359,80.1281025285057,68.55052130999859,89.73057798048431
safer_risk,99,55,83.95202942017404,84.86292505179952,77.05442498557505,92.66159167091635
safer_risk,100,51,83.48307571712938,86.90765107003591,79.09635626523269,92.02153049586019
safer_risk,101,41,80.03163821729736,81.59936021309973,75.6227388222824,86.70472736231054
safer_risk,102,52,81.19470331225759,79.15221682358316,72.57970827000548,90.6670195692728
safer_risk,103,52,80.8538339550315,80.50176375476474,76.06131810015334,87.27697058683324
safer_risk,104,75,86.41742174995896,91.02680054787002,78.174333908949,95.12073695770044
safer_risk,105,66,85.443607097517,88.11339876719013,76.09811129513565,98.105333837422
safer_risk,106,58,84.51921848204316,84.52056913085191,82.22160719589552,90.57439489755967
safer_risk,107,68,88.40801976907632,96.3787712818568,80.0700412193902,98.14147207895645
safer_risk,108,29,80.85054782829457,79.3431945017652,76.02721605549561,88.61288052340393
safer_risk,109,36,84.44562344115599,89.72399050144526,78.32234778180865,96.59801600788035
safer_risk,110,43,88.64454903999922,91.96698819771683,81.84959937827624,97.69477956210093
safer_risk,111,24,80.51438197773665,79.14333606478806,74.3101153395707,86.46108306044992
safer_risk,112,30,83.3482380098982,85.62788003257421,77.81944756515978,90.43560365496312
safer_risk,113,37,83.38857788952454,86.93054194465836,77.22647457094284,92.06036555132735
safer_risk,114,44,83.55767627323355,88.19641622279127,80.73913487470621,91.48828434264675
safer_risk,115,49,89.27766884393883,91.59762910923246,83.02663255481939,97.69134411940735
safer_risk,116,42,85.24755887578158,86.14778142320881,80.36096508427813,94.32249811546299
safer_risk,117,46,81.84035529987354,85.68916036425315,78.23303016499872,91.09830981222925
safer_risk,118,60,85.86354529353267,87.96371259187472,83.43493561115886,92.46280286707028
safer_risk,119,27,85.91088790784234,84.89225336266702,82.88511910048823,86.8555995328595
safer_risk,120,19,86.4604794251848,90.81920319809387,86.66784372649056,92.73849909692913
safer_risk,121,37,83.80781131178632,86.37255903553631,76.78549137596063,91.7608792869364
safer_risk,122,19,81.61853178500876,81.50730748863374,76.6955976181821,89.98860597745552
safer_risk,123,19,72.23901729051029,75.49974502813592,64.78952602440754,86.06964571695352
safer_risk,124,14,81.95367850614893,83.36451016649093,72.86791607428245,91.5344873954943
safer_risk,125,21,81.11271265403704,81.44300530393336,71.41747208413302,87.88916427804077
safer_risk,126,24,73.64303647459079,71.80699466831396,65.37886509267753,83.93828809378817
safer_risk,127,17,81.28728532847173,79.7663555575575,74.77359266514279,90.70500812693024
safer_risk,128,20,78.44382689430363,79.61145855765415,68.78294868149125,85.03934919085646
safer_risk,129,11,85.82684765929412,80.9802662749719,79.8037572479295,93.37101442003426
safer_risk,130,24,89.07802752636324,91.49336097723257,84.87208791436134,96.7215803172568
safer_risk,131,24,87.37798826393305,87.34147977799111,83.14602553477931,98.31882093715907
safer_risk,132,30,90.09303454644117,93.75686244502852,86.12917544604626,96.21518096103506
safer_risk,133,27,80.15112308766271,88.08400419684355,70.1707730307099,93.84150120262274
safer_risk,134,26,84.05786361500532,83.17222914128234,76.25602397494225,94.22857293045348
safer_risk,135,32,87.77082431317505,94.49551181016685,81.63960684330071,98.53871282870284
safer_risk,136,23,83.19592044032468,84.17659575207963,76.07798944119341,92.56480892180156
safer_risk,137,15,77.09130050628669,79.38133172986106,74.85930097218716,83.07514167793045
safer_risk,138,12,81.13087000461888,81.6881452259188,79.24885688591458,85.86809595179056
safer_risk,139,15,80.77808916954471,81.51068883894092,76.5185720478793,84.9625683280522
safer_risk,140,12,76.66905375050881,78.5824967601648,71.3238011103629,88.39434634197971
safer_risk,141,11,82.60584213939778,83.70506146707851,79.96157535515324,86.39103384407514
safer_risk,142,9,77.50488748291953,82.98631724992178,74.97185188221034,85.33980644430795
safer_risk,143,16,82.57994266863808,81.25381795247623,78.6108510845824,85.37765719823459
safer_risk,144,12,81.14219221127665,80.36664276267689,74.04884980334899,86.33948624348494
safer_risk,145,22,85.61992793498773,83.96204928840544,76.78006212175558,95.34467998333776
safer_risk,146,15,86.00911987952097,85.3785633128927,82.78434638470128,89.5469706810428
safer_risk,147,13,85.97659731279167,90.65834074246314,80.82158590973918,92.92385777830549
safer_risk,148,13,78.34706210072818,77.8667042795982,72.84453563574696,85.33184212047917
safer_risk,149,24,91.10996401993327,95.96618476060469,86.34251094724401,98.02696377340175
safer_risk,150,20,88.58298124144417,89.58214501030122,82.75316759861683,97.89632910157724
safer_risk,151,17,85.4564708133005,89.17828539954307,77.10803486786483,92.19102295779258
safer_risk,152,9,83.43784853970901,87.35197746428621,78.33761452298408,93.05864228757518
safer_risk,153,12,78.65771014117011,82.55329853352464,68.59637183145107,92.72504282551601
safer_risk,154,16,80.76990314733092,85.58465716276658,76.99597958276037,93.09946692298246
safer_risk,155,3,71.09210464099606,72.15495127276024,67.03201387602121,75.68361872185301
safer_risk,156,12,87.92181215464463,90.85650700416798,79.17446788372283,97.7130621838846
safer_risk,157,5,91.20289396460575,96.88063558046026,81.56387607036525,97.40916973931135
safer_risk,158,4,86.08594887833763,82.43100122303372,80.99310356222236,87.52384653914899
safer_risk,159,5,88.11016336568906,90.9011868614904,86.52006617845,92.13799926706186
safer_risk,160,5,81.29250009493178,88.82267825159316,79.86139993840688,92.12731219518602
safer_risk,161,18,82.55355075734462,86.09894621971718,82.68936590830567,90.60428692059654
safer_risk,162,1,73.16708177927266,73.16708177927266,73.16708177927266,73.16708177927266
safer_risk,163,12,77.75971748745711,77.74817029064067,72.84929188218173,84.46231316730169
safer_risk,164,19,80.63148897551606,85.20483285107528,75.50388493914699,88.82545902918957
safer_risk,165,22,80.8676102885633,84.04790666546353,76.58312624709255,85.48628715611734
safer_risk,166,12,78.47170324783012,76.78218234567709,75.93331503098352,79.58319307397775
safer_risk,167,9,85.11472565831234,83.29918391708615,81.11263675675619,88.14593827583899
safer_risk,168,13,84.49297539733105,87.63103575959175,75.77285816171313,97.37348469057335
safer_risk,169,23,93.71857450573079,96.61989646314382,95.4566043097334,99.70572993027896
safer_risk,170,18,93.2894880356232,96.20163952926103,92.79930755952282,99.0677271091385
safer_risk,171,20,89.37648232862384,95.87563551127282,81.7896489931002,98.62322954672989
safer_risk,172,7,85.18758831936961,86.94010217650762,77.76433951972801,96.86612752791021
safer_risk,173,14,92.92374548027668,94.17964394240823,89.59074854267695,98.47943238903144
safer_risk,174,7,88.03308249841714,97.72211220601817,79.76067506539272,98.937260667376
safer_risk,175,20,96.02601929553344,98.12242671161836,96.64143074368239,98.93443948770738
safer_risk,176,5,88.61945079685422,88.57137582286929,86.47314895782017,92.03529563507729
safer_risk,177,6,82.54876267971916,78.6018731409102,76.65291032767954,84.88678929268261
safer_risk,178,4,91.17566173303075,89.83812003571009,88.81679356805833,92.19698820068251
safer_risk,180,7,78.25346591573525,69.54249754088404,67.70294952681766,89.13013131985727
safer_risk,181,2,74.74108710284364,74.74108710284364,73.684487026027,75.79768717966027
safer_risk,182,7,81.03704830829143,78.91835968280144,72.9735337064726,88.54466373034111
safer_risk,183,10,84.22110650582576,84.65168905119481,75.96976118954649,91.06136919613637
safer_risk,184,5,84.92135230868351,88.40112465042571,79.32684188314386,90.53056877164578
safer_risk,186,1,86.03990847210453,86.03990847210453,86.03990847210453,86.03990847210453
safer_risk,187,5,81.28352610022458,82.76934359172041,82.11629170432285,85.90578183677107
safer_risk,188,9,87.64987663185849,90.74373425639044,79.03771635290036,95.96105826409817
safer_risk,189,9,83.36089920911863,83.8623777193018,83.32488504791556,84.60095663134284
safer_risk,190,2,86.28786506111629,86.28786506111629,81.79940401030633,90.77632611192627
safer_risk,191,4,90.45406247350383,90.62372822400334,87.516538191697,93.56125250581016
safer_risk,192,7,79.9631449587881,76.18816984058272,75.75862164070567,82.46937398295518
safer_risk,193,2,88.45902535528981,88.45902535528981,86.2637369428175,90.65431376776213
safer_risk,194,3,93.3824669324294,95.15342904795591,92.1418965538399,95.50851836878215
safer_risk,195,15,94.18921358376339,96.47917223009304,92.72978764507053,98.557148852231
safer_risk,196,13,85.8480350026259,85.72885081445396,79.43939117656198,95.02063815365398
safer_risk,197,22,97.34123892018118,98.12143823009235,97.13617425150935,99.94346900328361
safer_risk,198,8,85.5280370631292,85.33075433806374,80.43380127565521,94.72172472865438
safer_risk,199,5,79.34536492583284,80.78392076089278,79.54670579240259,86.82826792084362
safer_risk,200,7,79.51024708814408,80.36858684181556,78.68165616787124,84.22468975628007
safer_risk,201,4,84.80643417455487,81.34412001145164,79.09394750518742,87.05660668081907
safer_risk,202,18,85.74286877907508,87.50824855290227,80.99207473740012,93.02965747725013
safer_risk,203,1,94.85991848662954,94.85991848662954,94.85991848662954,94.85991848662954
safer_risk,204,3,88.46059756186703,82.82402499780078,82.6909102866175,91.41199855508346
safer_risk,205,4,85.46107207027035,85.04554474038144,81.306835300616,89.19978151003579
safer_risk,206,3,74.51198791182156,69.16208837530587,68.30839914400298,78.0406269113823
safer_risk,207,9,92.20321008698905,94.39181292428891,91.88691919713044,96.55307475783275
safer_risk,208,9,85.24888408172973,83.2898574801558,81.9067198258769,85.25482544036834
safer_risk,209,27,88.45788450918481,87.48519840168494,84.34932922226916,90.48961459142134
safer_risk,210,12,79.75335371631967,83.73370140493526,73.75850325691678,88.12710832295832
safer_risk,211,3,77.0843546274906,85.3945331587094,68.62068530655883,89.70311321403176
safer_risk,212,12,92.44218040678548,97.83824841540961,87.32794797808197,98.57966001788593
safer_risk,213,5,92.45099521052802,98.64936317812563,85.94580303866462,99.7244961915465
safer_risk,214,10,92.67842052763311,98.12192565766075,85.28281726721677,99.74016603259034
safer_risk,215,3,94.49720846307615,95.38834718169582,93.88015664824977,95.55982963721236
safer_risk,216,10,89.74096856905331,92.90103349770436,82.05010896996464,99.82668704425063
safer_risk,217,16,88.65843853650283,91.16091364647617,82.9729927693631,94.93350890420237
safer_risk,218,1,93.27510186558206,93.27510186558206,93.27510186558206,93.27510186558206
safer_risk,219,13,88.95878916522149,97.64474002615849,84.59742962006543,99.07922702319192
safer_risk,220,9,82.33042707568852,83.12938578379814,81.62418969072105,84.23784670877792
safer_risk,221,1,86.56286081609277,86.56286081609277,86.56286081609277,86.56286081609277
safer_risk,222,2,85.52991341909606,85.52991341909606,83.42657986626253,87.63324697192961
safer_risk,223,1,76.19660661575057,76.19660661575057,76.19660661575057,76.19660661575057
safer_risk,224,7,88.74004027909567,89.90897538643213,86.12729893283026,93.02921787899193
safer_risk,225,3,86.5521000970695,93.18561436442442,81.63259526951563,94.78836205830083
safer_risk,226,3,80.86373750721542,84.60033728062135,78.15485188557507,85.44092301555874
safer_risk,227,9,89.11277202628206,91.42103907600394,82.4111409311698,95.14714830684532
safer_risk,228,5,89.37881335398728,95.64692198272608,95.0986511226117,96.25768513513565
safer_risk,229,6,96.20060703972693,97.69237439878401,94.06420993927452,98.40597911657599
safer_risk,230,11,94.63787643611425,98.15734247079841,95.31304941080992,99.56697441168558
safer_risk,231,3,88.51093985762266,88.75380962353148,83.71803999112147,93.42527460707825
safer_risk,232,2,75.30098683039823,75.30098683039823,73.76733269494333,76.83464096585313
safer_risk,233,2,82.03722298264873,82.03722298264873,73.26563501904752,90.80881094624993
safer_risk,234,4,89.24290734224834,89.85270987246244,83.24356923847071,95.85204797624006
safer_risk,235,2,81.69414032434216,81.69414032434216,80.50585708097432,82.88242356771
safer_risk,236,11,91.01045449859453,98.25464891668517,93.61792303111523,98.88518646624871
safer_risk,238,1,67.95868640778893,67.95868640778893,67.95868640778893,67.95868640778893
safer_risk,239,8,96.48721020185282,96.67056758143269,95.61894514315395,97.26306632310627
safer_risk,240,8,80.32065643643047,89.08666945696983,69.60302156510993,96.08399043864998
safer_risk,241,13,89.70751400487747,87.62084168316218,85.92761101251602,96.79683785467073
safer_risk,242,3,90.66167768002516,87.62461757465327,85.99259169444434,93.81223361292005
safer_risk,243,9,88.59579043515947,82.35484169793673,81.63930674074837,97.47753071192152
safer_risk,244,11,96.22140672900991,97.5634788922954,96.78139014838283,98.36104441591912
safer_risk,245,2,88.21943018257792,88.21943018257792,83.6759416763845,92.76291868877135
safer_risk,246,5,84.63816863981872,85.86066348262739,85.41826803449337,86.26942318445171
safer_risk,247,6,68.10405697208283,67.0522708220251,53.386941390958555,75.64346765249617
safer_risk,248,4,78.90912501648107,83.0072594493648,76.8296455150098,85.08673895083606
safer_risk,249,2,94.13062190483187,94.13062190483187,91.41841947240782,96.8428243372559
safer_risk,250,5,87.64009823007099,84.36808283228329,83.86127808145018,88.15382758772475
safer_risk,251,5,94.24289936655877,96.08128927094616,95.0683545738797,96.93840889856278
safer_risk,252,4,85.53404652716542,84.74589083390487,82.98001758026608,87.29991978080422
safer_risk,253,11,86.81242474206107,87.89751873577663,81.3011802402998,95.30501373401756
safer_risk,255,1,81.39257327305442,81.39257327305442,81.39257327305442,81.39257327305442
safer_risk,256,2,98.63038406596249,98.63038406596249,97.94558038701726,99.31518774490772
safer_risk,257,7,93.25854426698697,97.07202535276846,89.16716723624782,98.61914712625617
safer_risk,259,4,85.73810722474214,95.18243137683461,82.15195278384691,98.76858581772986
safer_risk,260,2,90.27799261905295,90.27799261905295,85.41704370085559,95.13894153725033
safer_risk,262,1,85.82069701847115,85.82069701847115,85.82069701847115,85.82069701847115
safer_risk,263,2,99.99984891140204,99.99984891140204,99.99980485951885,99.99989296328525
safer_risk,264,1,85.5589336396392,85.5589336396392,85.5589336396392,85.5589336396392
safer_risk,265,9,98.43025643368244,99.9962818037517,98.107934916483,99.99874765992215
safer_risk,266,1,99.83295420922376,99.83295420922376,99.83295420922376,99.83295420922376
safer_risk,267,1,89.960720946851,89.960720946851,89.960720946851,89.960720946851
safer_risk,270,1,99.71395422608363,99.71395422608363,99.71395422608363,99.71395422608363
safer_risk,272,3,85.28887988878368,79.4652850351508,78.04515378409755,89.62080856665337
safer_risk,273,3,68.88137979566912,79.37862034209999,59.47612073222902,83.53525913232465
safer_risk,274,3,59.36001317150005,53.2039342756483,46.44530368255982,69.19668321251442
safer_risk,275,1,99.95383909698255,99.95383909698255,99.95383909698255,99.95383909698255
safer_risk,276,1,82.6387729673614,82.6387729673614,82.6387729673614,82.6387729673614
safer_risk,277,5,90.95526440200568,99.85148921726201,99.56565761906644,99.9419240150322
safer_risk,278,3,93.63009949665268,96.47708162201863,90.60852085200244,98.07516920398587
safer_risk,279,4,90.89639155438783,91.49692282604619,82.7277320837961,99.66558229663792
safer_risk,280,1,79.54931976268853,79.54931976268853,79.54931976268853,79.54931976268853
safer_risk,281,4,97.86572525108318,97.58423880428535,96.75399643466326,98.69596762070526
safer_risk,283,1,97.34476132346373,97.34476132346373,97.34476132346373,97.34476132346373
safer_risk,284,1,83.6755202654896,83.6755202654896,83.6755202654896,83.6755202654896
safer_risk,286,2,91.09360412792627,91.09360412792627,88.70219939706357,93.48500885878897
safer_risk,287,2,85.42398222036189,85.42398222036189,84.56795176885637,86.28001267186744
safer_risk,288,2,84.44197956132281,84.44197956132281,82.68251655675871,86.20144256588691
safer_risk,289,7,67.31475774916811,68.02167634557219,64.26702256591669,72.56188769338142
safer_risk,290,7,94.96915486162268,97.95060404166972,92.59033892274093,99.37891149355033
safer_risk,291,1,80.72932944707098,80.72932944707098,80.72932944707098,80.72932944707098
safer_risk,292,2,90.95287113751812,90.95287113751812,86.80382304526461,95.10191922977164
safer_risk,294,3,86.22911697802756,85.74638160915309,83.6761985547453,88.54066771687258
safer_risk,296,3,86.48897698292679,86.25671983505036,83.85760209319423,89.00422329872113
safer_risk,300,1,86.60983057686283,86.60983057686283,86.60983057686283,86.60983057686283
safer_risk,302,2,86.3185712634347,86.3185712634347,84.91915363916358,87.71798888770583
safer_risk,304,5,97.39303747511234,98.94178801317541,98.44188135935622,99.72977306463682
safer_risk,305,2,76.92679081613542,76.92679081613542,69.88940576432933,83.96417586794152
safer_risk,306,2,85.77532148053653,85.77532148053653,80.25141810081467,91.29922486025839
safer_risk,307,1,82.63071470396939,82.63071470396939,82.63071470396939,82.63071470396939
safer_risk,312,1,53.36904155264208,53.36904155264208,53.36904155264208,53.36904155264208
safer_risk,313,13,95.00620503796206,99.21313057731435,97.81767949359538,99.77923598879407
safer_risk,314,2,92.27128060914175,92.27128060914175,89.64084663953032,94.90171457875319
safer_risk,315,10,88.31384362201526,88.47559544490942,85.42938023151305,90.80526053514521
safer_risk,317,2,84.06680559499054,84.06680559499054,79.77877889928801,88.35483229069308
safer_risk,318,2,68.15556217859083,68.15556217859083,60.79614596722438,75.51497838995726
safer_risk,319,4,80.63866173866026,81.27975605750524,77.49915200758504,84.41926578858045
safer_risk,321,1,80.93204378365022,80.93204378365022,80.93204378365022,80.93204378365022
safer_risk,323,1,91.14865121032724,91.14865121032724,91.14865121032724,91.14865121032724
safer_risk,324,1,81.92644056150262,81.92644056150262,81.92644056150262,81.92644056150262
safer_risk,325,2,84.68970102709643,84.68970102709643,84.62309623284986,84.756305821343
safer_risk,328,6,96.73871312974785,96.89252513950487,96.75587576479126,97.26521418809472
safer_risk,329,2,90.53143715149858,90.53143715149858,85.8815952787784,95.18127902421875
safer_risk,333,8,69.2015817743819,68.20513360840835,62.06420106995074,74.56340331662808
safer_risk,335,3,96.8344983503963,98.75241455151189,95.81616941930531,98.8117853820451
safer_risk,336,1,72.02210926495505,72.02210926495505,72.02210926495505,72.02210926495505
safer_risk,338,1,78.59284165453484,78.59284165453484,78.59284165453484,78.59284165453484
safer_risk,339,1,89.10147344010693,89.10147344010693,89.10147344010693,89.10147344010693
safer_risk,340,2,91.3888082242577,91.3888082242577,91.26473307581466,91.51288337270074
safer_risk,343,1,89.89002550688569,89.89002550688569,89.89002550688569,89.89002550688569
safer_risk,350,2,73.62637907019081,73.62637907019081,71.69189493351229,75.56086320686934
safer_risk,351,2,88.39153410972861,88.39153410972861,85.41785044961584,91.3652177698414
safer_risk,376,1,85.48555981194032,85.48555981194032,85.48555981194032,85.48555981194032
safer_risk,377,5,90.64087692437559,88.99501054482363,87.17697100726153,90.90007630476748
safer_risk,392,4,83.35810829410148,86.01160768852475,74.70010702794934,94.6696089546769
safer_risk,401,1,91.20116522251122,91.20116522251122,91.20116522251122,91.20116522251122
safer_risk,416,1,99.54817539709526,99.54817539709526,99.54817539709526,99.54817539709526
safer_risk,423,1,45.5708954193972,45.5708954193972,45.5708954193972,45.5708954193972
safer_risk,443,1,86.13266973394127,86.13266973394127,86.13266973394127,86.13266973394127
safer_risk,444,1,81.28501738240905,81.28501738240905,81.28501738240905,81.28501738240905
safer_risk,457,3,98.20548471055957,97.89466442553486,97.75974985773776,98.49580942086902
safer_risk,458,1,98.62720991131832,98.62720991131832,98.62720991131832,98.62720991131832
safer_risk,484,1,99.41656723271606,99.41656723271606,99.41656723271606,99.41656723271606
safer_risk,492,1,85.60475560712487,85.60475560712487,85.60475560712487,85.60475560712487
safer_risk,498,1,91.97121885004013,91.97121885004013,91.97121885004013,91.97121885004013
safer_risk,501,1,89.89800448267657,89.89800448267657,89.89800448267657,89.89800448267657
safer_risk,502,1,89.30846080510975,89.30846080510975,89.30846080510975,89.30846080510975
safer_risk,507,1,92.13646039423841,92.13646039423841,92.13646039423841,92.13646039423841
safer_risk,527,1,47.46011388063798,47.46011388063798,47.46011388063798,47.46011388063798
safer_risk,557,1,78.31858439804103,78.31858439804103,78.31858439804103,78.31858439804103
safer_risk,558,3,84.72332839913342,87.28139545782017,83.30765078591449,87.41803954169572
safer_risk,561,1,98.59831286122926,98.59831286122926,98.59831286122926,98.59831286122926
safer_risk,575,1,97.92792121847481,97.92792121847481,97.92792121847481,97.92792121847481
safer_risk,576,3,97.68199596017871,97.85654838964102,97.58410053975044,97.86716759533813
safer_risk,580,1,97.44033564998796,97.44033564998796,97.44033564998796,97.44033564998796
safer_risk,605,3,97.84098979560424,98.04022896832831,97.62530432270123,98.1562948548693
safer_risk,606,1,98.40135943935823,98.40135943935823,98.40135943935823,98.40135943935823
safer_risk,631,1,96.31827472490745,96.31827472490745,96.31827472490745,96.31827472490745
safer_risk,642,1,81.9690806951983,81.9690806951983,81.9690806951983,81.9690806951983
safer_risk,770,1,99.23362617781754,99.23362617781754,99.23362617781754,99.23362617781754
safer_risk,927,1,77.2746513886456,77.2746513886456,77.2746513886456,77.2746513886456
