date,daily_close_usd
2018-02-14,839.535
2018-02-15,947.358
2018-02-16,886.961
2018-02-17,1046.95
2018-02-18,902.619
2018-02-19,911.824
2018-02-20,942.094
2018-02-21,900.44
2018-02-22,800.297
2018-02-23,800.834
2018-02-24,849.723
2018-02-25,841.38
2018-02-26,867.769
2018-02-27,867.062
2018-02-28,887.968
2018-03-01,855.604
2018-03-02,863.288
2018-03-03,855.938
2018-03-04,859.373
2018-03-05,863.354
2018-03-06,843.432
2018-03-07,813.638
2018-03-08,791.244
2018-03-09,735.843
2018-03-10,731.688
2018-03-11,706.786
2018-03-12,764.095
2018-03-13,711.436
2018-03-14,711.252
2018-03-15,606.399
2018-03-16,598.073
2018-03-17,603.341
2018-03-18,560.216
2018-03-19,530.753
2018-03-20,554.716
2018-03-21,555.961
2018-03-22,550.086
2018-03-23,532.655
2018-03-24,525.36
2018-03-25,536.359
2018-03-26,518.049
2018-03-27,433.26
2018-03-28,447.701
2018-03-29,450.435
2018-03-30,379.037
2018-03-31,401.182
2018-04-01,390.982
2018-04-02,377.483
2018-04-03,378.11
2018-04-04,407.264
2018-04-05,367.353
2018-04-06,379.023
2018-04-07,367.39
2018-04-08,387.417
2018-04-09,399.508
2018-04-10,395.174
2018-04-11,412.829
2018-04-12,431.934
2018-04-13,491.335
2018-04-14,498.29
2018-04-15,503.685
2018-04-16,529.766
2018-04-17,512.173
2018-04-18,502.358
2018-04-19,531.605
2018-04-20,565.101
2018-04-21,586.444
2018-04-22,597.39
2018-04-23,621.026
2018-04-24,638.75
2018-04-25,711.146
2018-04-26,614.508
2018-04-27,657.383
2018-04-28,650.479
2018-04-29,696.141
2018-04-30,692.991
2018-05-01,668.79
2018-05-02,659.305
2018-05-03,702.752
2018-05-04,757.047
2018-05-05,793.45
2018-05-06,833.401
2018-05-07,799.86
2018-05-08,754.335
2018-05-09,761.23
2018-05-10,731.618
2018-05-11,725.085
2018-05-12,680.12
2018-05-13,676.11
2018-05-14,711.609
2018-05-15,736.46
2018-05-16,707.924
2018-05-17,691.839
2018-05-18,660.334
2018-05-19,691.9
2018-05-20,695.311
2018-05-21,722.173
2018-05-22,699.084
2018-05-23,656.189
2018-05-24,560.754
2018-05-25,610.932
2018-05-26,574.009
2018-05-27,547.139
2018-05-28,568.598
2018-05-29,510.318
2018-05-30,561.59
2018-05-31,549.633
2018-06-01,572.019
2018-06-02,565.161
2018-06-03,589.296
2018-06-04,600.79
2018-06-05,583.4934234492238
2018-06-06,580.437
2018-06-07,604.414
2018-06-08,583.819
2018-06-09,592.231
2018-06-10,599.681
2018-06-11,511.06
2018-06-12,524.687
2018-06-13,476.291
2018-06-14,470.838
2018-06-15,515.184
2018-06-16,486.608
2018-06-17,484.923
2018-06-18,484.109
2018-06-19,517.434
2018-06-20,531.278
2018-06-21,531.656
2018-06-22,533.868
2018-06-23,467.646
2018-06-24,479.428
2018-06-25,452.95
2018-06-26,454.511
2018-06-27,430.316
2018-06-28,444.465
2018-06-29,422.124
2018-06-30,436.526
2018-07-01,453.491
2018-07-02,451.937
2018-07-03,476.063
2018-07-04,496.589
2018-07-05,467.824
2018-07-06,501.096
2018-07-07,456.746
2018-07-08,522.642
2018-07-09,491.998
2018-07-10,512.93
2018-07-11,429.885
2018-07-12,437.707
2018-07-13,425.146
2018-07-14,439.58
2018-07-15,417.478
2018-07-16,445.573
2018-07-17,474.67
2018-07-18,503.248
2018-07-19,462.942
2018-07-20,462.453
2018-07-21,446.223
2018-07-22,457.892
2018-07-23,457.597
2018-07-24,442.75
2018-07-25,478.306
2018-07-26,478.29
2018-07-27,454.82
2018-07-28,459.65
2018-07-29,462.797
2018-07-30,464.052
2018-07-31,458.62113854
2018-08-01,425.359338432
2018-08-02,417.905698105
2018-08-03,405.288682165
2018-08-04,421.763242907
2018-08-05,406.690793778
2018-08-06,415.631936604
2018-08-07,398.871103825
2018-08-08,404.135923565
2018-08-13,404.135923565
2018-08-14,404.135923565
2018-08-15,404.135923565
2018-08-16,404.135923565
2018-08-17,404.135923565
2018-08-18,404.135923565
2018-08-19,404.135923565
2018-08-20,404.135923565
2018-08-21,404.135923565
2018-08-22,404.135923565
2018-08-23,277.21639374543975
2018-08-24,272.8545237874337
2018-08-25,278.9708722431453
2018-08-26,274.91957835229005
2018-08-27,272.54042586811113
2018-08-28,274.288238799948
2018-08-29,286.3858267000526
2018-08-30,286.3858267000526
2018-08-31,286.3858267000526
2018-09-01,286.3858267000526
2018-09-02,1028.3641937645732
2018-09-03,1027.5613521673401
2018-09-04,1022.6465216172573
2018-09-05,784.5545424436409
2018-09-06,712.5311625817759
2018-09-07,679.3612083984241
2018-09-08,669.0281458596864
2018-09-09,646.4138814161255
2018-09-10,654.3462717165768
2018-09-11,658.7256527681859
2018-09-12,656.4503607931044
2018-09-13,662.2916971290191
2018-09-14,666.7919786098852
2018-09-15,361.05784147448105
2018-09-16,362.29305482965754
2018-09-17,348.95323056807626
2018-09-18,347.78560673678953
2018-09-19,350.8684913883858
2018-09-20,354.81657741799825
2018-09-21,357.74567111474505
2018-09-22,373.9294399224564
2018-09-23,243.9379230580849
2018-09-24,245.38969104935703
2018-09-25,228.3845475865886
2018-09-26,333.84015136765805
2018-09-27,234.63116569692855
2018-09-28,260.67523702910756
2018-09-29,250.92560378709743
2018-09-30,259.8163604681283
2018-10-01,275.79502188304616
2018-10-02,274.88969374357663
2018-10-03,267.55442223887366
2018-10-04,237.37843386184596
2018-10-05,257.53639654068957
2018-10-06,260.827388886158
2018-10-07,256.2218111281674
2018-10-08,224.9191354765673
2018-10-09,228.60304545846304
2018-10-10,228.3797822889137
2018-10-11,226.03138889718085
2018-10-12,188.60437703989717
2018-10-13,196.1155450192231
2018-10-14,200.11165177759045
2018-10-15,197.3736744297833
2018-10-16,210.76869407188133
2018-10-17,209.5251181037856
2018-10-18,209.2975238742604
2018-10-19,204.19511865028738
2018-10-20,203.652158859356
2018-10-21,204.62690286098194
2018-10-22,205.66758214992197
2018-10-23,205.37896794513836
2018-10-24,204.34233592864263
2018-10-25,209.55809867469245
2018-10-26,206.47551299568286
2018-10-27,206.32256792821255
2018-10-28,205.98400569128836
2018-10-29,202.9197821080585
2018-10-30,197.7467204187676
2018-10-31,197.45347973251293
2018-11-01,198.3180084654674
2018-11-02,200.64514105811654
2018-11-03,143.43665564398583
2018-11-04,239.88589023438666
2018-11-05,209.67894775913723
2018-11-06,209.98311881167086
2018-11-07,221.79055909698525
2018-11-08,217.9783753741204
2018-11-09,215.42923648347426
2018-11-10,210.915477913675
2018-11-11,216.34436983759068
2018-11-12,211.06173540570214
2018-11-13,213.80123913133946
2018-11-14,211.76591358984166
2018-11-15,177.19147563703913
2018-11-16,180.35984826912002
2018-11-17,178.3683894698317
2018-11-18,176.7598211022413
2018-11-19,177.46286067634534
2018-11-20,150.23496859576375
2018-11-21,132.89257217167437
2018-11-22,135.66251965162942
2018-11-23,130.32452567648232
2018-11-24,128.34043911889086
2018-11-25,118.4959705084491
2018-11-26,119.82444498592221
2018-11-27,109.24097110970784
2018-11-28,114.34409800880864
2018-11-29,124.08203242892161
2018-11-30,120.09901701638297
2018-12-01,113.58160115557827
2018-12-02,119.07468
2018-12-03,115.7372956947236
2018-12-04,110.38492296616197
2018-12-05,110.8093240767762
2018-12-06,100.52887373478511
2018-12-07,92.34792103888512
2018-12-08,92.07600816534233
2018-12-09,94.41292392542354
2018-12-10,93.31089892427288
2018-12-11,92.17624754772797
2018-12-12,87.0220836466293
2018-12-13,91.3012719762653
2018-12-14,87.92827052386446
2018-12-15,82.10344223092578
2018-12-16,82.39350951159925
2018-12-17,86.77946443607614
2018-12-18,98.64592342444259
2018-12-19,104.03503116206014
2018-12-20,102.33124610410914
2018-12-21,117.89592593629813
2018-12-22,111.3778572045773
2018-12-23,119.97505424058859
2018-12-24,137.11128204359545
2018-12-25,143.38542066666662
2018-12-26,128.25
2018-12-27,133.9594861479344
2018-12-28,119.65815272926073
2018-12-29,120.328077435308
2019-01-05,155.0062494823774
2019-01-06,160.34796511646326
2019-01-07,158.656176
2019-01-08,157.750285
2019-01-09,153.64280953939317
2019-01-10,156.39977467952082
2019-01-11,154.22360332762892
2019-01-12,134.7215979969859
2019-01-13,140.99067180356516
2019-01-14,155.56686800989087
2019-01-15,136.74599475769176
2019-01-16,124.5817809473784
2019-01-17,153.4471129484544
2019-01-18,125.3226120457433
2019-01-19,119.03856094312975
2019-01-20,125.24331167478152
2019-01-21,120.56839108862488
2019-01-22,110.02882021371549
2019-01-23,118.69124941469975
2019-01-24,118.21092817893239
2019-01-25,119.76728680927252
2019-01-26,117.76117300522448
2019-01-27,117.65332168870854
2019-01-28,114.18768425335233
2019-01-29,105.44994703398142
2019-01-30,104.9475660639653
2019-01-31,108.39013593390754
2019-02-01,107.60993202058378
2019-02-02,107.8594213903196
2019-02-03,108.31963447609503
2019-02-04,109.39268859368146
2019-02-05,108.64300471760302
2019-02-06,107.66586565386879
2019-02-07,104.84014679675398
2019-02-08,104.59007765346931
2019-02-09,120.40525794526266
2019-02-10,120.13828225590508
2019-02-11,125.70234850064334
2019-02-12,121.53367811567387
2019-02-13,123.14642467210687
2019-02-14,122.2278928022928
2019-02-15,121.01535456024332
2019-02-16,122.73596470966211
2019-02-17,123.38755398526419
2019-02-18,132.84838594359428
2019-02-19,148.28436540730598
2019-02-20,148.5183242851912
2019-02-21,151.37734667076626
2019-02-22,146.32574925684543
2019-02-23,149.388450546136
2019-02-24,162.55241769374362
2019-02-25,140.08631433359167
2019-02-26,140.8517101808825
2019-02-27,136.02162727019322
2019-02-28,135.39503857262537
2019-03-01,138.73564037004192
2019-03-02,136.86980693247065
2019-03-03,132.6926451042044
2019-03-04,131.15256190845636
2019-03-05,127.50277594427484
2019-03-06,136.2390226288683
2019-03-07,137.80238433019358
2019-03-08,138.32258458573565
2019-03-09,135.1489493818656
2019-03-10,136.39540124849663
2019-03-11,139.08276752688275
2019-03-12,133.92637925137765
2019-03-13,135.58655215203729
2019-03-14,132.10057739647024
2019-03-15,133.75240782830457
2019-03-16,138.951729517249
2019-03-17,144.10725892943432
2019-03-18,140.3101621434929
2019-03-19,139.3532846432625
2019-03-20,140.0215935809002
2019-03-21,140.37848235383123
2019-03-22,137.28812686334425
2019-03-23,137.14728236632004
2019-03-24,136.86357093450493
2019-03-25,136.61350537828685
2019-03-26,134.2248853314906
2019-03-27,133.72854846932066
2019-03-28,140.1155411615474
2019-03-29,138.0639646871559
2019-03-30,142.08522356925644
2019-03-31,144.51043624534057
2019-04-01,141.45581223536496
2019-04-02,141.82400099526512
2019-04-03,163.94797764960347
2019-04-04,164.74591569181658
2019-04-05,159.61448424306775
2019-04-06,166.232303147982
2019-04-07,167.7948877020881
2019-04-08,176.19618214491788
2019-04-09,182.66978797144446
2019-04-10,175.2847236488029
2019-04-11,178.13547383630691
2019-04-12,166.03671363743683
2019-04-13,165.45584399636695
2019-04-14,163.93625396785532
2019-04-15,168.14255095078104
2019-04-16,160.96300620239205
2019-04-17,165.9582625197455
2019-04-18,167.0453106357534
2019-04-19,174.0924648518473
2019-04-20,173.01146176117845
2019-04-21,173.45325401857735
2019-04-22,171.28867712861867
2019-04-23,172.50355141673717
2019-04-24,171.27166506527652
2019-04-25,166.18000250007984
2019-04-26,153.8910741387421
2019-04-27,160.2041130760671
2019-04-28,160.5871726563383
2019-04-29,157.16276539034877
2019-04-30,158.59822122817928
2019-05-01,165.5143066533025
2019-05-02,163.40472488807043
2019-05-03,165.21144512259966
2019-05-04,171.62501991446533
2019-05-05,168.37429228736602
2019-05-06,166.7525811855157
2019-05-07,179.26653030051216
2019-05-08,177.37873654153915
2019-05-09,174.65260940100197
2019-05-10,172.6262144069016
2019-05-11,173.60238209346443
2019-05-12,191.87709446436574
2019-05-13,187.91437213684915
2019-05-14,194.61703866351036
2019-05-15,216.642705333297
2019-05-16,245.61044019747558
2019-05-17,263.0692516461146
2019-05-18,243.8202073794239
2019-05-19,235.7451192232885
2019-05-20,260.4248799060538
2019-05-21,251.034044011279
2019-05-22,257.0849854347493
2019-05-23,243.63680808915322
2019-05-24,244.99995823323363
2019-05-25,247.87291675865956
2019-05-26,251.04321093965797
2019-05-27,266.6484714731128
2019-05-28,270.16513434202705
2019-05-29,271.350776863103
2019-05-30,269.69537099563485
2019-05-31,255.12545531833467
2019-06-01,263.09791387771725
2019-06-02,265.67985000398886
2019-06-03,269.15458619563094
2019-06-04,246.17221982863077
2019-06-05,240.21628820601973
2019-06-06,245.8097478767522
2019-06-07,248.48723426210185
2019-06-08,251.2165983197847
2019-06-09,244.95660520327596
2019-06-10,231.31615500966822
2019-06-11,246.65220407051706
2019-06-12,245.3342368655712
2019-06-13,259.03260219150684
2019-06-14,255.37747619136724
2019-06-15,264.439248157108
2019-06-16,267.98449141418473
2019-06-17,267.76845448237964
2019-06-18,273.83445690394325
2019-06-19,264.67910629505735
2019-06-20,269.32200839880625
2019-06-21,272.9675814790661
2019-06-22,296.1914856019684
2019-06-23,309.58315037652545
2019-06-24,310.08173701665527
2019-06-25,309.7864587466189
2019-06-26,318.33634048585884
2019-06-27,342.32962253532753
2019-06-28,295.6433600056503
2019-06-29,309.9087409057751
2019-06-30,321.94241221871135
2019-07-01,290.23559954368744
2019-07-02,294.77041784303765
2019-07-03,292.76178732100465
2019-07-04,303.46326768409324
2019-07-05,284.5165383177608
2019-07-06,287.35264794469305
2019-07-07,287.91286321209947
2019-07-08,305.7784506579083
2019-07-09,313.1019018247987
2019-07-10,307.3782563934852
2019-07-11,290.2879620912553
2019-07-12,268.0056107524134
2019-07-13,275.09423003396114
2019-07-14,269.11365691052947
2019-07-15,232.97922253069024
2019-07-16,246.17201554973988
2019-07-17,226.48847676063338
2019-07-18,235.2641646570721
2019-07-19,226.83092263323135
2019-07-20,221.01941134155817
2019-07-21,228.36978576090144
2019-07-22,226.05375241150108
2019-07-23,217.44079819897414
2019-07-24,233.80189759251797
2019-07-25,217.42473540762066
2019-07-26,219.40923756946935
2019-07-27,219.01839991555414
2019-07-28,206.59502257458152
2019-07-29,210.75319662698388
2019-07-30,211.20218471449076
2019-07-31,210.34146724101984
2019-08-01,217.9974597752363
2019-08-02,216.64692898718073
2019-08-03,217.39898284353794
2019-08-04,221.48244418159362
2019-08-05,221.51474733774904
2019-08-06,232.9835171614951
2019-08-07,226.6594268493464
2019-08-08,226.39650954111121
2019-08-09,221.92400986218146
2019-08-10,209.7185705218775
2019-08-11,206.61378262428227
2019-08-12,215.99084647931903
2019-08-13,211.34309913678686
2019-08-14,208.94502629331592
2019-08-15,186.17057247752362
2019-08-16,188.29268995363736
2019-08-17,185.3363551366567
2019-08-18,185.51630955932407
2019-08-19,194.37739801740062
2019-08-20,202.41979232593724
2019-08-21,196.35419489624783
2019-08-22,187.1085373218991
2019-08-23,191.200128449481
2019-08-24,193.54755555279948
2019-08-25,190.84846154539255
2019-08-26,186.1769066714596
2019-08-27,188.99611587591252
2019-08-28,186.7505978581528
2019-08-29,172.99954260240446
2019-08-30,169.1680070881777
2019-08-31,168.35613830638002
2019-09-01,171.65534738448673
2019-09-02,170.42731167377048
2019-09-03,177.28995275152903
2019-09-04,179.19557428952191
2019-09-05,174.57662624280536
2019-09-06,174.8212164070555
2019-09-07,168.22509644178427
2019-09-08,178.0055575440834
2019-09-09,181.61230943863367
2019-09-10,181.78427545308017
2019-09-11,180.02822505977278
2019-09-12,177.6772204409376
2019-09-13,181.00283204968017
2019-09-14,182.06156379848093
2019-09-15,187.51545420800193
2019-09-16,189.48942340114843
2019-09-17,197.21416496056608
2019-09-18,209.64571921963875
2019-09-19,211.06939892857721
2019-09-20,221.4676525878817
2019-09-21,216.68386218028118
2019-09-22,214.829983934891
2019-09-23,211.35048411892262
2019-09-24,201.16196169127457
2019-09-25,169.02384659171543
2019-09-26,170.70110885531835
2019-09-27,166.15977564066884
2019-09-28,174.06899302435193
2019-09-29,173.82913652052667
2019-09-30,170.09170946245217
2019-10-01,179.39530013885584
2019-10-02,181.39724060444868
2019-10-03,181.39724060444868
2019-10-04,176.93467719995164
2019-10-05,176.52117918597767
2019-10-06,175.9167395016298
2019-10-07,170.6442471869688
2019-10-08,180.34248716101905
2019-10-09,180.83506997809747
2019-10-10,194.309017119355
2019-10-11,191.4559621225183
2019-10-12,180.0142933076643
2019-10-13,179.79735995615908
2019-10-14,181.16562629030295
2019-10-15,186.46923201057479
2019-10-16,180.7174417053128
2019-10-17,175.01730106496473
2019-10-18,176.7971947665497
2019-10-19,173.67233171826737
2019-10-20,171.472834741967
2019-10-21,174.91470128980546
2019-10-22,174.2232365327139
2019-10-23,171.0381266144398
2019-10-24,161.13189318179326
2019-10-25,160.68206067738615
2019-10-26,181.59554153089087
2019-10-27,179.39833979451421
2019-10-28,197.43543800891868
2019-10-29,196.93561323419712
2019-10-30,189.83054532181362
2019-10-31,190.95910125125778
2019-11-01,190.82150645973948
2019-11-02,183.47648445440996
2019-11-03,201.33501148663694
2019-11-04,182.3293485527091
2019-11-05,198.3126458694198
2019-11-06,189.07087718092555
2019-11-07,196.54013383175823
2019-11-08,196.4907673457254
2019-11-09,188.0181118042762
2019-11-10,191.67771489748733
2019-11-11,189.1134891619096
2019-11-12,192.03941518649853
2019-11-13,186.76579048134369
2019-11-14,187.9651134190276
2019-11-15,188.78590620056164
2019-11-16,179.95633743260456
2019-11-17,182.58967027542488
2019-11-18,186.48368501073134
2019-11-19,178.33911072273395
2019-11-20,175.440196593321
2019-11-21,174.87151739537455
2019-11-22,163.03011786530737
2019-11-23,150.2249570484724
2019-11-24,152.06320829739116
2019-11-25,140.3519933091999
2019-11-26,146.15561932067484
2019-11-27,148.0091145053154
2019-11-28,152.54751292801245
2019-11-29,150.94703594870091
2019-11-30,153.73113127945723
2019-12-01,151.82619823349117
2019-12-02,151.21556050957747
2019-12-03,148.86809870119842
2019-12-04,147.0095710569955
2019-12-05,145.40539673223265
2019-12-06,147.63783789453404
2019-12-07,148.4846957436721
2019-12-08,147.13293264669318
2019-12-09,150.57812274126837
2019-12-10,147.43311606198267
2019-12-11,145.5359171308885
2019-12-12,142.90654239980734
2019-12-13,144.85710216843609
2019-12-14,144.72141653284024
2019-12-15,141.7538657431113
2019-12-16,142.2438784617838
2019-12-17,132.88680992149793
2019-12-18,121.7642521847453
2019-12-19,132.768823742126
2019-12-20,128.15405550332994
2019-12-21,128.1287634312409
2019-12-22,127.14108396891358
2019-12-23,132.23532447375098
2019-12-24,128.02581851386904
2019-12-25,128.18545877000065
2019-12-26,124.97047524311142
2019-12-27,125.67414357764282
2019-12-28,126.53638270130281
2019-12-29,127.99457642201585
2019-12-30,134.6369336503328
2019-12-31,131.5165375495305
2020-01-01,128.82857897966602
2020-01-02,130.5141232821889
2020-01-03,127.11690998784124
2020-01-04,133.53046761320067
2020-01-05,134.1453045624524
2020-01-06,135.01357352722806
2020-01-07,147.94455566494926
2020-01-08,143.79031503690823
2020-01-09,140.85346636368223
2020-01-10,137.76327091839676
2020-01-11,146.0801046197906
2020-01-12,149.6664943540997
2020-01-13,145.03600903737882
2020-01-14,149.25442467407862
2020-01-15,167.5457880535164
2020-01-16,166.7929473159968
2020-01-17,166.02944786035417
2020-01-18,172.02051452899616
2020-01-19,175.44225106583292
2020-01-20,167.52393293563355
2020-01-21,167.8009633037645
2020-01-22,170.72543604727278
2020-01-23,170.02912030233787
2020-01-24,163.53764259611327
2020-01-25,166.35711590322438
2020-01-26,164.23736877908757
2020-01-27,169.30055133177905
2020-01-28,170.4445986652695
2020-01-29,179.23955191543266
2020-01-30,176.75174125900435
2020-01-31,187.2110937976859
2020-02-01,178.91528185685962
2020-02-02,185.69313874261712
2020-02-03,188.31604938037447
2020-02-04,189.77269132971435
2020-02-05,188.97106048674726
2020-02-06,204.68124093828075
2020-02-07,212.6448894448374
2020-02-08,222.73437147694165
2020-02-09,223.3978654708217
2020-02-10,227.69578730540917
2020-02-11,223.25515719660552
2020-02-12,236.89975215491847
2020-02-13,264.2315290928341
2020-02-14,267.88156456172504
2020-02-15,283.49238747769976
2020-02-16,263.25873457102824
2020-02-17,261.1407285657083
2020-02-18,266.6543771258852
2020-02-19,282.29286594173186
2020-02-20,257.9870885645097
2020-02-21,256.95591814868396
2020-02-22,262.38706779397
2020-02-23,256.7779520385076
2020-02-24,273.39879085371706
2020-02-25,263.7354744856335
2020-02-26,248.53987324324717
2020-02-27,224.76335097451937
2020-02-28,224.98406651281354
2020-02-29,227.63668071364864
2020-03-01,218.1263167870692
2020-03-02,217.89701824372773
2020-03-03,230.1329657373717
2020-03-04,223.8719741150633
2020-03-05,224.33909465866967
2020-03-06,228.19619247370565
2020-03-07,242.8471157966859
2020-03-08,236.8664245363147
2020-03-09,200.83486062439292
2020-03-10,201.79660363383246
2020-03-11,199.97954867500698
2020-03-12,196.21138371416288
2020-03-13,112.57508704706413
2020-03-14,134.09537504748187
2020-03-15,122.84620613171089
2020-03-16,124.65101281468225
2020-03-17,111.07637257338178
2020-03-18,117.71155370505487
2020-03-19,117.48189346464031
2020-03-20,136.67342698960496
2020-03-21,133.06179671080116
2020-03-22,132.370512809195
2020-03-23,122.59293972016253
2020-03-24,134.10605139931192
2020-03-25,139.0591794737329
2020-03-26,135.960013028153
2020-03-27,137.88483106223214
2020-03-28,131.14076464957026
2020-03-29,131.90820680348475
2020-03-30,125.28140826045386
2020-03-31,131.54953944482327
2020-04-01,133.11210006216
2020-04-02,137.07210116970273
2020-04-03,141.48645110978697
2020-04-04,140.6152987455208
2020-04-05,143.77082628687785
2020-04-06,142.8393625181415
2020-04-07,167.97844277588942
2020-04-08,163.71337418265136
2020-04-09,172.59919171266822
2020-04-10,170.41843872451557
2020-04-11,157.30383534152458
2020-04-12,158.5178704279286
2020-04-13,159.84897863942444
2020-04-14,157.38599984004333
2020-04-15,158.66141015798505
2020-04-16,153.05925505693443
2020-04-17,172.04161130870924
2020-04-18,171.82592050906987
2020-04-19,187.34993676837362
2020-04-20,180.21399155906258
2020-04-21,171.45641642665788
2020-04-22,171.16524146741023
2020-04-23,182.71580069788064
2020-04-24,184.56103196504282
2020-04-25,187.06243640235937
2020-04-26,193.60551024648768
2020-04-27,196.56594691365513
2020-04-28,196.7742729221793
2020-04-29,197.18090885957426
2020-04-30,215.43942698346206
2020-05-01,206.12902013155224
2020-05-02,212.11403542433624
2020-05-03,214.43814730600278
2020-05-04,209.72412151913466
2020-05-05,206.80426134454402
2020-05-06,205.17457166888656
2020-05-07,201.8488314847128
2020-05-08,212.69221131532962
2020-05-09,211.19543274142984
2020-05-10,210.53112910134342
2020-05-11,188.32030932522645
2020-05-12,185.4274529197791
2020-05-13,189.36892671415677
2020-05-14,199.48647256584988
2020-05-15,204.40400876252954
2020-05-16,194.26471501989172
2020-05-17,200.36865141804014
2020-05-18,207.0235853991838
2020-05-19,213.92564395394703
2020-05-20,213.86739351046455
2020-05-21,209.7905265238244
2020-05-22,197.97546662301485
2020-05-23,206.2706822996369
2020-05-24,206.015287654696
2020-05-25,201.57301316409448
2020-05-26,204.06752519507413
2020-05-27,200.86464521086748
2020-05-28,207.7898106577883
2020-05-29,219.98308916232264
2020-05-30,220.5373602833254
2020-05-31,242.61313325052473
2020-06-01,231.8924337474003
2020-06-02,248.63570446847805
2020-06-03,236.9835494448643
2020-06-04,243.4107224611296
2020-06-05,243.4848668988621
2020-06-06,239.06804384930547
2020-06-07,242.16750792791882
2020-06-08,243.61769234988108
2020-06-09,246.07005854832613
2020-06-10,243.902056375314
2020-06-11,247.26574694082313
2020-06-12,231.7855596656458
2020-06-13,237.44578817976108
2020-06-14,238.46209392861846
2020-06-15,232.02396631123952
2020-06-16,230.53760796286525
2020-06-17,235.13360079125258
2020-06-18,233.67634760272605
2020-06-19,231.08566874355247
2020-06-20,229.17258377987127
2020-06-21,228.86399912354813
2020-06-22,227.92992831031475
2020-06-23,242.89779293480504
2020-06-24,242.8694095159369
2020-06-25,235.0317179697426
2020-06-26,232.36829786454427
2020-06-27,229.921662539659
2020-06-28,220.70485269186563
2020-06-29,224.75238878121925
2020-06-30,227.64030338828786
2020-07-01,225.68942445752324
2020-07-02,231.04510454545476
2020-07-03,226.36707649820718
2020-07-04,225.25335127104898
2020-07-05,228.5086062631547
2020-07-06,227.75973054892697
2020-07-07,240.83128445398904
2020-07-08,238.470918068718
2020-07-09,247.2196378053407
2020-07-10,241.74061105889209
2020-07-11,240.99291605020875
2020-07-12,239.48957951851435
2020-07-13,240.59149568432824
2020-07-14,239.50895249894435
2020-07-15,240.28537114927553
2020-07-16,238.40099901394092
2020-07-17,233.6671287413908
2020-07-18,232.59576278788805
2020-07-19,235.49241504847296
2020-07-20,238.72635799473764
2020-07-21,236.39854671094068
2020-07-22,245.2068299825096
2020-07-23,262.57928035628044
2020-07-24,274.3265111154712
2020-07-25,278.95100927602954
2020-07-26,304.7171935472706
2020-07-27,310.95036284906297
2020-07-28,320.9617255867394
2020-07-29,317.2590783458498
2020-07-30,317.123939167892
2020-07-31,334.98276842409837
2020-08-01,345.5061118614817
2020-08-02,387.4747133400541
2020-08-03,371.199414468034
2020-08-04,384.6370147339087
2020-08-05,389.50137159169464
2020-08-06,400.0688778382053
2020-08-07,394.70745234221147
2020-08-08,380.1841143181505
2020-08-09,391.0654842664262
2020-08-10,389.22225128398514
2020-08-11,395.5897732474379
2020-08-12,378.7996188665494
2020-08-13,387.56154041123654
2020-08-14,426.053841002144
2020-08-15,438.17525804481005
2020-08-16,432.7551293099766
2020-08-17,432.90434745905293
2020-08-18,432.1222339411181
2020-08-19,422.8591276016095
2020-08-20,406.2024325845047
2020-08-21,416.3870467947423
2020-08-22,388.70707295372574
2020-08-23,395.8504731150977
2020-08-24,391.63628130891425
2020-08-25,408.7084082189914
2020-08-26,384.5847955859174
2020-08-27,386.3106987624401
2020-08-28,382.3398265491449
2020-08-29,395.48103921739107
2020-08-30,399.62970577344544
2020-08-31,428.13162501425677
2020-09-01,429.84918299054465
2020-09-02,475.24900477650937
2020-09-03,441.4757552101632
2020-09-04,376.52926666780326
2020-09-05,388.4395314173305
2020-09-06,333.09275430167554
2020-09-07,353.33464112600285
2020-09-08,352.0770443132264
2020-09-09,336.64474058066094
2020-09-10,351.415334792887
2020-09-11,367.30952641631563
2020-09-12,373.86789855657554
2020-09-13,387.1294521153593
2020-09-14,365.33398767063613
2020-09-15,376.1395063041406
2020-09-16,364.0628511087064
2020-09-17,365.2298451156431
2020-09-18,389.15562423378833
2020-09-19,381.9274563819081
2020-09-20,384.18567246467126
2020-09-21,370.9585454777453
2020-09-22,341.8480117406063
2020-09-23,343.96461754474814
2020-09-24,321.3374652755147
2020-09-25,349.07469031902144
2020-09-26,351.93422406854654
2020-09-27,354.67702255146264
2020-09-28,356.54973008582823
2020-09-29,354.8991852547672
2020-09-30,359.4082533131012
2020-10-01,358.256600978232
2020-10-02,352.70306085888933
2020-10-03,345.9210837375156
2020-10-04,346.9948773233328
2020-10-05,352.12421051058385
2020-10-06,353.4977737235835
2020-10-07,339.805767680884
2020-10-08,341.6888160232825
2020-10-09,350.4987018950358
2020-10-10,365.5011649306549
2020-10-11,371.17204508243856
2020-10-12,374.7075495375618
2020-10-13,387.74213668933794
2020-10-14,381.4041821516993
2020-10-15,379.7808632236141
2020-10-16,377.18568330059793
2020-10-17,366.40789977432786
2020-10-18,368.7930772809737
2020-10-19,377.0274770915046
2020-10-20,377.93104645134787
2020-10-21,368.0195082741942
2020-10-22,391.52921563964014
2020-10-23,414.1790971422528
2020-10-24,409.0744580421532
2020-10-25,411.84749283468
2020-10-26,406.40989657802174
2020-10-27,393.66689342341397
2020-10-28,403.56056023396184
2020-10-29,389.01687196750527
2020-10-30,385.69878988198616
2020-10-31,381.4700248827703
2020-11-01,385.47613648129084
2020-11-02,394.871437299383
2020-11-03,382.93381382414145
2020-11-04,388.58339525157334
2020-11-05,400.95025611179256
2020-11-06,415.83776804223595
2020-11-07,455.55068117439635
2020-11-08,435.1092790031544
2020-11-09,455.5189582696386
2020-11-10,443.94977566799434
2020-11-11,450.3384900055315
2020-11-12,463.1504450135077
2020-11-13,462.44869127350216
2020-11-14,474.98461757952305
2020-11-15,462.1579049554932
2020-11-16,448.70222927745147
2020-11-17,461.45612108146435
2020-11-18,483.0414044202417
2020-11-19,478.8891132026241
2020-11-20,471.5178370425111
2020-11-21,509.76868323775096
2020-11-22,547.6486549069059
2020-11-23,560.4317813301428
2020-11-24,607.8974811882247
2020-11-25,603.8507405726608
2020-11-26,568.1270716609761
2020-11-27,518.3693429588861
2020-11-28,516.7024420196592
2020-11-29,537.4167278027262
2020-11-30,573.1320666208034
2020-12-01,613.4091742512446
2020-12-02,591.0798563930268
2020-12-03,600.0390073743739
2020-12-04,617.5602769927328
2020-12-05,571.6145691610899
2020-12-06,595.0039481295261
2020-12-07,602.1389749079457
2020-12-08,592.7476521441307
2020-12-09,554.591084205353
2020-12-10,573.6585751001218
2020-12-11,560.4261785133523
2020-12-12,545.5246135472416
2020-12-13,568.4767052283288
2020-12-14,590.7941263596462
2020-12-15,585.888198140093
2020-12-16,589.5119582425893
2020-12-17,636.4390057850449
2020-12-18,644.4107999657618
2020-12-19,654.3048290556507
2020-12-20,660.3483638079443
2020-12-21,637.700829439622
2020-12-22,612.4141659390721
2020-12-23,634.646922471655
2020-12-24,584.8396614827935
2020-12-25,612.6406351938084
2020-12-26,625.1313729164353
2020-12-27,634.1731083835974
2020-12-28,687.1541243927318
2020-12-29,732.1241946091238
2020-12-30,736.3888567643066
2020-12-31,752.4743902915343
2021-01-01,738.3801181039836
2021-01-02,730.4914934596108
2021-01-03,779.3993154247661
2021-01-04,981.7569270371723
2021-01-05,1025.999816545999
2021-01-06,1101.4973573549353
2021-01-07,1199.2911506323442
2021-01-08,1219.32305530681
2021-01-09,1216.2915221608146
2021-01-10,1275.400324993454
2021-01-11,1263.943323477405
2021-01-12,1086.3543741043409
2021-01-13,1043.731531452727
2021-01-14,1129.2564688705256
2021-01-15,1218.17922677248
2021-01-16,1170.828091777874
2021-01-17,1234.1474758918348
2021-01-18,1234.9270191776823
2021-01-19,1256.583352760434
2021-01-20,1379.0349105420942
2021-01-21,1370.756303851228
2021-01-22,1133.5813964853683
2021-01-23,1239.4554402208462
2021-01-24,1232.3612936534294
2021-01-25,1389.769744781359
2021-01-26,1325.4636358202556
2021-01-27,1362.7908003057862
2021-01-28,1247.8814160430602
2021-01-29,1329.6685154058057
2021-01-30,1382.1481191969413
2021-01-31,1378.217269669972
2021-02-01,1317.636207958603
2021-02-02,1362.8688117531053
2021-02-03,1518.0494356750498
2021-02-04,1663.841699246937
2021-02-05,1602.232093883154
2021-02-06,1722.0629746149357
2021-02-07,1679.487063580866
2021-02-08,1607.8629180097332
2021-02-09,1749.9619427441423
2021-02-10,1768.8915367721881
2021-02-11,1749.8176406400296
2021-02-12,1788.252508068322
2021-02-13,1845.071227356509
2021-02-14,1815.1360264842692
2021-02-15,1810.3190933747812
2021-02-16,1782.8060844302245
2021-02-17,1782.0105715837008
2021-02-18,1844.309213484835
2021-02-19,1934.4465685287391
2021-02-20,1958.5536669445141
2021-02-21,1911.9590833547225
2021-02-22,1936.208668936739
2021-02-23,1779.171896355365
2021-02-24,1558.6277207847947
2021-02-25,1623.0262889003554
2021-02-26,1459.3314950140011
2021-02-27,1454.9870921168867
2021-02-28,1462.6305681074048
2021-03-01,1412.6961126291376
2021-03-02,1560.930003338758
2021-03-03,1490.235117158875
2021-03-04,1577.5778574257884
2021-03-05,1540.543815466313
2021-03-06,1532.2959341522856
2021-03-07,1661.5774240888227
2021-03-08,1727.3862577844727
2021-03-09,1835.7260259067073
2021-03-10,1865.7169129656668
2021-03-11,1802.324160879559
2021-03-12,1829.165400960042
2021-03-13,1769.4325242642567
2021-03-14,1923.3025390826288
2021-03-15,1867.4517598668558
2021-03-16,1794.927004017102
2021-03-17,1795.7699376387804
2021-03-18,1817.8436611138245
2021-03-19,1779.7545239553526
2021-03-20,1813.2032176672208
2021-03-21,1807.1124173580843
2021-03-22,1787.6350964510364
2021-03-23,1685.3985675149702
2021-03-24,1673.7828001609976
2021-03-25,1584.0132410650283
2021-03-26,1585.5561349358793
2021-03-27,1698.1519494185884
2021-03-28,1716.0584068585574
2021-03-29,1686.9837352476811
2021-03-30,1812.6719705781188
2021-03-31,1841.856571797272
2021-04-01,1917.390570163189
2021-04-02,1970.6376237171137
2021-04-03,2131.0421100392373
2021-04-04,2010.9408342955935
2021-04-05,2077.2253948688967
2021-04-06,2098.1243614626965
2021-04-07,2115.176569161171
2021-04-08,1986.3539589755062
2021-04-09,2080.588461281466
2021-04-10,2071.7332976974644
2021-04-11,2140.7084475705483
2021-04-12,2142.998285193491
2021-04-13,2139.991187236364
2021-04-14,2297.3344591115433
2021-04-15,2423.0452118027492
2021-04-16,2512.145915039602
2021-04-17,2427.9130735288095
2021-04-18,2337.5652302145377
2021-04-19,2243.457246777844
2021-04-20,2167.1858467200773
2021-04-21,2325.9952274526586
2021-04-22,2368.610959242571
2021-04-23,2486.559351801435
2021-04-24,2354.916316684459
2021-04-25,2220.289700479433
2021-04-26,2294.7764500513945
2021-04-27,2526.341253816742
2021-04-28,2633.1674064675026
2021-04-29,2735.460174440113
2021-04-30,2757.2136622423627
2021-05-01,2775.2857006036265
2021-05-02,2947.4772090291335
2021-05-03,2952.957818163421
2021-05-04,3394.2129189930624
2021-05-05,3231.064732228997
2021-05-06,3528.4412552356025
2021-05-07,3499.292068389085
2021-05-08,3487.260670084361
2021-05-09,3875.584342080591
2021-05-10,3895.38365521217
2021-05-11,3936.7421736747874
2021-05-12,4158.192323476363
2021-05-13,3935.5823199879437
2021-05-14,3717.3543968345775
2021-05-15,4078.6227636748467
2021-05-16,3676.8175250164163
2021-05-17,3611.303507864795
2021-05-18,3295.500209929439
2021-05-19,3377.6877460236956
2021-05-20,2495.5441907598356
2021-05-21,2752.7049492471892
2021-05-22,2410.2874282161183
2021-05-23,2310.008146285198
2021-05-24,2110.0824615354845
2021-05-25,2622.2183783718883
2021-05-26,2685.2241233539107
2021-05-27,2867.1305042806207
2021-05-28,2747.210292424072
2021-05-29,2433.2872059706433
2021-05-30,2282.708532596804
2021-05-31,2389.570559805345
2021-06-01,2703.141621237588
2021-06-02,2627.6249944642414
2021-06-03,2712.3620769297713
2021-06-04,2870.066345738151
2021-06-05,2697.372920127046
2021-06-06,2609.100560925178
2021-06-07,2710.1798597859934
2021-06-08,2589.379703935435
2021-06-09,2521.2071420316033
2021-06-10,2618.580875852797
2021-06-11,2488.280686181883
2021-06-12,2351.402091345188
2021-06-13,2388.0327891404977
2021-06-14,2513.92056937146
2021-06-15,2583.204831234673
2021-06-16,2562.5539182103016
2021-06-17,2369.2588426788393
2021-06-18,2374.774754408807
2021-06-19,2237.45311804894
2021-06-20,2178.163358414638
2021-06-21,2253.487134504932
2021-06-22,1896.3526755438318
2021-06-23,1874.509900644984
2021-06-24,1968.292300797549
2021-06-25,1989.7514653397216
2021-06-26,1834.687883734197
2021-06-27,1803.3478475230324
2021-06-28,1970.7268924758725
2021-06-29,2095.884471530191
2021-06-30,2180.1623520089356
2021-07-01,2277.0434065969953
2021-07-02,2125.0206930344025
2021-07-03,2156.5269536390165
2021-07-04,2217.2787219900474
2021-07-05,2332.129342325693
2021-07-06,2230.5712146012097
2021-07-07,2314.433436616298
2021-07-08,2317.690074553388
2021-07-09,2119.8326293155496
2021-07-10,2159.893153864385
2021-07-11,2120.887087920169
2021-07-12,2145.983670877146
2021-07-13,2040.4895236355442
2021-07-14,1943.6434184358902
2021-07-15,1998.0350891854362
2021-07-16,1913.358832507862
2021-07-17,1879.7424773795444
2021-07-18,1900.971754535551
2021-07-19,1901.734548786804
2021-07-20,1826.3914259644553
2021-07-21,1792.0815187433063
2021-07-22,1997.202777138738
2021-07-23,2024.1144484819422
2021-07-24,2111.1172635646913
2021-07-25,2179.2329654399114
2021-07-26,2190.79253884237
2021-07-27,2229.461315472253
2021-07-28,2281.9923268295015
2021-07-29,2300.689732087977
2021-07-30,2384.3232956486568
2021-07-31,2459.9676094946076
2021-08-01,2541.8063988699905
2021-08-02,2553.6556579062785
2021-08-03,2620.028710364832
2021-08-04,2521.1961836288397
2021-08-05,2728.3368240472705
2021-08-06,2819.312789705396
2021-08-07,2889.4153822273674
2021-08-08,3145.9345696283376
2021-08-09,3030.2651564812118
2021-08-10,3156.9523810329597
2021-08-11,3142.668732769184
2021-08-12,3167.3655891231215
2021-08-13,3036.4684637577834
2021-08-14,3318.692296009092
2021-08-15,3265.3935447552117
2021-08-16,3301.4565055427747
2021-08-17,3156.499717685306
2021-08-18,3024.6646513212963
2021-08-19,3043.806038233711
2021-08-20,3103.351175409082
2021-08-21,3276.629896968523
2021-08-22,3236.6972011737266
2021-08-23,3240.962556090394
2021-08-24,3334.1740565525456
2021-08-25,3203.8141847663646
2021-08-26,3223.597915428736
2021-08-27,3119.9894401434935
2021-08-28,3273.16541586003
2021-08-29,3247.0722406458763
2021-08-30,3236.009196256278
2021-08-31,3227.6106154798167
2021-09-01,3433.3903631158573
2021-09-02,3779.028911059502
2021-09-03,3790.1948773889458
2021-09-04,3917.698339963299
2021-09-05,3889.828207105878
2021-09-06,3951.000018259291
2021-09-07,3934.1905788574404
2021-09-08,3449.3210661728604
2021-09-09,3506.6482404921335
2021-09-10,3439.637968898049
2021-09-11,3208.459314100315
2021-09-12,3266.990414077238
2021-09-13,3418.228549190667
2021-09-14,3292.3057347430054
2021-09-15,3418.7231752266102
2021-09-16,3611.1704976706883
2021-09-17,3572.825388818075
2021-09-18,3406.2709229739485
2021-09-19,3432.9024099012327
2021-09-20,3326.9126235747312
2021-09-21,2937.437438574558
2021-09-22,2720.868222970259
2021-09-23,3062.3051102947743
2021-09-24,3153.2061327503798
2021-09-25,2933.5846829927136
2021-09-26,2943.1862086270703
2021-09-27,3052.3617890853984
2021-09-28,2946.4862570848018
2021-09-29,2808.9621412395786
2021-09-30,2853.1325742110107
2021-10-01,3010.1611271543775
2021-10-02,3299.2302240769213
2021-10-03,3388.7113941720654
2021-10-04,3426.260942509724
2021-10-05,3402.3552790203285
2021-10-06,3525.7181818193085
2021-10-07,3597.7775667326414
2021-10-08,3592.1467188422766
2021-10-09,3568.228849517828
2021-10-10,3589.8963705642013
2021-10-11,3433.3620545460685
2021-10-12,3535.933683293529
2021-10-13,3501.2500016696326
2021-10-14,3602.143578558631
2021-10-15,3788.8939620875153
2021-10-16,3869.0248489989003
2021-10-17,3848.0340748536964
2021-10-18,3836.669281407507
2021-10-19,3748.962485778668
2021-10-20,3862.8693411088598
2021-10-21,4141.16698169328
2021-10-22,4081.8846772948305
2021-10-23,3994.3007583309127
2021-10-24,4175.973004834841
2021-10-25,4078.4668049887014
2021-10-26,4224.471311055658
2021-10-27,4129.624766523941
2021-10-28,3939.0908757519
2021-10-29,4277.88921378829
2021-10-30,4419.375476302466
2021-10-31,4314.014128327594
2021-11-01,4291.790933644402
2021-11-02,4318.657069361311
2021-11-03,4598.218219911992
2021-11-04,4603.304014254703
2021-11-05,4554.397583761372
2021-11-06,4492.462074657988
2021-11-07,4525.404538520666
2021-11-08,4617.967802125788
2021-11-09,4799.894958434541
2021-11-10,4749.443614893582
2021-11-11,4631.808022232668
2021-11-12,4747.826264134997
2021-11-13,4685.482449881604
2021-11-14,4655.773183850906
2021-11-15,4636.536787831793
2021-11-16,4585.469551548844
2021-11-17,4264.232384095889
2021-11-18,4274.555798151127
2021-11-19,3983.0230834730737
2021-11-20,4299.9641781840355
2021-11-21,4429.088517436437
2021-11-22,4334.886037089604
2021-11-23,4099.331050438142
2021-11-24,4354.669504238149
2021-11-25,4267.360903665225
2021-11-26,4514.269350896048
2021-11-27,4050.6048293561453
2021-11-28,4074.4351668616614
2021-11-29,4297.449944721594
2021-11-30,4435.1374605388955
2021-12-01,4636.432246339915
2021-12-02,4584.290076426345
2021-12-03,4524.586219278288
2021-12-04,4236.403081122178
2021-12-05,4083.0225710370587
2021-12-06,4189.039746235636
2021-12-07,4329.533993130186
2021-12-08,4299.151042279082
2021-12-09,4421.38070963301
2021-12-10,4153.059285037042
2021-12-11,3921.0711232859558
2021-12-12,4060.768911374832
2021-12-13,4134.808546741577
2021-12-14,3786.755233270268
2021-12-15,3847.814414810712
2021-12-16,4009.723662635053
2021-12-17,3982.923363274519
2021-12-18,3883.9886953978385
2021-12-19,3974.547200827934
2021-12-20,3940.568176307142
2021-12-21,3952.540666583128
2021-12-22,4033.025226422686
2021-12-23,3991.43361501232
2021-12-24,4119.635554814797
2021-12-25,4047.800174325731
2021-12-26,4093.365737574437
2021-12-27,4076.1489142765085
2021-12-28,4041.237831948788
2021-12-29,3807.1123224211465
2021-12-30,3657.2705772306913
2021-12-31,3718.032195541042
2022-01-01,3680.4087548115644
2022-01-02,3771.4037310215012
2022-01-03,3830.8751622068658
2022-01-04,3766.2328380013355
2022-01-05,3801.7617422394096
2022-01-06,3559.8623007082397
2022-01-07,3417.2278760642016
2022-01-08,3188.573485089287
2022-01-09,3096.8306994182362
2022-01-10,3162.497598778253
2022-01-11,3075.7221114683334
2022-01-12,3243.952099640635
2022-01-13,3373.02397653585
2022-01-14,3254.7650856786076
2022-01-15,3313.0292837535967
2022-01-16,3335.6543478601757
2022-01-17,3355.3178163744956
2022-01-18,3214.399460774642
2022-01-19,3169.001845512677
2022-01-20,3112.3823240837464
2022-01-21,3004.0368748135065
2022-01-22,2520.5828464266683
2022-01-23,2344.3946058779115
2022-01-24,2509.850624947407
2022-01-25,2323.0533726410617
2022-01-26,2452.6009307242134
2022-01-27,2426.535863025463
2022-01-28,2338.8658765544646
2022-01-29,2549.174679524229
2022-01-30,2597.7829981718987
2022-01-31,2613.997332197527
2022-02-01,2690.2361116770862
2022-02-02,2796.178246406677
2022-02-03,2687.582182705547
2022-02-04,2673.6749557331686
2022-02-05,2988.957761449259
2022-02-06,3019.7557901952678
2022-02-07,3062.375512102446
2022-02-08,3145.461769503673
2022-02-09,3133.4874799362856
2022-02-10,3238.731098157681
2022-02-11,3076.7434341719354
2022-02-12,2927.9048609527827
2022-02-13,2913.835367866421
2022-02-14,2884.6729971837062
2022-02-15,2933.384543296165
2022-02-16,3180.496573931858
2022-02-17,3142.6095488987107
2022-02-18,2880.9783606539986
2022-02-19,2786.6484786436313
2022-02-20,2764.266172243621
2022-02-21,2634.1915899541964
2022-02-22,2575.094320812696
2022-02-23,2644.275621605893
2022-02-24,2592.8587800836126
2022-02-25,2598.272630261763
2022-02-26,2770.8476819621596
2022-02-27,2778.986464408591
2022-02-28,2626.923169030508
2022-03-01,2915.4426421150542
2022-03-02,2966.347410286788
2022-03-03,2941.0238836823946
2022-03-04,2834.093708096527
2022-03-05,2617.1058914063883
2022-03-06,2668.8282948571514
2022-03-07,2556.095755013009
2022-03-08,2496.83062639907
2022-03-09,2576.0742078376206
2022-03-10,2727.7740025046096
2022-03-11,2610.6836884515246
2022-03-12,2561.6145839216933
2022-03-13,2581.1088708911384
2022-03-14,2517.873854315388
2022-03-15,2590.2126690803466
2022-03-16,2620.155576594975
2022-03-17,2770.9149320124784
2022-03-18,2819.511927109917
2022-03-19,2940.842907499457
2022-03-20,2946.29175771794
2022-03-21,2860.2908294967697
2022-03-22,2894.9883554250973
2022-03-23,2969.6717449874104
2022-03-24,3020.330382504293
2022-03-25,3112.680307297306
2022-03-26,3102.7041259655925
2022-03-27,3137.441544021339
2022-03-28,3284.489356989091
2022-03-29,3344.799060288057
2022-03-30,3393.631036553991
2022-03-31,3384.214237304951
2022-04-01,3286.270950843247
2022-04-02,3441.083885069635
2022-04-03,3447.6067366725124
2022-04-04,3527.150310788982
2022-04-05,3528.5459858566383
2022-04-06,3429.8138987495054
2022-04-07,3179.9145114126904
2022-04-08,3242.128433909201
2022-04-09,3187.5781944096393
2022-04-10,3266.290463820837
2022-04-11,3219.4749012774937
2022-04-12,2986.453334443589
2022-04-13,3028.726205305913
2022-04-14,3123.8576617425997
2022-04-15,3020.385678030209
2022-04-16,3037.7560361105393
2022-04-17,3071.5992218178294
2022-04-18,2993.3799463206115
2022-04-19,3062.4975112157654
2022-04-20,3102.775371418193
2022-04-21,3082.363121272169
2022-04-22,2983.6608856000403
2022-04-23,2963.2997393058804
2022-04-24,2935.27780642126
2022-04-25,2926.4210596727207
2022-04-26,3012.9300521233527
2022-04-27,2801.498803790415
2022-04-28,2888.5433421955618
2022-04-29,2932.82015362707
2022-04-30,2817.4066435531977
2022-05-01,2734.580284776204
2022-05-02,2832.930245057678
2022-05-03,2865.3081688499597
2022-05-04,2787.745973946392
2022-05-05,2939.4192695471993
2022-05-06,2747.9857530550075
2022-05-07,2699.558539182167
2022-05-08,2645.0772644441167
2022-05-09,2523.214013451296
2022-05-10,2246.7235496542144
2022-05-11,2341.917077663585
2022-05-12,2064.3266049073045
2022-05-13,1966.2034257090534
2022-05-14,2012.3896508663602
2022-05-15,2062.7814181024223
2022-05-16,2144.116694072934
2022-05-17,2026.9730854650109
2022-05-18,2099.7772482437294
2022-05-19,1918.261508632594
2022-05-20,2022.4229359759497
2022-05-21,1966.5899969684333
2022-05-22,1977.6190240536062
2022-05-23,2047.1321483057782
2022-05-24,1976.3833120176005
2022-05-25,1979.2375965054362
2022-05-26,1943.2651595206833
2022-05-27,1807.6714268083306
2022-05-28,1725.0274434778105
2022-05-29,1797.6687225306744
2022-05-30,1814.6412199406873
2022-05-31,1994.0606678361783
2022-06-01,1948.9544644690577
2022-06-02,1828.2324822936996
2022-06-03,1832.6794958193457
2022-06-04,1775.8567488844608
2022-06-05,1805.392008273286
2022-06-06,1807.0859473373177
2022-06-07,1858.6233766088512
2022-06-08,1819.7765590897927
2022-06-09,1794.038949308087
2022-06-10,1788.9752195569015
2022-06-11,1663.926373459802
2022-06-12,1529.1596854513432
2022-06-13,1446.3274785689603
2022-06-14,1201.5786283114521
2022-06-15,1214.6687199552603
2022-06-16,1234.217393068197
2022-06-17,1067.6682419023969
2022-06-18,1086.7415010460531
2022-06-19,996.4888137368885
2022-06-20,1126.5995968935351
2022-06-21,1135.2213735096486
2022-06-22,1124.0793408401971
2022-06-23,1051.3656012792142
2022-06-24,1145.106790192802
2022-06-25,1235.2506999903774
2022-06-26,1243.218332021196
2022-06-27,1200.6769927207629
2022-06-28,1192.9501708737166
2022-06-29,1143.997364793226
2022-06-30,1100.070288385443
2022-07-01,1052.4537291342026
2022-07-02,1066.5663540225453
2022-07-03,1067.4467135623681
2022-07-04,1074.9504739783474
2022-07-05,1154.6701762357857
2022-07-06,1134.6272051492672
2022-07-07,1188.2348164178593
2022-07-08,1239.9739714064244
2022-07-09,1229.5940314935651
2022-07-10,1217.388652080692
2022-07-11,1168.474388533293
2022-07-12,1095.9434314887233
2022-07-13,1040.7464807003053
2022-07-14,1114.2357238811394
2022-07-15,1191.1202017198148
2022-07-16,1231.2207138061208
2022-07-17,1353.0954844223388
2022-07-18,1339.7875279585028
2022-07-19,1570.0220356976115
2022-07-20,1539.73270120388
2022-07-21,1517.4350490625447
2022-07-22,1575.8517978162395
2022-07-23,1537.360964759242
2022-07-24,1550.26793533822
2022-07-25,1605.1877062730794
2022-07-26,1442.5654229168404
2022-07-27,1441.1358701347867
2022-07-28,1632.6669080088502
2022-07-29,1725.9995062038017
2022-07-30,1736.134237914678
2022-07-31,1696.7194144882244
2022-08-01,1686.8243536807322
2022-08-02,1637.4265819882148
2022-08-03,1635.8584286818436
2022-08-04,1621.309715864897
2022-08-05,1613.1879190795803
2022-08-06,1717.042068844077
2022-08-07,1690.3534428522785
2022-08-08,1698.9145233956856
2022-08-09,1775.4441822920362
2022-08-10,1708.554143633827
2022-08-11,1850.7225341664341
2022-08-12,1881.1661832266834
2022-08-13,1960.0021731389095
2022-08-14,1983.2367411977216
2022-08-15,1936.3900966614215
2022-08-16,1906.029654933185
2022-08-17,1880.6579830234002
2022-08-18,1833.4917004021543
2022-08-19,1852.4643456208696
2022-08-20,1617.047757054176
2022-08-21,1577.968051846192
2022-08-22,1625.413769788122
2022-08-23,1617.9491764888733
2022-08-24,1666.598864947977
2022-08-25,1658.8677824443669
2022-08-26,1697.377246361902
2022-08-27,1506.8044447283132
2022-08-28,1495.3316632653632
2022-08-29,1440.01803176131
2022-08-30,1554.414079420842
2022-08-31,1523.1943335115689
2022-09-01,1550.2120061205944
2022-09-02,1587.43866868911
2022-09-03,1578.0015895533822
2022-09-04,1558.321658335384
2022-09-05,1574.8038334934477
2022-09-06,1620.273695939368
2022-09-07,1559.5175086307204
2022-09-08,1630.411820922313
2022-09-09,1636.2489075391757
2022-09-10,1719.1668580895612
2022-09-11,1780.782530501992
2022-09-12,1759.0060897638193
2022-09-13,1709.4938417049875
2022-09-14,1574.0101557808587
2022-09-15,1632.5994837927005
2022-09-16,1472.4753516801943
2022-09-17,1430.447490378377
2022-09-18,1469.3740857077378
2022-09-19,1337.8471666705868
2022-09-20,1380.2828606645933
2022-09-21,1324.4527896365908
2022-09-22,1252.8719987529275
2022-09-23,1329.0886746543629
2022-09-24,1327.548233539649
2022-09-25,1317.7643646667395
2022-09-26,1293.7681436859714
2022-09-27,1332.1702247019382
2022-09-28,1330.0851953115255
2022-09-29,1341.1465991410507
2022-09-30,1331.7183245977658
2022-10-01,1328.9256376245125
2022-10-02,1308.9316252145845
2022-10-03,1276.7886514264853
2022-10-04,1323.4440555017213
2022-10-05,1364.3861333172604
2022-10-06,1350.7549915705192
2022-10-07,1353.8465619644996
2022-10-08,1321.4997133726113
2022-10-09,1314.8043333546107
2022-10-10,1324.7309602945597
2022-10-11,1292.3372106613035
2022-10-12,1278.7436475446625
2022-10-13,1292.4255218065507
2022-10-14,1290.039610463033
2022-10-15,1297.6741848743563
2022-10-16,1275.2079251031266
2022-10-17,1308.8139809666582
2022-10-18,1330.4519102135118
2022-10-19,1307.931649890003
2022-10-20,1286.0115948361317
2022-10-21,1281.560960856468
2022-10-22,1296.377211506173
2022-10-23,1312.045715204679
2022-10-24,1365.0632833998184
2022-10-25,1345.631658769316
2022-10-26,1460.2518126441776
2022-10-27,1570.1691887116485
2022-10-28,1517.4183255481494
2022-10-29,1556.228886046293
2022-10-30,1617.5653669602466
2022-10-31,1588.909723156984
2022-11-01,1571.5839692271998
2022-11-02,1583.2537656548502
2022-11-03,1521.3337168907394
2022-11-04,1529.4705165610435
2022-11-05,1644.0259863165916
2022-11-06,1626.24261096934
2022-11-07,1573.0503360163993
2022-11-08,1572.4899105877057
2022-11-09,1333.8950603727708
2022-11-10,1090.5320850050073
2022-11-11,1297.122369516108
2022-11-12,1285.6834225787668
2022-11-13,1253.4286969992784
2022-11-14,1221.0734145649512
2022-11-15,1242.6944703624629
2022-11-16,1250.9345599690323
2022-11-17,1218.9050013824783
2022-11-18,1199.3183014573933
2022-11-19,1212.1436476512647
2022-11-20,1219.0961612052424
2022-11-21,1141.9398229813978
2022-11-22,1110.5586329578582
2022-11-23,1135.8283783757392
2022-11-24,1183.8733074367412
2022-11-25,1202.1393589869758
2022-11-26,1201.6741009762504
2022-11-27,1207.8389414115536
2022-11-28,1199.5086602221193
2022-11-29,1171.255145215881
2022-11-30,1217.6601364044488
2022-12-01,1292.7114483187256
2022-12-02,1276.352846450307
2022-12-03,1295.034083008392
2022-12-04,1245.7123119546868
2022-12-05,1281.6776753508923
2022-12-06,1258.8899122495275
2022-12-07,1272.5397751387725
2022-12-08,1233.9523704690225
2022-12-09,1283.2498911662017
2022-12-10,1263.0076221621625
2022-12-11,1266.9199585747058
2022-12-12,1266.1133196689796
2022-12-13,1272.1365819529692
2022-12-14,1318.3180878187025
2022-12-15,1310.3461041202345
2022-12-16,1266.6309128126097
2022-12-17,1163.6569756380097
2022-12-18,1188.057211837554
2022-12-19,1183.2332599329204
2022-12-20,1167.3041415932075
2022-12-21,1217.6478801447638
2022-12-22,1213.9157840055107
2022-12-23,1218.2714193948236
2022-12-24,1220.775492871167
2022-12-25,1220.6253997976182
2022-12-26,1219.812090929352
2022-12-27,1225.2273119875783
2022-12-28,1211.0464698137082
2022-12-29,1189.6174294688458
2022-12-30,1201.77962304351
2022-12-31,1198.6701663611075
2023-01-01,1196.5676778456757
2023-01-02,1200.4076928343302
2023-01-03,1214.351289892902
2023-01-04,1215.132304793536
2023-01-05,1256.052876385306
2023-01-06,1250.012860640656
2023-01-07,1269.9628255398973
2023-01-08,1264.7143351481586
2023-01-09,1284.2519144399594
2023-01-10,1322.732522861347
2023-01-11,1336.0593125901862
2023-01-12,1388.4955981155008
2023-01-13,1416.6558541313393
2023-01-14,1448.659421957995
2023-01-15,1551.201896100525
2023-01-16,1551.2324433591707
2023-01-17,1577.5707500092312
2023-01-18,1568.2870361673008
2023-01-19,1515.0429629668258
2023-01-20,1549.7261200127512
2023-01-21,1660.5729312231717
2023-01-22,1624.5550819780292
2023-01-23,1629.0177040605834
2023-01-24,1631.8909065146058
2023-01-25,1553.2940809336365
2023-01-26,1616.4446782386258
2023-01-27,1602.5707264482116
2023-01-28,1598.9999619846155
2023-01-29,1571.195117149683
2023-01-30,1646.928696524277
2023-01-31,1568.2724738140544
2023-02-01,1586.1124988451554
2023-02-02,1642.8616856339734
2023-02-03,1647.9111000505636
2023-02-04,1664.7367367993313
2023-02-05,1668.4853020834682
2023-02-06,1631.0706019491217
2023-02-07,1617.0304024642478
2023-02-08,1674.752107640146
2023-02-09,1651.2791967214437
2023-02-10,1545.7387122015589
2023-02-11,1514.7414390375047
2023-02-12,1542.8998831059967
2023-02-13,1514.8254895240598
2023-02-14,1508.0120051023616
2023-02-15,1558.0727069885572
2023-02-16,1675.5351874379012
2023-02-17,1652.6148043569913
2023-02-18,1700.3579206040451
2023-02-19,1691.413567360143
2023-02-20,1680.4750988734659
2023-02-21,1699.9513138248328
2023-02-22,1655.6331492810114
2023-02-23,1642.3180594411788
2023-02-24,1650.4290070598176
2023-02-25,1607.602891384
2023-02-26,1592.7846525466953
2023-02-27,1640.4155116124011
2023-02-28,1634.2410992062808
2023-03-01,1604.7632540579907
2023-03-02,1662.9768686945615
2023-03-03,1647.829309146877
2023-03-04,1568.9031897607076
2023-03-05,1568.1226292205945
2023-03-06,1563.9979979755358
2023-03-07,1566.8437546609375
2023-03-08,1563.338158894273
2023-03-09,1534.4154722278715
2023-03-10,1440.3417679932147
2023-03-11,1426.1564764942223
2023-03-12,1468.8409987102643
2023-03-13,1585.958777641033
2023-03-14,1679.3760519128741
2023-03-15,1708.567133475182
2023-03-16,1660.0493257954656
2023-03-17,1684.181150135529
2023-03-18,1793.7104620589093
2023-03-19,1768.597215599181
2023-03-20,1804.3179977585353
2023-03-21,1746.875031509469
2023-03-22,1812.3770608587445
2023-03-23,1747.686819114504
2023-03-24,1824.218235512457
2023-03-25,1751.1565139128707
2023-03-26,1755.4777152113963
2023-03-27,1779.396599150868
2023-03-28,1719.8985161385367
2023-03-29,1777.0587958818394
2023-03-30,1794.310432624886
2023-03-31,1794.2603529613364
2023-04-01,1824.2723592949908
2023-04-02,1823.8405327774224
2023-04-03,1795.9281060679116
2023-04-04,1811.2180641773666
2023-04-05,1873.5083571965624
2023-04-06,1911.2807141363915
2023-04-07,1872.6846363551429
2023-04-08,1866.1305411317355
2023-04-09,1853.2334720265678
2023-04-10,1858.6191510805902
2023-04-11,1910.6253790112617
2023-04-12,1895.3409549657763
2023-04-13,1918.8828893400052
2023-04-14,2014.7103034337429
2023-04-15,2101.8891965184825
2023-04-16,2092.9984714226593
2023-04-17,2119.7928128138637
2023-04-18,2073.952637726691
2023-04-19,2103.4649094160022
2023-04-20,1935.549853759404
2023-04-21,1945.629244885986
2023-04-22,1852.9800746184353
2023-04-23,1876.4672417949055
2023-04-24,1863.5250722045969
2023-04-25,1841.3488646150547
2023-04-26,1870.2541756323342
2023-04-27,1865.6429445108809
2023-04-28,1909.3923654066996
2023-04-29,1892.420341577803
2023-04-30,1907.7113986863428
2023-05-01,1883.7361540803515
2023-05-02,1830.1470237227675
2023-05-03,1869.2720017507563
2023-05-04,1904.0101988545337
2023-05-05,1890.1217291730936
2023-05-06,1993.5810768991487
2023-05-07,1898.8029564082024
2023-05-08,1898.455098743043
2023-05-09,1848.9175513249577
2023-05-10,1846.2651583359059
2023-05-11,1843.659959213532
2023-05-12,1797.1002656435967
2023-05-13,1808.664941067037
2023-05-14,1797.0633158794058
2023-05-15,1799.8707980396582
2023-05-16,1821.566388574679
2023-05-17,1823.8727150316688
2023-05-18,1821.2571188912443
2023-05-19,1802.795136575072
2023-05-20,1812.038630487699
2023-05-21,1819.1141461223606
2023-05-22,1806.1320131600557
2023-05-23,1818.9091825424932
2023-05-24,1853.3381337438484
2023-05-25,1801.4579013400862
2023-05-26,1806.1312322024455
2023-05-27,1828.9993577687999
2023-05-28,1829.4123174642064
2023-05-29,1915.7594761462074
2023-05-30,1894.1089594339255
2023-05-31,1901.3220866309546
2023-06-01,1874.9846282927942
2023-06-02,1861.4534688545325
2023-06-03,1906.934641576084
2023-06-04,1891.9356732402118
2023-06-05,1894.4384530151956
2023-06-06,1814.7234371556767
2023-06-07,1883.3836971813398
2023-06-08,1831.8168721255383
2023-06-09,1846.603940005448
2023-06-10,1839.1675589796148
2023-06-11,1753.7467030328128
2023-06-12,1752.1257214447835
2023-06-13,1742.652240011635
2023-06-14,1736.3901526148345
2023-06-15,1650.9605365509783
2023-06-16,1665.760875608271
2023-06-17,1716.4702166981172
2023-06-18,1726.7306526321918
2023-06-19,1718.1176614311785
2023-06-20,1734.2557945898138
2023-06-21,1788.8461911222555
2023-06-22,1892.6383751717158
2023-06-23,1874.7019640662488
2023-06-24,1891.2395392839942
2023-06-25,1874.5822069176656
2023-06-26,1898.8933599071254
2023-06-27,1860.8068463330271
2023-06-28,1891.6121236559372
2023-06-29,1828.7385339590999
2023-06-30,1853.7486649663178
2023-07-01,1933.9330590980921
2023-07-02,1923.27902208618
2023-07-03,1933.6651094655574
2023-07-04,1954.3312225585764
2023-07-05,1938.7433862211624
2023-07-06,1912.3466343216987
2023-07-07,1859.0579615863203
2023-07-08,1869.4867636281135
2023-07-09,1864.0641177954005
2023-07-10,1863.3816322455204
2023-07-11,1879.5334494317872
2023-07-12,1879.1115114027284
2023-07-13,1873.5821951285673
2023-07-14,2001.953527000522
2023-07-15,1935.4329989008982
2023-07-16,1931.313465504245
2023-07-17,1924.2554680456024
2023-07-18,1911.9177774772552
2023-07-19,1896.8883637628503
2023-07-20,1890.6868781941425
2023-07-21,1892.7136470555488
2023-07-22,1892.0380583202918
2023-07-23,1860.3412710591315
2023-07-24,1887.8276953491923
2023-07-25,1850.4959091823691
2023-07-26,1859.0826739826196
2023-07-27,1872.479885817032
2023-07-28,1858.8718540174862
2023-07-29,1874.707068208371
2023-07-30,1880.7041586582955
2023-07-31,1861.8488059922063
2023-08-01,1855.93154434991
2023-08-02,1872.2330085554986
2023-08-03,1837.3002798691666
2023-08-04,1835.849218096157
2023-08-05,1829.6870124307968
2023-08-06,1835.4689749425338
2023-08-07,1826.3145573545535
2023-08-08,1825.357998065356
2023-08-09,1855.5026574082685
2023-08-10,1855.4707840115163
2023-08-11,1850.5299855838562
2023-08-12,1848.1488571767406
2023-08-13,1849.2919908523274
2023-08-14,1840.0391548302991
2023-08-15,1844.0156972751522
2023-08-16,1826.07043424223
2023-08-17,1807.3104427544881
2023-08-18,1679.446332754644
2023-08-19,1661.5137883351335
2023-08-20,1670.4286714236807
2023-08-21,1685.350608388285
2023-08-22,1667.0151828856428
2023-08-23,1633.2382452065665
2023-08-24,1675.7048357425206
2023-08-25,1658.0133483125296
2023-08-26,1652.7888067972442
2023-08-27,1645.823145817126
2023-08-28,1658.5285521902895
2023-08-29,1655.356300968882
2023-08-30,1730.0254234133004
2023-08-31,1708.1012114764615
2023-09-01,1643.7961359971769
2023-09-02,1629.1029645129322
2023-09-03,1637.58089360372
2023-09-04,1635.7667373050863
2023-09-05,1628.114879837391
2023-09-06,1631.8112238400697
2023-09-07,1631.9185418668458
2023-09-08,1643.7743094523694
2023-09-09,1636.4325009637005
2023-09-10,1634.3656004822444
2023-09-11,1618.3417967193282
2023-09-12,1549.9582239485424
2023-09-13,1591.648596162934
2023-09-14,1604.5276062223575
2023-09-15,1626.4205388866196
2023-09-16,1641.6702057760294
2023-09-17,1635.2660246283526
2023-09-18,1621.925025584709
2023-09-19,1636.9319996274548
2023-09-20,1642.5101643288356
2023-09-21,1621.629761287053
2023-09-22,1584.1766646205385
2023-09-23,1593.8544834924603
2023-09-24,1594.0938024160955
2023-09-25,1578.9704568651953
2023-09-26,1587.3431511010901
2023-09-27,1591.6308367655363
2023-09-28,1597.6570330248205
2023-09-29,1650.9519290842254
2023-09-30,1666.4828305800004
2023-10-01,1670.7896718330273
2023-10-02,1733.5526079214376
2023-10-03,1663.006024461913
2023-10-04,1650.5380143286038
2023-10-05,1647.8928531509898
2023-10-06,1613.20845905944
2023-10-07,1645.1770394340263
2023-10-08,1633.1881148266427
2023-10-09,1632.4249429721106
2023-10-10,1580.510311974146
2023-10-11,1566.6849099019541
2023-10-12,1564.3098770848217
2023-10-13,1535.2074935242192
2023-10-14,1550.1116443867197
2023-10-15,1555.3431886737492
2023-10-16,1555.7671844276413
2023-10-17,1592.70131483466
2023-10-18,1563.1514809707403
2023-10-19,1561.3508479129587
2023-10-20,1566.8906156067949
2023-10-21,1604.4275537564865
2023-10-22,1628.6691070210861
2023-10-23,1662.939030745378
2023-10-24,1762.9727060247574
2023-10-25,1782.8795006822645
2023-10-26,1785.6534846050777
2023-10-27,1803.2181494950887
2023-10-28,1779.966252966105
2023-10-29,1775.5567138714644
2023-10-30,1796.2837120390477
2023-10-31,1809.1618322040667
2023-11-01,1813.2535122052777
2023-11-02,1844.6355017325893
2023-11-03,1800.6907509933237
2023-11-04,1832.427024011392
2023-11-05,1857.7055053075037
2023-11-06,1894.0737327566198
2023-11-07,1897.5029117443532
2023-11-08,1884.6310218106319
2023-11-09,1891.695457860547
2023-11-10,2122.1834455361527
2023-11-11,2078.859114551526
2023-11-12,2049.2274921403405
2023-11-13,2045.5367919061282
2023-11-14,2062.6827666545064
2023-11-15,1980.0088805357748
2023-11-16,2057.415895959483
2023-11-17,1959.342648819183
2023-11-18,1952.1591573291557
2023-11-19,1962.6338172324279
2023-11-20,2009.059077770525
2023-11-21,2022.3228096074845
2023-11-22,1942.7943396656508
2023-11-23,2064.812183904339
2023-11-24,2061.9925520295446
2023-11-25,2079.670460154605
2023-11-26,2082.5359523381517
2023-11-27,2065.3274639693273
2023-11-28,2025.0206518110472
2023-11-29,2049.4040915193896
2023-11-30,2027.0785808421651
2023-12-01,2051.000317480295
2023-12-02,2085.873687737018
2023-12-03,2164.0020246757313
2023-12-04,2189.56936326829
2023-12-05,2234.969761312699
2023-12-06,2287.687590101263
2023-12-07,2230.304822196185
2023-12-08,2354.9733207289323
2023-12-09,2359.3677934022203
2023-12-10,2343.2059590409713
2023-12-11,2343.540510480914
2023-12-12,2223.4474888346263
2023-12-13,2196.146688759396
2023-12-14,2253.7596785085902
2023-12-15,2319.5903446175803
2023-12-16,2227.255154545365
2023-12-17,2229.1173523707535
2023-12-18,2200.220752869157
2023-12-19,2221.792769907493
2023-12-20,2187.2579491599035
2023-12-21,2184.7593226633844
2023-12-22,2230.5068717085333
2023-12-23,2311.1604060058567
2023-12-24,2304.423294841355
2023-12-25,2263.6462249897595
2023-12-26,2271.0958224580536
2023-12-27,2224.467984346311
2023-12-28,2375.145936443481
2023-12-29,2347.853927711425
2023-12-30,2292.3043479694647
2023-12-31,2287.360672475209
2024-01-01,2274.5163206245147
2024-01-02,2338.1907436326014
2024-01-03,2351.5840209169423
2024-01-04,2202.9893503439757
2024-01-05,2278.5967954951666
2024-01-06,2265.850627317697
2024-01-07,2239.6656963275186
2024-01-08,2219.7191377103436
2024-01-09,2316.457667072905
2024-01-10,2331.0374018339653
2024-01-11,2593.137433596822
2024-01-12,2614.677613609891
2024-01-13,2510.3814638382005
2024-01-14,2570.436363235598
2024-01-15,2483.199020438954
2024-01-16,2527.809071994737
2024-01-17,2593.8570294647525
2024-01-18,2517.7267618014343
2024-01-19,2458.9693733064278
2024-01-20,2486.301845474401
2024-01-21,2468.114913075401
2024-01-22,2474.7189108547445
2024-01-23,2308.782654963839
2024-01-24,2244.0823017218067
2024-01-25,2227.3625104000466
2024-01-26,2211.5863039734086
2024-01-27,2261.8123126209134
2024-01-28,2265.8602464210053
2024-01-29,2255.187036576105
2024-01-30,2311.4839532359
2024-01-31,2365.5177609980774
2024-02-01,2269.088966954843
2024-02-02,2296.475250648578
2024-02-03,2307.7495086786494
2024-02-04,2297.455360158073
2024-02-05,2288.636619294935
2024-02-06,2299.1467009810717
2024-02-07,2373.7900973344586
2024-02-08,2423.2963885976446
2024-02-09,2430.783895199462
2024-02-10,2493.738477739793
2024-02-11,2505.1569702338293
2024-02-12,2493.5106239813986
2024-02-13,2652.222150687095
2024-02-14,2634.4132960433176
2024-02-15,2763.2427250416235
2024-02-16,2821.394608063793
2024-02-17,2791.746021842039
2024-02-18,2781.760302742991
2024-02-19,2874.9408155885003
2024-02-20,2954.0939532657917
2024-02-21,3010.9575360604113
2024-02-22,2932.222340798851
2024-02-23,2983.118254810502
2024-02-24,2944.812159496605
2024-02-25,2976.756483046073
2024-02-26,3108.5178690320063
2024-02-27,3173.4709485426074
2024-02-28,3245.9643783994175
2024-02-29,3373.127104545693
2024-03-01,3338.6550930295816
2024-03-02,3426.2189855492065
2024-03-03,3401.2058090712603
2024-03-04,3481.326698546376
2024-03-05,3606.254080837912
2024-03-06,3573.152758953085
2024-03-07,3855.2006699773056
2024-03-08,3840.2993000437864
2024-03-09,3892.929826138984
2024-03-10,3916.2540040240797
2024-03-11,3885.6844090601435
2024-03-12,4069.228503623163
2024-03-13,3971.7546508976397
2024-03-14,4001.8818439132256
2024-03-15,3877.548894450626
2024-03-16,3733.4062831535757
2024-03-17,3516.9326254005978
2024-03-18,3654.1484077798614
2024-03-19,3524.496359325053
2024-03-20,3164.7175751962964
2024-03-21,3514.7275770368487
2024-03-22,3488.720252194218
2024-03-23,3324.131106752756
2024-03-24,3354.2716913360564
2024-03-25,3452.145218650314
2024-03-26,3590.614102864207
2024-03-27,3584.6287751529676
2024-03-28,3504.963350910906
2024-03-29,3559.0240884114764
2024-03-30,3512.293802879026
2024-03-31,3507.6656427271146
2024-04-01,3642.6637777650667
2024-04-02,3506.8381903138365
2024-04-03,3274.3152376634725
2024-04-04,3315.0675994113067
2024-04-05,3327.8923491228234
2024-04-06,3323.8552975727343
2024-04-07,3359.401905103415
2024-04-08,3451.891671255899
2024-04-09,3691.2344193843983
2024-04-10,3503.7626734442993
2024-04-11,3538.894688833711
2024-04-12,3506.512512435996
2024-04-13,3245.6746506309046
2024-04-14,3018.5609105081558
2024-04-15,3158.5065993594962
2024-04-16,3105.009000258882
2024-04-17,3083.5745632290204
2024-04-18,2983.3907307653517
2024-04-19,3068.561714020002
2024-04-20,3065.4765549128333
2024-04-21,3155.489943950124
2024-04-22,3148.558425994387
2024-04-23,3198.148180398366
2024-04-24,3217.1816979524274
2024-04-25,3136.7739371408384
2024-04-26,3158.157137462144
2024-04-27,3128.7242212124147
2024-04-28,3257.238733369115
2024-04-29,3261.625010508246
2024-04-30,3214.5142677461213
2024-05-01,3015.05561706865
2024-05-02,2965.8350355484185
2024-05-03,2988.104397890385
2024-05-04,3103.462497186541
2024-05-05,3117.3524621100023
2024-05-06,3137.4701121820963
2024-05-07,3067.533842197446
2024-05-08,3014.621832465073
2024-05-09,2976.293069425087
2024-05-10,3038.464947993251
2024-05-11,2911.2323527982776
2024-05-12,2910.477667707057
2024-05-13,2932.667946722464
2024-05-14,2947.8655897003428
2024-05-15,2881.8798828357612
2024-05-16,3029.90313294435
2024-05-17,2941.764467278943
2024-05-18,3093.687342905094
2024-05-19,3120.732334847074
2024-05-20,3074.0865889889383
2024-05-21,3655.2770246746704
2024-05-22,3794.9405791920362
2024-05-23,3746.674628367637
2024-05-24,3766.675695847626
2024-05-25,3727.279652003226
2024-05-26,3746.0597500355
2024-05-27,3825.52791815261
2024-05-28,3893.3725272495244
2024-05-29,3841.7796866972294
2024-05-30,3764.6021673458117
2024-05-31,3747.696654297115
2024-06-01,3763.2755112166665
2024-06-02,3812.4976214188123
2024-06-03,3781.6327520633868
2024-06-04,3766.379970178431
2024-06-05,3814.5113386908474
2024-06-06,3869.271205622988
2024-06-07,3814.522716682724
2024-06-08,3679.62943515491
2024-06-09,3684.830945927265
2024-06-10,3707.9949660529537
2024-06-11,3676.3694538860263
2024-06-12,3492.4566415232616
2024-06-13,3576.698035159846
2024-06-14,3467.313928810562
2024-06-15,3479.7035989964947
2024-06-16,3566.688827112739
2024-06-17,3617.904345287335
2024-06-18,3510.3123376336803
2024-06-19,3478.407624352054
2024-06-20,3559.171934568066
2024-06-21,3512.2884601126375
2024-06-22,3517.257900202799
2024-06-23,3495.1401499066387
2024-06-24,3417.540600098895
2024-06-25,3356.7642686046074
2024-06-26,3394.8611671122644
2024-06-27,3359.4748936714964
2024-06-28,3443.4762978968456
2024-06-29,3373.520223688525
2024-06-30,3372.0750528601657
2024-07-01,3437.5146367304405
2024-07-02,3439.2336931615796
2024-07-03,3418.485377193064
2024-07-04,3296.064018055614
2024-07-05,3072.7777826397146
2024-07-06,2983.7110093773263
2024-07-07,3067.007349417737
2024-07-08,2929.9148309695634
2024-07-09,3018.8700792716186
2024-07-10,3064.518741317346
2024-07-11,3100.6374698715886
2024-07-12,3102.4993607555966
2024-07-13,3131.3510651395586
2024-07-14,3177.5379361122173
2024-07-15,3254.047554675284
2024-07-16,3486.68830590747
2024-07-17,3449.9301018204733
2024-07-18,3391.720766195412
2024-07-19,3430.143238692936
2024-07-20,3504.571294799875
2024-07-21,3520.3274042739836
2024-07-22,3530.723047396242
2024-07-23,3444.472600257349
2024-07-24,3481.340190503969
2024-07-25,3334.6238495137186
2024-07-26,3176.66746729506
2024-07-27,3279.264724476432
2024-07-28,3254.1654310894833
2024-07-29,3272.8644373886873
2024-07-30,3314.2780446824227
2024-07-31,3276.9029051743673
2024-08-01,3230.9747278705063
2024-08-02,3203.341659477857
2024-08-03,2982.3334383096376
2024-08-04,2906.6478331491167
2024-08-05,2685.5032562483525
2024-08-06,2414.6414282895194
2024-08-07,2454.7237194570303
2024-08-08,2341.9201787737934
2024-08-09,2680.8899563687014
2024-08-10,2596.7971864785386
2024-08-11,2608.1572179066693
2024-08-12,2558.704714920683
2024-08-13,2726.817748514121
2024-08-14,2701.5695822593807
2024-08-15,2664.2001214402962
2024-08-16,2570.9314483878206
2024-08-17,2594.274755636456
2024-08-18,2612.6125585825466
2024-08-19,2615.922369131513
2024-08-20,2640.2805218824883
2024-08-21,2577.403357607902
2024-08-22,2629.5757778472903
2024-08-23,2624.13642817181
2024-08-24,2763.103098340791
2024-08-25,2764.5772248125404
2024-08-26,2746.9743227513636
2024-08-27,2683.7360021638187
2024-08-28,2457.5807118599378
2024-08-29,2527.394015104736
2024-08-30,2527.2160046492686
2024-08-31,2527.142112995228
2024-09-01,2513.5708703649866
2024-09-02,2428.1079284384627
2024-09-03,2536.298481277647
2024-09-04,2433.8528818123527
2024-09-05,2447.7121281700925
2024-09-06,2367.4823235464764
2024-09-07,2222.967305916185
2024-09-08,2274.6366154565094
2024-09-09,2297.2629661856054
2024-09-10,2360.3393722240626
2024-09-11,2389.073430761323
2024-09-12,2342.239771637048
2024-09-13,2360.474197232994
2024-09-14,2444.996845229663
2024-09-15,2418.079381093306
2024-09-16,2321.9145875975278
2024-09-17,2295.0212123903457
2024-09-18,2345.883269965497
2024-09-19,2361.034864519088
2024-09-20,2465.6066288996217
2024-09-21,2555.634849024353
2024-09-22,2615.180834585464
2024-09-23,2584.0389954767716
2024-09-24,2649.042736770696
2024-09-25,2655.4278133212674
2024-09-26,2578.2930385735617
2024-09-27,2630.3687799204486
2024-09-28,2698.306998464773
2024-09-29,2676.913313721278
2024-09-30,2657.9498483638963
2024-10-01,2599.1175386975633
2024-10-02,2451.5242893919267
2024-10-03,2366.079441979316
2024-10-04,2348.654468212956
2024-10-05,2417.4168551371827
2024-10-06,2415.599313640929
2024-10-07,2436.9079193448456
2024-10-08,2423.433526231752
2024-10-09,2442.2278002880767
2024-10-10,2368.948389188609
2024-10-11,2380.4592805619004
2024-10-12,2435.365694325828
2024-10-13,2477.9203549964377
2024-10-14,2466.4302768710363
2024-10-15,2630.174966826229
2024-10-16,2599.202588889863
2024-10-17,2613.1490968333806
2024-10-18,2602.119642877534
2024-10-19,2643.710313058333
2024-10-20,2649.7389289609773
2024-10-21,2743.100816629691
2024-10-22,2666.0853555298418
2024-10-23,2620.267045606954
2024-10-24,2523.246354410214
2024-10-25,2533.086638473642
2024-10-26,2421.950945201355
2024-10-27,2480.067730083766
2024-10-28,2506.5211722528147
2024-10-29,2565.628907145734
2024-10-30,2640.455269444416
2024-10-31,2659.1155385630054
2024-11-01,2515.3511616064584
2024-11-02,2513.2000042422696
2024-11-03,2491.0279141978153
2024-11-04,2456.4353417766893
2024-11-05,2397.4042265384724
2024-11-06,2423.686597873346
2024-11-07,2718.740864418256
2024-11-08,2894.891765641099
2024-11-09,2958.666491455011
2024-11-10,3126.0441053645204
2024-11-11,3191.6894209884827
2024-11-12,3376.552723674929
2024-11-13,3259.6779748676754
2024-11-14,3191.710585165989
2024-11-15,3063.566488651034
2024-11-16,3093.5286257807147
2024-11-17,3133.6116083466277
2024-11-18,3073.7123042719654
2024-11-19,3220.1177473636894
2024-11-20,3114.1807451128166
2024-11-21,3077.031660498356
2024-11-22,3364.825289821934
2024-11-23,3323.824854462023
2024-11-24,3395.7007743213267
2024-11-25,3365.8962698959863
2024-11-26,3416.9735282088486
2024-11-27,3327.9368705623833
2024-11-28,3669.25944525748
2024-11-29,3579.571973054564
2024-11-30,3598.268924126253
2024-12-01,3710.433626721454
2024-12-02,3712.775321837075
2024-12-03,3643.0863984193857
2024-12-04,3623.9715844220314
2024-12-05,3839.4684933788935
2024-12-06,3796.0547154837523
2024-12-07,4012.465196540976
2024-12-08,4000.557588712132
2024-12-09,4014.033710325203
2024-12-10,3709.1962543587897
2024-12-11,3625.723924318323
2024-12-12,3828.3018132464163
2024-12-13,3875.4017521825444
2024-12-14,3906.1725191374544
2024-12-15,3864.17595231053
2024-12-16,3961.7728832864627
2024-12-17,3995.0766959502603
2024-12-18,3878.882655341163
2024-12-19,3632.2566972669874
2024-12-20,3437.506337048732
2024-12-21,3469.2850378164535
2024-12-22,3335.965504458339
2024-12-23,3274.846274255378
2024-12-24,3414.724550336358
2024-12-25,3496.999608076304
2024-12-26,3492.5700680023942
2024-12-27,3327.384497377104
2024-12-28,3326.720939872404
2024-12-29,3398.126743448434
2024-12-30,3357.4337800391836
2024-12-31,3361.291861979162
2025-01-01,3336.4033972643106
2025-01-02,3348.080994440413
2025-01-03,3446.7965170706134
2025-01-04,3605.041102537251
2025-01-05,3661.162355747136
2025-01-06,3638.0374595016688
2025-01-07,3684.078495995938
2025-01-08,3380.10414290338
2025-01-09,3324.9133976501794
2025-01-10,3216.669601800902
2025-01-11,3272.421053657606
2025-01-12,3284.922918103682
2025-01-13,3264.840411955337
2025-01-14,3134.999489259595
2025-01-15,3224.487432174279
2025-01-16,3445.1907472851617
2025-01-17,3310.8471536398515
2025-01-18,3478.6961534593247
2025-01-19,3310.715681191964
2025-01-20,3219.7182528973567
2025-01-21,3266.620825404059
2025-01-22,3331.552029112724
2025-01-23,3239.715393233589
2025-01-24,3329.8704100202503
2025-01-25,3309.7767131118876
2025-01-26,3323.3442657520036
2025-01-27,3240.1750027085623
2025-01-28,3170.7493588861103
2025-01-29,3072.366572353676
2025-01-30,3114.111164473836
2025-01-31,3249.9675676963984
2025-02-01,3291.5399414644808
2025-02-02,3117.562427786342
2025-02-03,2864.0446178484995
2025-02-04,2878.0862519570537
2025-02-05,2731.202282631574
2025-02-06,2788.2658417051366
2025-02-07,2681.4597266731216
2025-02-08,2618.4649125366404
2025-02-09,2635.4008783247523
2025-02-10,2628.047880075481
2025-02-11,2658.9828226136297
2025-02-12,2603.0207672031434
2025-02-13,2734.9234868730687
2025-02-14,2676.829759908553
2025-02-15,2724.2035115539165
2025-02-16,2691.762842930875
2025-02-17,2662.884205256177
2025-02-18,2740.0797467061466
2025-02-19,2669.1028963773124
2025-02-20,2715.139077180169
2025-02-21,2742.171692034684
2025-02-22,2657.1787584547806
2025-02-23,2766.582356540728
2025-02-24,2825.415633001551
2025-02-25,2508.702654693994
2025-02-26,2495.975176383782
2025-02-27,2325.958323662299
2025-02-28,2302.821027032493
2025-03-01,2233.7299308609277
2025-03-02,2211.284371357984
2025-03-03,2515.83832595914
2025-03-04,2150.731373910386
2025-03-05,2173.052177805985
2025-03-06,2243.580513683813
2025-03-07,2205.166939237671
2025-03-08,2141.2766656380613
2025-03-09,2197.360169066872
2025-03-10,2015.764145679979
2025-03-11,1881.5765456289437
2025-03-12,1920.293370506698
2025-03-13,1911.6827225591446
2025-03-14,1862.6675896296001
2025-03-15,1910.092401952375
2025-03-16,1940.9572370729968
2025-03-17,1887.5317669078888
2025-03-18,1929.192943385036
2025-03-19,1932.1444165398455
2025-03-20,2061.068984287963
2025-03-21,1979.0564798059984
2025-03-22,1963.4226930826687
2025-03-23,1978.3165246105366
2025-03-24,2000.9511904108588
2025-03-25,2072.4233961380837
2025-03-26,2069.511747950718
2025-03-27,2010.9457422883706
2025-03-28,2003.379136302396
2025-03-29,1896.9053493904066
2025-03-30,1828.312100958753
2025-03-31,1804.8924812921318
2025-04-01,1824.1778668204317
2025-04-02,1907.4163591319566
2025-04-03,1797.1333637132593
2025-04-04,1817.649536330103
2025-04-05,1813.660029242583
2025-04-06,1808.1793486163479
2025-04-07,1575.6458946367954
2025-04-08,1558.6401307964763
2025-04-09,1469.9284269757572
2025-04-10,1658.0935511787764
2025-04-11,1516.2443995541553
2025-04-12,1566.6096120269701
2025-04-13,1646.7382954146635
2025-04-14,1587.3762732213206
2025-04-15,1619.1354856980863
2025-04-16,1594.796093801132
2025-04-17,1581.5324602648782
2025-04-18,1583.8629595250554
2025-04-19,1589.772736844851
2025-04-20,1617.301107115698
2025-04-21,1583.9246365396543
2025-04-22,1578.3565455875478
2025-04-23,1758.7286491516788
2025-04-24,1796.5357427024533
2025-04-25,1772.4779980848562
2025-04-26,1789.1121976071308
2025-04-27,1818.4322582257053
2025-04-28,1792.8392001120149
2025-04-29,1798.1203800512133
2025-04-30,1791.2073936422016
2025-05-01,1794.5422539608207
2025-05-02,1839.5643049824519
2025-05-03,1841.3632062170482
2025-05-04,1835.063228174048
2025-05-05,1808.8693736584262
2025-05-06,1817.985436770011
2025-05-07,1816.1014538081338
2025-05-08,1810.9462089061262
2025-05-09,2194.1223159264937
2025-05-10,2341.516661963085
2025-05-11,2589.763500441024
2025-05-12,2510.7606291626325
2025-05-13,2491.872496616537
2025-05-14,2673.5963167150135
2025-05-15,2596.816522966719
2025-05-16,2544.949760764135
2025-05-17,2553.876912387837
2025-05-18,2475.357530534405
2025-05-19,2475.1697252276344
2025-05-20,2529.5848173280797
2025-05-21,2524.3020099110745
2025-05-22,2560.247743677819
2025-05-23,2663.267226981221
2025-05-24,2524.4695321442614
2025-05-25,2528.0154491603134
2025-05-26,2544.173105232408
2025-05-27,2560.3596537955395
2025-05-28,2662.8437415979156
2025-05-29,2675.2005266259926
2025-05-30,2631.348051045988
2025-05-31,2527.3779994132683
2025-06-01,2537.6429595390537
2025-06-02,2538.0646519757174
2025-06-03,2615.09316004228
2025-06-04,2592.578532593945
2025-06-05,2612.1789258003496
2025-06-06,2421.1279088974475
2025-06-07,2483.2954602780833
2025-06-08,2525.1302308223403
2025-06-09,2505.2042029913255
2025-06-10,2688.4436819783527
2025-06-11,2810.8677717454307
2025-06-12,2776.556083503957
2025-06-13,2654.082478586945
2025-06-14,2577.104651385124
2025-06-15,2533.8958279239305
2025-06-16,2547.562064058209
2025-06-17,2561.388399683606
2025-06-18,2515.1216517644048
2025-06-19,2522.0866651078195
2025-06-20,2521.713670888755
2025-06-21,2405.884436511362
2025-06-22,2274.8604935757285
2025-06-23,2228.03636048156
2025-06-24,2424.7030142638328
2025-06-25,2445.666168541393
2025-06-26,2416.1859188496023
2025-06-27,2413.873908495311
2025-06-28,2423.3692259438817
2025-06-29,2436.675432382948
2025-06-30,2504.076668827411
2025-07-01,2488.5494145576295
2025-07-02,2404.906037245539
2025-07-03,2571.7894269906146
2025-07-04,2591.404738856981
2025-07-05,2508.1799969444933
2025-07-06,2518.7352797871067
2025-07-07,2571.8449332965424
2025-07-08,2544.6198548955517
2025-07-09,2615.9720365617945
2025-07-10,2774.4934175074322
2025-07-11,2954.0301286246477
2025-07-12,2958.52187428924
2025-07-13,2941.537613195426
2025-07-14,2979.3943199811943
2025-07-15,3012.9569193138013
2025-07-16,3134.2373508867777
2025-07-17,3367.8305040053124
2025-07-18,3478.87042044873
2025-07-19,3548.5783262378736
2025-07-20,3595.3164352937874
2025-07-21,3761.5009867656327
2025-07-22,3766.497787853983
2025-07-23,3747.918672849105
2025-07-24,3630.7431177818776
2025-07-25,3707.0770682702737
2025-07-26,3726.5159271077305
2025-07-27,3760.6453498666
2025-07-28,3870.8733406914275
2025-07-29,3791.3730875111683
2025-07-30,3791.2105253987665
2025-07-31,3804.3320763813017
2025-08-01,3692.4514476880872
2025-08-02,3483.464569084711
2025-08-03,3394.8346200877318
2025-08-04,3497.371373267909
2025-08-05,3712.5464982611925
2025-08-06,3614.7065292557904
2025-08-07,3682.834289215556
2025-08-08,3912.806708353452
2025-08-09,4011.158831195634
2025-08-10,4262.952484492737
2025-08-11,4254.757511815624
2025-08-12,4228.754124449457
2025-08-13,4593.872347169558
2025-08-14,4763.822279977464
2025-08-15,4555.503192048122
2025-08-16,4426.216431854096
2025-08-17,4423.690268615512
2025-08-18,4484.243792194539
2025-08-19,4314.632261226043
2025-08-20,4074.0346047228672
2025-08-21,4329.812760378432
2025-08-22,4225.177775930313
2025-08-23,4829.058876513837
2025-08-24,4775.227819829003
2025-08-25,4783.0898103882755
2025-08-26,4380.80177695423
2025-08-27,4601.468562644458
2025-08-28,4503.087145436146
2025-08-29,4500.826118311196
2025-08-30,4371.281772143148
2025-08-31,4370.0637995747375
2025-09-01,4390.026553148216
2025-09-02,4304.6329788114945
2025-09-03,4326.96171656298
2025-09-04,4454.400691054109
2025-09-05,4301.530223582068
2025-09-06,4305.328487991996
2025-09-07,4276.248093007091
2025-09-08,4308.632467970158
2025-09-09,4302.938695657721
2025-09-10,4312.746735009694
2025-09-11,4350.141368685033
2025-09-12,4460.566133388252
2025-09-13,4710.865224706342
2025-09-14,4666.603048517599
2025-09-15,4609.499588971356
2025-09-16,4524.837295440339
2025-09-17,4503.74763214524
2025-09-18,4592.041269952684
2025-09-19,4591.220064589238
2025-09-20,4469.871906910386
2025-09-21,4482.309357348542
2025-09-22,4453.877274672945
2025-09-23,4202.373213266069
2025-09-24,4167.367537390098
2025-09-25,4153.036116538894
2025-09-26,3868.7342581092676
2025-09-27,4037.3898943031622
2025-09-28,4019.5567216434483
2025-09-29,4138.78539370331
2025-09-30,4217.017100151943
2025-10-01,4145.458245460099
2025-10-02,4343.165283167496
2025-10-03,4488.1404216033225
2025-10-04,4519.976621768036
2025-10-05,4487.937147921525
2025-10-06,4516.160722392763
2025-10-07,4692.235864684468
2025-10-08,4453.9500928778525
2025-10-09,4527.536905338665
2025-10-10,4371.394908512143
2025-10-11,3845.3034151143256
2025-10-12,3750.3610468146358
2025-10-13,4157.568669121251
2025-10-14,4246.003765181497
2025-10-15,4129.601219136875
2025-10-16,3983.694692352154
2025-10-17,3888.273761588555
2025-10-18,3831.609948652472
2025-10-19,3888.179854340156
2025-10-20,3984.3944058341663
2025-10-21,3979.81487168913
2025-10-22,3876.052333546633
2025-10-23,3801.190826914806
2025-10-24,3855.345993216563
2025-10-25,3933.0448968097053
2025-10-26,3954.1342012552013
2025-10-27,4161.785970689681
2025-10-28,4122.477880615214
2025-10-29,3985.803827258565
2025-10-30,3897.45731907993
2025-10-31,3803.1410126121386
2025-11-01,3849.3264855953626
2025-11-02,3872.50391419509
2025-11-03,3909.779925213851
2025-11-04,3595.487857233987
2025-11-05,3297.714208529564
2025-11-06,3461.729212663383
2025-11-07,3306.7416480194734
2025-11-08,3433.546723849059
2025-11-09,3405.5437692143737
2025-11-10,3577.3220211602047
2025-11-11,3564.321812037328
2025-11-12,3412.6488845935773
2025-11-13,3409.889102158199
2025-11-14,3225.2753379273313
2025-11-15,3108.330139767713
2025-11-16,3169.1050823983605
2025-11-17,3097.0885829313174
2025-11-18,3021.50783440449
2025-11-19,3116.089698403633
2025-11-20,3010.3753040748325
2025-11-21,2831.946783561287
2025-11-22,2768.2388242362827
2025-11-23,2768.069593481926
2025-11-24,2800.5362031646537
2025-11-25,2956.485533867989
2025-11-26,2953.322998287931
2025-11-27,3028.1513545609337
2025-11-28,3013.4374790393176
2025-11-29,3032.971065487638
2025-11-30,2991.997110595726
2025-12-01,2996.589001561035
2025-12-02,2800.906514903518
2025-12-03,2991.5343387977637
