strategy,alpha_diff_bin,count
better_return,-1.0,5851
better_return,-0.995,5304
better_return,-0.99,5295
better_return,-0.985,5111
better_return,-0.98,6307
better_return,-0.975,5453
better_return,-0.97,6768
better_return,-0.965,6508
better_return,-0.96,8511
better_return,-0.955,10952
better_return,-0.95,7332
better_return,-0.945,7041
better_return,-0.94,6427
better_return,-0.935,7173
better_return,-0.93,6855
better_return,-0.925,6970
better_return,-0.92,7468
better_return,-0.915,6662
better_return,-0.91,6474
better_return,-0.905,6404
better_return,-0.9,11914
better_return,-0.895,6772
better_return,-0.89,8576
better_return,-0.885,7353
better_return,-0.88,7870
better_return,-0.875,7857
better_return,-0.87,7923
better_return,-0.865,9500
better_return,-0.86,7804
better_return,-0.855,22191
better_return,-0.85,8876
better_return,-0.845,8122
better_return,-0.84,9607
better_return,-0.835,9029
better_return,-0.83,9169
better_return,-0.825,10102
better_return,-0.82,9832
better_return,-0.815,9656
better_return,-0.81,10946
better_return,-0.805,9508
better_return,-0.8,10171
better_return,-0.795,9985
better_return,-0.79,10477
better_return,-0.785,10134
better_return,-0.78,10380
better_return,-0.775,10768
better_return,-0.77,12148
better_return,-0.765,10818
better_return,-0.76,12569
better_return,-0.755,15134
better_return,-0.75,28353
better_return,-0.745,12644
better_return,-0.74,11842
better_return,-0.735,13093
better_return,-0.73,28716
better_return,-0.725,13396
better_return,-0.72,13062
better_return,-0.715,13639
better_return,-0.71,15879
better_return,-0.705,18490
better_return,-0.7,15298
better_return,-0.695,16397
better_return,-0.69,17502
better_return,-0.685,16709
better_return,-0.68,15434
better_return,-0.675,18130
better_return,-0.67,118806
better_return,-0.665,61319
better_return,-0.66,30577
better_return,-0.655,39534
better_return,-0.65,20827
better_return,-0.645,19397
better_return,-0.64,34866
better_return,-0.635,20277
better_return,-0.63,20243
better_return,-0.625,20889
better_return,-0.62,19866
better_return,-0.615,22976
better_return,-0.61,20261
better_return,-0.605,22717
better_return,-0.6,22157
better_return,-0.595,23402
better_return,-0.59,24389
better_return,-0.585,31656
better_return,-0.58,24000
better_return,-0.575,25599
better_return,-0.57,25698
better_return,-0.565,26786
better_return,-0.56,27913
better_return,-0.555,32063
better_return,-0.55,28056
better_return,-0.545,29998
better_return,-0.54,31364
better_return,-0.535,85428
better_return,-0.53,34817
better_return,-0.525,34036
better_return,-0.52,51946
better_return,-0.515,34980
better_return,-0.51,34812
better_return,-0.505,38082
better_return,-0.5,38508
better_return,-0.495,45653
better_return,-0.49,40509
better_return,-0.485,40533
better_return,-0.48,43748
better_return,-0.475,54287
better_return,-0.47,48633
better_return,-0.465,63609
better_return,-0.46,49915
better_return,-0.455,49648
better_return,-0.45,50584
better_return,-0.445,53848
better_return,-0.44,56897
better_return,-0.435,56310
better_return,-0.43,109637
better_return,-0.425,80431
better_return,-0.42,78046
better_return,-0.415,70458
better_return,-0.41,83487
better_return,-0.405,77823
better_return,-0.4,71562
better_return,-0.395,80079
better_return,-0.39,72137
better_return,-0.385,73535
better_return,-0.38,78906
better_return,-0.375,81461
better_return,-0.37,80137
better_return,-0.365,96597
better_return,-0.36,91017
better_return,-0.355,103698
better_return,-0.35,100366
better_return,-0.345,100993
better_return,-0.34,157941
better_return,-0.335,107131
better_return,-0.33,106706
better_return,-0.325,116079
better_return,-0.32,120750
better_return,-0.315,124093
better_return,-0.31,121014
better_return,-0.305,350064
better_return,-0.3,147612
better_return,-0.295,156336
better_return,-0.29,145544
better_return,-0.285,146354
better_return,-0.28,296581
better_return,-0.275,216547
better_return,-0.27,184157
better_return,-0.265,176030
better_return,-0.26,187190
better_return,-0.255,216561
better_return,-0.25,197374
better_return,-0.245,201891
better_return,-0.24,212670
better_return,-0.235,219590
better_return,-0.23,378469
better_return,-0.225,257086
better_return,-0.22,311242
better_return,-0.215,262698
better_return,-0.21,328356
better_return,-0.205,297195
better_return,-0.2,322820
better_return,-0.195,436213
better_return,-0.19,385456
better_return,-0.185,350273
better_return,-0.18,371282
better_return,-0.175,380178
better_return,-0.17,419588
better_return,-0.165,554459
better_return,-0.16,492105
better_return,-0.155,471271
better_return,-0.15,523177
better_return,-0.145,525460
better_return,-0.14,552008
better_return,-0.135,598421
better_return,-0.13,670766
better_return,-0.125,731583
better_return,-0.12,844451
better_return,-0.115,763587
better_return,-0.11,791603
better_return,-0.105,856493
better_return,-0.1,1016518
better_return,-0.095,1071141
better_return,-0.09,1084784
better_return,-0.085,1148357
better_return,-0.08,1199693
better_return,-0.075,1556373
better_return,-0.07,1459984
better_return,-0.065,1645728
better_return,-0.06,1975984
better_return,-0.055,2034819
better_return,-0.05,2199746
better_return,-0.045,2488078
better_return,-0.04,2625628
better_return,-0.035,3058745
better_return,-0.03,3868959
better_return,-0.025,4569398
better_return,-0.02,5980726
better_return,-0.015,6724051
better_return,-0.01,9751239
better_return,-0.005,43859954
better_return,0.0,37571854
better_return,0.005,9509957
better_return,0.01,8274001
better_return,0.015,5892810
better_return,0.02,5047421
better_return,0.025,3618687
better_return,0.03,3122906
better_return,0.035,2676048
better_return,0.04,2404232
better_return,0.045,2049495
better_return,0.05,1821039
better_return,0.055,1639614
better_return,0.06,1557602
better_return,0.065,1427674
better_return,0.07,1416229
better_return,0.075,1284043
better_return,0.08,1021032
better_return,0.085,987821
better_return,0.09,1014770
better_return,0.095,1031117
better_return,0.1,782043
better_return,0.105,898177
better_return,0.11,710593
better_return,0.115,649037
better_return,0.12,676651
better_return,0.125,600961
better_return,0.13,566849
better_return,0.135,623910
better_return,0.14,797197
better_return,0.145,492005
better_return,0.15,606023
better_return,0.155,577864
better_return,0.16,391146
better_return,0.165,377762
better_return,0.17,373362
better_return,0.175,350972
better_return,0.18,325726
better_return,0.185,370335
better_return,0.19,334670
better_return,0.195,359991
better_return,0.2,270651
better_return,0.205,267254
better_return,0.21,350800
better_return,0.215,241328
better_return,0.22,303295
better_return,0.225,360773
better_return,0.23,208285
better_return,0.235,369272
better_return,0.24,222521
better_return,0.245,182838
better_return,0.25,179013
better_return,0.255,236188
better_return,0.26,175078
better_return,0.265,165956
better_return,0.27,194907
better_return,0.275,316674
better_return,0.28,146053
better_return,0.285,154513
better_return,0.29,152165
better_return,0.295,203059
better_return,0.3,167164
better_return,0.305,126742
better_return,0.31,108801
better_return,0.315,115180
better_return,0.32,138087
better_return,0.325,230118
better_return,0.33,124267
better_return,0.335,116780
better_return,0.34,106367
better_return,0.345,99564
better_return,0.35,87522
better_return,0.355,82168
better_return,0.36,87442
better_return,0.365,74824
better_return,0.37,72457
better_return,0.375,72636
better_return,0.38,71756
better_return,0.385,73042
better_return,0.39,65711
better_return,0.395,67293
better_return,0.4,60524
better_return,0.405,60095
better_return,0.41,58674
better_return,0.415,62151
better_return,0.42,62547
better_return,0.425,53571
better_return,0.43,55827
better_return,0.435,50842
better_return,0.44,62754
better_return,0.445,45920
better_return,0.45,46317
better_return,0.455,45084
better_return,0.46,44252
better_return,0.465,44086
better_return,0.47,45264
better_return,0.475,41780
better_return,0.48,41362
better_return,0.485,42117
better_return,0.49,41337
better_return,0.495,44024
better_return,0.5,48534
better_return,0.505,84153
better_return,0.51,134910
better_return,0.515,35680
better_return,0.52,31745
better_return,0.525,31509
better_return,0.53,30155
better_return,0.535,29585
better_return,0.54,29151
better_return,0.545,28559
better_return,0.55,35998
better_return,0.555,32650
better_return,0.56,29170
better_return,0.565,25803
better_return,0.57,28378
better_return,0.575,27530
better_return,0.58,42360
better_return,0.585,23038
better_return,0.59,25351
better_return,0.595,30304
better_return,0.6,24116
better_return,0.605,24853
better_return,0.61,21863
better_return,0.615,21301
better_return,0.62,20049
better_return,0.625,24299
better_return,0.63,21401
better_return,0.635,20513
better_return,0.64,20321
better_return,0.645,18385
better_return,0.65,22640
better_return,0.655,26870
better_return,0.66,21132
better_return,0.665,21666
better_return,0.67,17308
better_return,0.675,16434
better_return,0.68,16393
better_return,0.685,16113
better_return,0.69,15746
better_return,0.695,18104
better_return,0.7,15096
better_return,0.705,15298
better_return,0.71,15441
better_return,0.715,17565
better_return,0.72,20430
better_return,0.725,14167
better_return,0.73,14194
better_return,0.735,14744
better_return,0.74,12784
better_return,0.745,12130
better_return,0.75,12859
better_return,0.755,31028
better_return,0.76,13823
better_return,0.765,12153
better_return,0.77,11191
better_return,0.775,11685
better_return,0.78,10730
better_return,0.785,10989
better_return,0.79,11485
better_return,0.795,11335
better_return,0.8,11814
better_return,0.805,10996
better_return,0.81,9594
better_return,0.815,10329
better_return,0.82,12535
better_return,0.825,9341
better_return,0.83,11851
better_return,0.835,9862
better_return,0.84,9813
better_return,0.845,10486
better_return,0.85,9801
better_return,0.855,23276
better_return,0.86,10813
better_return,0.865,12579
better_return,0.87,9633
better_return,0.875,8466
better_return,0.88,8857
better_return,0.885,12170
better_return,0.89,8136
better_return,0.895,8923
better_return,0.9,11361
better_return,0.905,64896
better_return,0.91,7072
better_return,0.915,8268
better_return,0.92,8162
better_return,0.925,7940
better_return,0.93,9560
better_return,0.935,6688
better_return,0.94,8470
better_return,0.945,6737
better_return,0.95,7390
better_return,0.955,6832
better_return,0.96,7304
better_return,0.965,7186
better_return,0.97,6881
better_return,0.975,6990
better_return,0.98,6494
better_return,0.985,6947
better_return,0.99,6697
better_return,0.995,9807
safer_risk,-1.0,1595
safer_risk,-0.995,1539
safer_risk,-0.99,1723
safer_risk,-0.985,1675
safer_risk,-0.98,1756
safer_risk,-0.975,1816
safer_risk,-0.97,1725
safer_risk,-0.965,1859
safer_risk,-0.96,1865
safer_risk,-0.955,2020
safer_risk,-0.95,1909
safer_risk,-0.945,1790
safer_risk,-0.94,1934
safer_risk,-0.935,1883
safer_risk,-0.93,2063
safer_risk,-0.925,1919
safer_risk,-0.92,1991
safer_risk,-0.915,2120
safer_risk,-0.91,2281
safer_risk,-0.905,2146
safer_risk,-0.9,2428
safer_risk,-0.895,2236
safer_risk,-0.89,2206
safer_risk,-0.885,2238
safer_risk,-0.88,2300
safer_risk,-0.875,2178
safer_risk,-0.87,2317
safer_risk,-0.865,2275
safer_risk,-0.86,2293
safer_risk,-0.855,2461
safer_risk,-0.85,2429
safer_risk,-0.845,2501
safer_risk,-0.84,2594
safer_risk,-0.835,2667
safer_risk,-0.83,3277
safer_risk,-0.825,2821
safer_risk,-0.82,3227
safer_risk,-0.815,3155
safer_risk,-0.81,3210
safer_risk,-0.805,2834
safer_risk,-0.8,3108
safer_risk,-0.795,2882
safer_risk,-0.79,3169
safer_risk,-0.785,3389
safer_risk,-0.78,3816
safer_risk,-0.775,3375
safer_risk,-0.77,3355
safer_risk,-0.765,3984
safer_risk,-0.76,3541
safer_risk,-0.755,3519
safer_risk,-0.75,3752
safer_risk,-0.745,3643
safer_risk,-0.74,3743
safer_risk,-0.735,3830
safer_risk,-0.73,3909
safer_risk,-0.725,4411
safer_risk,-0.72,3952
safer_risk,-0.715,4887
safer_risk,-0.71,4626
safer_risk,-0.705,4260
safer_risk,-0.7,4456
safer_risk,-0.695,4272
safer_risk,-0.69,4320
safer_risk,-0.685,5290
safer_risk,-0.68,4652
safer_risk,-0.675,4708
safer_risk,-0.67,4895
safer_risk,-0.665,4867
safer_risk,-0.66,5351
safer_risk,-0.655,5443
safer_risk,-0.65,5438
safer_risk,-0.645,5363
safer_risk,-0.64,5596
safer_risk,-0.635,5824
safer_risk,-0.63,5887
safer_risk,-0.625,6116
safer_risk,-0.62,6310
safer_risk,-0.615,6801
safer_risk,-0.61,6635
safer_risk,-0.605,7462
safer_risk,-0.6,6940
safer_risk,-0.595,7073
safer_risk,-0.59,7092
safer_risk,-0.585,7210
safer_risk,-0.58,7535
safer_risk,-0.575,8901
safer_risk,-0.57,8237
safer_risk,-0.565,8390
safer_risk,-0.56,8512
safer_risk,-0.555,8855
safer_risk,-0.55,9256
safer_risk,-0.545,9410
safer_risk,-0.54,9185
safer_risk,-0.535,9602
safer_risk,-0.53,9885
safer_risk,-0.525,11359
safer_risk,-0.52,10565
safer_risk,-0.515,10754
safer_risk,-0.51,12960
safer_risk,-0.505,12039
safer_risk,-0.5,13959
safer_risk,-0.495,13118
safer_risk,-0.49,13459
safer_risk,-0.485,13013
safer_risk,-0.48,13910
safer_risk,-0.475,16188
safer_risk,-0.47,18547
safer_risk,-0.465,35264
safer_risk,-0.46,17396
safer_risk,-0.455,17000
safer_risk,-0.45,20521
safer_risk,-0.445,19902
safer_risk,-0.44,20038
safer_risk,-0.435,18512
safer_risk,-0.43,70227
safer_risk,-0.425,42455
safer_risk,-0.42,32884
safer_risk,-0.415,30957
safer_risk,-0.41,29114
safer_risk,-0.405,26955
safer_risk,-0.4,26624
safer_risk,-0.395,29685
safer_risk,-0.39,26992
safer_risk,-0.385,27266
safer_risk,-0.38,27835
safer_risk,-0.375,28123
safer_risk,-0.37,28988
safer_risk,-0.365,30110
safer_risk,-0.36,30726
safer_risk,-0.355,31597
safer_risk,-0.35,34199
safer_risk,-0.345,33970
safer_risk,-0.34,33770
safer_risk,-0.335,35304
safer_risk,-0.33,35607
safer_risk,-0.325,37105
safer_risk,-0.32,40860
safer_risk,-0.315,40560
safer_risk,-0.31,42670
safer_risk,-0.305,44296
safer_risk,-0.3,47927
safer_risk,-0.295,49303
safer_risk,-0.29,50489
safer_risk,-0.285,53322
safer_risk,-0.28,54946
safer_risk,-0.275,56854
safer_risk,-0.27,60636
safer_risk,-0.265,63276
safer_risk,-0.26,65662
safer_risk,-0.255,67638
safer_risk,-0.25,73306
safer_risk,-0.245,78527
safer_risk,-0.24,79411
safer_risk,-0.235,85109
safer_risk,-0.23,89997
safer_risk,-0.225,93578
safer_risk,-0.22,97025
safer_risk,-0.215,106814
safer_risk,-0.21,111267
safer_risk,-0.205,117051
safer_risk,-0.2,123236
safer_risk,-0.195,133817
safer_risk,-0.19,179394
safer_risk,-0.185,177441
safer_risk,-0.18,154392
safer_risk,-0.175,193338
safer_risk,-0.17,189075
safer_risk,-0.165,209215
safer_risk,-0.16,205724
safer_risk,-0.155,228483
safer_risk,-0.15,235573
safer_risk,-0.145,247104
safer_risk,-0.14,268163
safer_risk,-0.135,289524
safer_risk,-0.13,308731
safer_risk,-0.125,341710
safer_risk,-0.12,369697
safer_risk,-0.115,405337
safer_risk,-0.11,432997
safer_risk,-0.105,459929
safer_risk,-0.1,511534
safer_risk,-0.095,560291
safer_risk,-0.09,621625
safer_risk,-0.085,733555
safer_risk,-0.08,738009
safer_risk,-0.075,990502
safer_risk,-0.07,989423
safer_risk,-0.065,1287791
safer_risk,-0.06,1435736
safer_risk,-0.055,1518708
safer_risk,-0.05,1719621
safer_risk,-0.045,2050807
safer_risk,-0.04,2329976
safer_risk,-0.035,3139771
safer_risk,-0.03,4087337
safer_risk,-0.025,4790965
safer_risk,-0.02,6469815
safer_risk,-0.015,8260154
safer_risk,-0.01,11671447
safer_risk,-0.005,53034576
safer_risk,0.0,52898957
safer_risk,0.005,11581153
safer_risk,0.01,9350141
safer_risk,0.015,6522140
safer_risk,0.02,5172826
safer_risk,0.025,4017028
safer_risk,0.03,3058739
safer_risk,0.035,2595711
safer_risk,0.04,2356404
safer_risk,0.045,2197658
safer_risk,0.05,1599565
safer_risk,0.055,1568581
safer_risk,0.06,1406748
safer_risk,0.065,1214476
safer_risk,0.07,1033303
safer_risk,0.075,881992
safer_risk,0.08,800170
safer_risk,0.085,735724
safer_risk,0.09,680825
safer_risk,0.095,650006
safer_risk,0.1,587010
safer_risk,0.105,534396
safer_risk,0.11,487748
safer_risk,0.115,439631
safer_risk,0.12,414619
safer_risk,0.125,390544
safer_risk,0.13,380578
safer_risk,0.135,422312
safer_risk,0.14,300806
safer_risk,0.145,282210
safer_risk,0.15,273210
safer_risk,0.155,251637
safer_risk,0.16,231402
safer_risk,0.165,220397
safer_risk,0.17,211676
safer_risk,0.175,212639
safer_risk,0.18,186989
safer_risk,0.185,173921
safer_risk,0.19,167462
safer_risk,0.195,156441
safer_risk,0.2,149646
safer_risk,0.205,140106
safer_risk,0.21,126925
safer_risk,0.215,118011
safer_risk,0.22,112596
safer_risk,0.225,128388
safer_risk,0.23,103959
safer_risk,0.235,100955
safer_risk,0.24,94871
safer_risk,0.245,89176
safer_risk,0.25,89822
safer_risk,0.255,83858
safer_risk,0.26,82641
safer_risk,0.265,73415
safer_risk,0.27,70324
safer_risk,0.275,65908
safer_risk,0.28,61538
safer_risk,0.285,62650
safer_risk,0.29,59503
safer_risk,0.295,54079
safer_risk,0.3,53873
safer_risk,0.305,49551
safer_risk,0.31,46850
safer_risk,0.315,47485
safer_risk,0.32,46898
safer_risk,0.325,43048
safer_risk,0.33,40093
safer_risk,0.335,37751
safer_risk,0.34,37679
safer_risk,0.345,37187
safer_risk,0.35,34926
safer_risk,0.355,34412
safer_risk,0.36,32040
safer_risk,0.365,31149
safer_risk,0.37,30710
safer_risk,0.375,30168
safer_risk,0.38,28876
safer_risk,0.385,28503
safer_risk,0.39,26267
safer_risk,0.395,26441
safer_risk,0.4,25505
safer_risk,0.405,26447
safer_risk,0.41,25204
safer_risk,0.415,25817
safer_risk,0.42,21526
safer_risk,0.425,21523
safer_risk,0.43,21675
safer_risk,0.435,20936
safer_risk,0.44,19897
safer_risk,0.445,19709
safer_risk,0.45,18501
safer_risk,0.455,17786
safer_risk,0.46,17899
safer_risk,0.465,16823
safer_risk,0.47,16174
safer_risk,0.475,16102
safer_risk,0.48,16480
safer_risk,0.485,15400
safer_risk,0.49,15853
safer_risk,0.495,14604
safer_risk,0.5,13540
safer_risk,0.505,12190
safer_risk,0.51,12599
safer_risk,0.515,12521
safer_risk,0.52,11651
safer_risk,0.525,10650
safer_risk,0.53,11154
safer_risk,0.535,10524
safer_risk,0.54,10736
safer_risk,0.545,10353
safer_risk,0.55,10386
safer_risk,0.555,9425
safer_risk,0.56,12185
safer_risk,0.565,10284
safer_risk,0.57,9625
safer_risk,0.575,28571
safer_risk,0.58,11762
safer_risk,0.585,8813
safer_risk,0.59,9584
safer_risk,0.595,10361
safer_risk,0.6,7974
safer_risk,0.605,9046
safer_risk,0.61,7731
safer_risk,0.615,7448
safer_risk,0.62,7007
safer_risk,0.625,6925
safer_risk,0.63,6943
safer_risk,0.635,7508
safer_risk,0.64,6263
safer_risk,0.645,6139
safer_risk,0.65,5816
safer_risk,0.655,5564
safer_risk,0.66,5682
safer_risk,0.665,6415
safer_risk,0.67,5325
safer_risk,0.675,5697
safer_risk,0.68,6226
safer_risk,0.685,4983
safer_risk,0.69,4961
safer_risk,0.695,5029
safer_risk,0.7,5869
safer_risk,0.705,4773
safer_risk,0.71,4930
safer_risk,0.715,4561
safer_risk,0.72,4450
safer_risk,0.725,4475
safer_risk,0.73,8027
safer_risk,0.735,5116
safer_risk,0.74,4883
safer_risk,0.745,4010
safer_risk,0.75,4225
safer_risk,0.755,4199
safer_risk,0.76,3940
safer_risk,0.765,3786
safer_risk,0.77,4129
safer_risk,0.775,6378
safer_risk,0.78,3452
safer_risk,0.785,3545
safer_risk,0.79,3357
safer_risk,0.795,3239
safer_risk,0.8,3268
safer_risk,0.805,3229
safer_risk,0.81,3241
safer_risk,0.815,3556
safer_risk,0.82,3206
safer_risk,0.825,3143
safer_risk,0.83,3086
safer_risk,0.835,3078
safer_risk,0.84,3072
safer_risk,0.845,3014
safer_risk,0.85,3001
safer_risk,0.855,3117
safer_risk,0.86,2868
safer_risk,0.865,2732
safer_risk,0.87,2662
safer_risk,0.875,2782
safer_risk,0.88,2678
safer_risk,0.885,2583
safer_risk,0.89,3798
safer_risk,0.895,4955
safer_risk,0.9,2620
safer_risk,0.905,2467
safer_risk,0.91,2577
safer_risk,0.915,2427
safer_risk,0.92,2705
safer_risk,0.925,2430
safer_risk,0.93,2390
safer_risk,0.935,2564
safer_risk,0.94,2668
safer_risk,0.945,2710
safer_risk,0.95,3060
safer_risk,0.955,3022
safer_risk,0.96,3019
safer_risk,0.965,3049
safer_risk,0.97,2357
safer_risk,0.975,2184
safer_risk,0.98,2378
safer_risk,0.985,2511
safer_risk,0.99,2105
safer_risk,0.995,2017
max_sharpe,-1.0,9213
max_sharpe,-0.995,10271
max_sharpe,-0.99,10619
max_sharpe,-0.985,15246
max_sharpe,-0.98,10106
max_sharpe,-0.975,12796
max_sharpe,-0.97,11127
max_sharpe,-0.965,12940
max_sharpe,-0.96,10618
max_sharpe,-0.955,10745
max_sharpe,-0.95,10963
max_sharpe,-0.945,12148
max_sharpe,-0.94,13692
max_sharpe,-0.935,12619
max_sharpe,-0.93,12816
max_sharpe,-0.925,11445
max_sharpe,-0.92,12096
max_sharpe,-0.915,12442
max_sharpe,-0.91,12594
max_sharpe,-0.905,12041
max_sharpe,-0.9,13630
max_sharpe,-0.895,14893
max_sharpe,-0.89,13638
max_sharpe,-0.885,13284
max_sharpe,-0.88,13007
max_sharpe,-0.875,12982
max_sharpe,-0.87,14930
max_sharpe,-0.865,14135
max_sharpe,-0.86,14441
max_sharpe,-0.855,15426
max_sharpe,-0.85,14966
max_sharpe,-0.845,15131
max_sharpe,-0.84,18104
max_sharpe,-0.835,17899
max_sharpe,-0.83,17037
max_sharpe,-0.825,17962
max_sharpe,-0.82,19144
max_sharpe,-0.815,20228
max_sharpe,-0.81,21317
max_sharpe,-0.805,22661
max_sharpe,-0.8,19088
max_sharpe,-0.795,19924
max_sharpe,-0.79,19805
max_sharpe,-0.785,23742
max_sharpe,-0.78,21020
max_sharpe,-0.775,21799
max_sharpe,-0.77,35774
max_sharpe,-0.765,22391
max_sharpe,-0.76,26201
max_sharpe,-0.755,24164
max_sharpe,-0.75,38013
max_sharpe,-0.745,24595
max_sharpe,-0.74,25370
max_sharpe,-0.735,26054
max_sharpe,-0.73,41201
max_sharpe,-0.725,25994
max_sharpe,-0.72,30125
max_sharpe,-0.715,81748
max_sharpe,-0.71,29611
max_sharpe,-0.705,32096
max_sharpe,-0.7,28915
max_sharpe,-0.695,29414
max_sharpe,-0.69,29617
max_sharpe,-0.685,31710
max_sharpe,-0.68,29755
max_sharpe,-0.675,30314
max_sharpe,-0.67,135574
max_sharpe,-0.665,77411
max_sharpe,-0.66,43176
max_sharpe,-0.655,39521
max_sharpe,-0.65,39003
max_sharpe,-0.645,37361
max_sharpe,-0.64,38078
max_sharpe,-0.635,38011
max_sharpe,-0.63,40170
max_sharpe,-0.625,41561
max_sharpe,-0.62,39908
max_sharpe,-0.615,41792
max_sharpe,-0.61,45161
max_sharpe,-0.605,89057
max_sharpe,-0.6,107962
max_sharpe,-0.595,66316
max_sharpe,-0.59,57863
max_sharpe,-0.585,189143
max_sharpe,-0.58,83238
max_sharpe,-0.575,62218
max_sharpe,-0.57,59549
max_sharpe,-0.565,72145
max_sharpe,-0.56,54948
max_sharpe,-0.555,52943
max_sharpe,-0.55,59861
max_sharpe,-0.545,58468
max_sharpe,-0.54,60534
max_sharpe,-0.535,64940
max_sharpe,-0.53,70067
max_sharpe,-0.525,67094
max_sharpe,-0.52,66134
max_sharpe,-0.515,69558
max_sharpe,-0.51,74471
max_sharpe,-0.505,73085
max_sharpe,-0.5,78366
max_sharpe,-0.495,79492
max_sharpe,-0.49,76855
max_sharpe,-0.485,76270
max_sharpe,-0.48,83031
max_sharpe,-0.475,94643
max_sharpe,-0.47,92529
max_sharpe,-0.465,88406
max_sharpe,-0.46,93735
max_sharpe,-0.455,97991
max_sharpe,-0.45,99656
max_sharpe,-0.445,100963
max_sharpe,-0.44,119848
max_sharpe,-0.435,105775
max_sharpe,-0.43,102626
max_sharpe,-0.425,104702
max_sharpe,-0.42,120340
max_sharpe,-0.415,117122
max_sharpe,-0.41,125054
max_sharpe,-0.405,265889
max_sharpe,-0.4,136770
max_sharpe,-0.395,146355
max_sharpe,-0.39,139683
max_sharpe,-0.385,137610
max_sharpe,-0.38,143621
max_sharpe,-0.375,144124
max_sharpe,-0.37,158095
max_sharpe,-0.365,179086
max_sharpe,-0.36,156780
max_sharpe,-0.355,162688
max_sharpe,-0.35,170894
max_sharpe,-0.345,171286
max_sharpe,-0.34,181666
max_sharpe,-0.335,185346
max_sharpe,-0.33,192335
max_sharpe,-0.325,200573
max_sharpe,-0.32,243050
max_sharpe,-0.315,373927
max_sharpe,-0.31,227919
max_sharpe,-0.305,307255
max_sharpe,-0.3,240327
max_sharpe,-0.295,266062
max_sharpe,-0.29,256117
max_sharpe,-0.285,271689
max_sharpe,-0.28,286758
max_sharpe,-0.275,280435
max_sharpe,-0.27,308155
max_sharpe,-0.265,316778
max_sharpe,-0.26,511084
max_sharpe,-0.255,368913
max_sharpe,-0.25,352615
max_sharpe,-0.245,364279
max_sharpe,-0.24,368970
max_sharpe,-0.235,392377
max_sharpe,-0.23,413250
max_sharpe,-0.225,433001
max_sharpe,-0.22,454975
max_sharpe,-0.215,511097
max_sharpe,-0.21,484776
max_sharpe,-0.205,518805
max_sharpe,-0.2,539822
max_sharpe,-0.195,570310
max_sharpe,-0.19,674013
max_sharpe,-0.185,609719
max_sharpe,-0.18,671750
max_sharpe,-0.175,661675
max_sharpe,-0.17,701315
max_sharpe,-0.165,855979
max_sharpe,-0.16,909980
max_sharpe,-0.155,908333
max_sharpe,-0.15,829997
max_sharpe,-0.145,874236
max_sharpe,-0.14,928233
max_sharpe,-0.135,930842
max_sharpe,-0.13,1098867
max_sharpe,-0.125,1043203
max_sharpe,-0.12,1245310
max_sharpe,-0.115,1215303
max_sharpe,-0.11,1266695
max_sharpe,-0.105,1431522
max_sharpe,-0.1,1406470
max_sharpe,-0.095,1584876
max_sharpe,-0.09,1548615
max_sharpe,-0.085,1812777
max_sharpe,-0.08,1902316
max_sharpe,-0.075,2121878
max_sharpe,-0.07,2135275
max_sharpe,-0.065,2285302
max_sharpe,-0.06,2195298
max_sharpe,-0.055,2446755
max_sharpe,-0.05,2637697
max_sharpe,-0.045,2861882
max_sharpe,-0.04,3072636
max_sharpe,-0.035,3745553
max_sharpe,-0.03,4665842
max_sharpe,-0.025,4910465
max_sharpe,-0.02,6287216
max_sharpe,-0.015,7241409
max_sharpe,-0.01,9542240
max_sharpe,-0.005,19408390
max_sharpe,0.0,18814906
max_sharpe,0.005,9071305
max_sharpe,0.01,7846440
max_sharpe,0.015,5781498
max_sharpe,0.02,5478615
max_sharpe,0.025,4163761
max_sharpe,0.03,3658086
max_sharpe,0.035,3448903
max_sharpe,0.04,2921793
max_sharpe,0.045,2821614
max_sharpe,0.05,2340036
max_sharpe,0.055,2193147
max_sharpe,0.06,1926571
max_sharpe,0.065,2042680
max_sharpe,0.07,1860570
max_sharpe,0.075,1852409
max_sharpe,0.08,1490084
max_sharpe,0.085,1550590
max_sharpe,0.09,1840710
max_sharpe,0.095,1301407
max_sharpe,0.1,1341342
max_sharpe,0.105,1316560
max_sharpe,0.11,1100284
max_sharpe,0.115,1190741
max_sharpe,0.12,1153586
max_sharpe,0.125,1104863
max_sharpe,0.13,1062293
max_sharpe,0.135,912965
max_sharpe,0.14,783319
max_sharpe,0.145,782382
max_sharpe,0.15,776758
max_sharpe,0.155,685561
max_sharpe,0.16,770355
max_sharpe,0.165,676041
max_sharpe,0.17,608206
max_sharpe,0.175,588201
max_sharpe,0.18,556491
max_sharpe,0.185,550542
max_sharpe,0.19,553428
max_sharpe,0.195,506759
max_sharpe,0.2,469244
max_sharpe,0.205,441666
max_sharpe,0.21,442216
max_sharpe,0.215,436976
max_sharpe,0.22,397232
max_sharpe,0.225,592543
max_sharpe,0.23,367672
max_sharpe,0.235,343095
max_sharpe,0.24,350775
max_sharpe,0.245,462932
max_sharpe,0.25,320952
max_sharpe,0.255,347917
max_sharpe,0.26,452087
max_sharpe,0.265,265070
max_sharpe,0.27,269950
max_sharpe,0.275,247359
max_sharpe,0.28,252765
max_sharpe,0.285,232491
max_sharpe,0.29,239330
max_sharpe,0.295,293992
max_sharpe,0.3,246835
max_sharpe,0.305,196983
max_sharpe,0.31,190212
max_sharpe,0.315,185312
max_sharpe,0.32,178519
max_sharpe,0.325,182331
max_sharpe,0.33,168885
max_sharpe,0.335,170832
max_sharpe,0.34,176409
max_sharpe,0.345,149941
max_sharpe,0.35,148754
max_sharpe,0.355,154738
max_sharpe,0.36,156874
max_sharpe,0.365,282692
max_sharpe,0.37,126039
max_sharpe,0.375,123715
max_sharpe,0.38,124170
max_sharpe,0.385,116335
max_sharpe,0.39,109346
max_sharpe,0.395,112302
max_sharpe,0.4,99465
max_sharpe,0.405,102048
max_sharpe,0.41,99392
max_sharpe,0.415,98400
max_sharpe,0.42,96887
max_sharpe,0.425,89830
max_sharpe,0.43,85416
max_sharpe,0.435,81936
max_sharpe,0.44,80029
max_sharpe,0.445,77182
max_sharpe,0.45,79616
max_sharpe,0.455,78208
max_sharpe,0.46,70713
max_sharpe,0.465,72809
max_sharpe,0.47,71096
max_sharpe,0.475,76458
max_sharpe,0.48,66561
max_sharpe,0.485,67475
max_sharpe,0.49,68727
max_sharpe,0.495,72114
max_sharpe,0.5,70021
max_sharpe,0.505,86952
max_sharpe,0.51,172850
max_sharpe,0.515,51716
max_sharpe,0.52,54168
max_sharpe,0.525,49871
max_sharpe,0.53,48458
max_sharpe,0.535,50229
max_sharpe,0.54,47817
max_sharpe,0.545,48646
max_sharpe,0.55,47397
max_sharpe,0.555,46675
max_sharpe,0.56,44657
max_sharpe,0.565,49919
max_sharpe,0.57,43825
max_sharpe,0.575,60674
max_sharpe,0.58,43929
max_sharpe,0.585,38599
max_sharpe,0.59,38892
max_sharpe,0.595,39345
max_sharpe,0.6,36885
max_sharpe,0.605,34971
max_sharpe,0.61,34671
max_sharpe,0.615,38896
max_sharpe,0.62,34954
max_sharpe,0.625,36928
max_sharpe,0.63,36730
max_sharpe,0.635,32593
max_sharpe,0.64,31515
max_sharpe,0.645,30570
max_sharpe,0.65,30916
max_sharpe,0.655,31565
max_sharpe,0.66,28939
max_sharpe,0.665,28620
max_sharpe,0.67,27436
max_sharpe,0.675,27605
max_sharpe,0.68,27476
max_sharpe,0.685,31026
max_sharpe,0.69,27154
max_sharpe,0.695,27950
max_sharpe,0.7,27248
max_sharpe,0.705,25701
max_sharpe,0.71,27452
max_sharpe,0.715,26124
max_sharpe,0.72,23046
max_sharpe,0.725,22366
max_sharpe,0.73,22846
max_sharpe,0.735,24521
max_sharpe,0.74,22605
max_sharpe,0.745,21831
max_sharpe,0.75,19987
max_sharpe,0.755,20037
max_sharpe,0.76,20401
max_sharpe,0.765,19655
max_sharpe,0.77,19320
max_sharpe,0.775,19458
max_sharpe,0.78,18603
max_sharpe,0.785,17408
max_sharpe,0.79,17577
max_sharpe,0.795,71266
max_sharpe,0.8,16391
max_sharpe,0.805,15982
max_sharpe,0.81,15745
max_sharpe,0.815,15945
max_sharpe,0.82,16782
max_sharpe,0.825,14883
max_sharpe,0.83,17258
max_sharpe,0.835,15664
max_sharpe,0.84,14474
max_sharpe,0.845,13849
max_sharpe,0.85,14631
max_sharpe,0.855,14127
max_sharpe,0.86,69701
max_sharpe,0.865,14486
max_sharpe,0.87,16283
max_sharpe,0.875,14382
max_sharpe,0.88,13022
max_sharpe,0.885,14026
max_sharpe,0.89,31930
max_sharpe,0.895,15292
max_sharpe,0.9,18255
max_sharpe,0.905,14455
max_sharpe,0.91,11933
max_sharpe,0.915,11547
max_sharpe,0.92,13096
max_sharpe,0.925,11967
max_sharpe,0.93,11560
max_sharpe,0.935,12732
max_sharpe,0.94,12469
max_sharpe,0.945,13033
max_sharpe,0.95,11578
max_sharpe,0.955,11667
max_sharpe,0.96,10748
max_sharpe,0.965,14413
max_sharpe,0.97,10971
max_sharpe,0.975,10483
max_sharpe,0.98,10266
max_sharpe,0.985,10698
max_sharpe,0.99,10481
max_sharpe,0.995,12180
equal_weight,-1.0,5490
equal_weight,-0.995,5093
equal_weight,-0.99,4992
equal_weight,-0.985,5276
equal_weight,-0.98,5689
equal_weight,-0.975,8639
equal_weight,-0.97,5373
equal_weight,-0.965,5428
equal_weight,-0.96,5389
equal_weight,-0.955,5560
equal_weight,-0.95,5415
equal_weight,-0.945,5621
equal_weight,-0.94,5656
equal_weight,-0.935,5855
equal_weight,-0.93,21465
equal_weight,-0.925,24460
equal_weight,-0.92,21599
equal_weight,-0.915,23638
equal_weight,-0.91,14316
equal_weight,-0.905,15264
equal_weight,-0.9,12363
equal_weight,-0.895,13491
equal_weight,-0.89,11585
equal_weight,-0.885,12778
equal_weight,-0.88,10911
equal_weight,-0.875,11109
equal_weight,-0.87,9317
equal_weight,-0.865,9730
equal_weight,-0.86,10181
equal_weight,-0.855,10021
equal_weight,-0.85,9578
equal_weight,-0.845,10410
equal_weight,-0.84,10541
equal_weight,-0.835,12233
equal_weight,-0.83,9669
equal_weight,-0.825,9629
equal_weight,-0.82,9967
equal_weight,-0.815,11871
equal_weight,-0.81,10184
equal_weight,-0.805,9528
equal_weight,-0.8,10892
equal_weight,-0.795,10834
equal_weight,-0.79,14254
equal_weight,-0.785,13498
equal_weight,-0.78,11318
equal_weight,-0.775,12140
equal_weight,-0.77,13193
equal_weight,-0.765,13030
equal_weight,-0.76,11621
equal_weight,-0.755,11723
equal_weight,-0.75,11905
equal_weight,-0.745,12374
equal_weight,-0.74,13316
equal_weight,-0.735,13994
equal_weight,-0.73,12716
equal_weight,-0.725,12857
equal_weight,-0.72,12289
equal_weight,-0.715,12752
equal_weight,-0.71,33492
equal_weight,-0.705,13705
equal_weight,-0.7,14322
equal_weight,-0.695,15050
equal_weight,-0.69,13659
equal_weight,-0.685,14833
equal_weight,-0.68,14806
equal_weight,-0.675,14699
equal_weight,-0.67,16212
equal_weight,-0.665,16488
equal_weight,-0.66,16377
equal_weight,-0.655,19806
equal_weight,-0.65,17556
equal_weight,-0.645,18254
equal_weight,-0.64,19842
equal_weight,-0.635,19151
equal_weight,-0.63,19701
equal_weight,-0.625,21146
equal_weight,-0.62,21416
equal_weight,-0.615,23027
equal_weight,-0.61,27501
equal_weight,-0.605,26181
equal_weight,-0.6,24750
equal_weight,-0.595,25051
equal_weight,-0.59,28812
equal_weight,-0.585,29939
equal_weight,-0.58,22552
equal_weight,-0.575,28787
equal_weight,-0.57,27930
equal_weight,-0.565,27728
equal_weight,-0.56,26829
equal_weight,-0.555,29343
equal_weight,-0.55,32020
equal_weight,-0.545,33316
equal_weight,-0.54,29132
equal_weight,-0.535,30420
equal_weight,-0.53,33182
equal_weight,-0.525,50859
equal_weight,-0.52,36037
equal_weight,-0.515,34079
equal_weight,-0.51,34365
equal_weight,-0.505,36029
equal_weight,-0.5,38455
equal_weight,-0.495,38278
equal_weight,-0.49,39473
equal_weight,-0.485,56643
equal_weight,-0.48,40408
equal_weight,-0.475,42897
equal_weight,-0.47,44232
equal_weight,-0.465,47150
equal_weight,-0.46,50382
equal_weight,-0.455,48320
equal_weight,-0.45,51736
equal_weight,-0.445,53552
equal_weight,-0.44,55982
equal_weight,-0.435,57762
equal_weight,-0.43,55566
equal_weight,-0.425,57940
equal_weight,-0.42,61229
equal_weight,-0.415,59223
equal_weight,-0.41,82667
equal_weight,-0.405,87228
equal_weight,-0.4,72235
equal_weight,-0.395,66781
equal_weight,-0.39,75422
equal_weight,-0.385,73601
equal_weight,-0.38,106614
equal_weight,-0.375,82638
equal_weight,-0.37,280213
equal_weight,-0.365,97765
equal_weight,-0.36,113421
equal_weight,-0.355,93120
equal_weight,-0.35,94863
equal_weight,-0.345,98746
equal_weight,-0.34,107785
equal_weight,-0.335,303087
equal_weight,-0.33,149314
equal_weight,-0.325,246838
equal_weight,-0.32,185994
equal_weight,-0.315,139112
equal_weight,-0.31,128574
equal_weight,-0.305,140442
equal_weight,-0.3,143252
equal_weight,-0.295,158429
equal_weight,-0.29,216619
equal_weight,-0.285,167847
equal_weight,-0.28,184454
equal_weight,-0.275,177125
equal_weight,-0.27,191614
equal_weight,-0.265,278841
equal_weight,-0.26,206030
equal_weight,-0.255,219774
equal_weight,-0.25,292820
equal_weight,-0.245,270856
equal_weight,-0.24,268562
equal_weight,-0.235,261173
equal_weight,-0.23,457370
equal_weight,-0.225,321481
equal_weight,-0.22,332451
equal_weight,-0.215,345072
equal_weight,-0.21,390716
equal_weight,-0.205,454930
equal_weight,-0.2,401803
equal_weight,-0.195,445495
equal_weight,-0.19,448141
equal_weight,-0.185,486657
equal_weight,-0.18,670059
equal_weight,-0.175,671568
equal_weight,-0.17,771487
equal_weight,-0.165,770527
equal_weight,-0.16,708390
equal_weight,-0.155,846025
equal_weight,-0.15,773137
equal_weight,-0.145,1011029
equal_weight,-0.14,885321
equal_weight,-0.135,949693
equal_weight,-0.13,991393
equal_weight,-0.125,1261245
equal_weight,-0.12,1272615
equal_weight,-0.115,1397244
equal_weight,-0.11,1401092
equal_weight,-0.105,1525372
equal_weight,-0.1,1932132
equal_weight,-0.095,1929175
equal_weight,-0.09,1902234
equal_weight,-0.085,2319845
equal_weight,-0.08,2178759
equal_weight,-0.075,2346529
equal_weight,-0.07,2664531
equal_weight,-0.065,2920110
equal_weight,-0.06,3071865
equal_weight,-0.055,3398312
equal_weight,-0.05,3373779
equal_weight,-0.045,4037098
equal_weight,-0.04,4304596
equal_weight,-0.035,4504809
equal_weight,-0.03,5179967
equal_weight,-0.025,5186195
equal_weight,-0.02,6268304
equal_weight,-0.015,6655633
equal_weight,-0.01,8273285
equal_weight,-0.005,15831138
equal_weight,0.0,15230213
equal_weight,0.005,8005480
equal_weight,0.01,6333920
equal_weight,0.015,5872243
equal_weight,0.02,5383177
equal_weight,0.025,4748852
equal_weight,0.03,4327681
equal_weight,0.035,4319543
equal_weight,0.04,3674794
equal_weight,0.045,3655554
equal_weight,0.05,3427376
equal_weight,0.055,3459029
equal_weight,0.06,2781398
equal_weight,0.065,2803387
equal_weight,0.07,2455076
equal_weight,0.075,2101241
equal_weight,0.08,2252481
equal_weight,0.085,1719588
equal_weight,0.09,1695430
equal_weight,0.095,1567903
equal_weight,0.1,1432052
equal_weight,0.105,1331646
equal_weight,0.11,1313162
equal_weight,0.115,1623943
equal_weight,0.12,1277395
equal_weight,0.125,1162224
equal_weight,0.13,1176215
equal_weight,0.135,1181267
equal_weight,0.14,1097888
equal_weight,0.145,779989
equal_weight,0.15,764547
equal_weight,0.155,766817
equal_weight,0.16,683276
equal_weight,0.165,673087
equal_weight,0.17,721769
equal_weight,0.175,597563
equal_weight,0.18,546530
equal_weight,0.185,509820
equal_weight,0.19,483000
equal_weight,0.195,450903
equal_weight,0.2,469746
equal_weight,0.205,598710
equal_weight,0.21,400874
equal_weight,0.215,465825
equal_weight,0.22,363792
equal_weight,0.225,319061
equal_weight,0.23,330524
equal_weight,0.235,467382
equal_weight,0.24,397281
equal_weight,0.245,258686
equal_weight,0.25,298315
equal_weight,0.255,259380
equal_weight,0.26,237376
equal_weight,0.265,220798
equal_weight,0.27,204608
equal_weight,0.275,214577
equal_weight,0.28,337987
equal_weight,0.285,197017
equal_weight,0.29,198323
equal_weight,0.295,169068
equal_weight,0.3,157584
equal_weight,0.305,147506
equal_weight,0.31,147964
equal_weight,0.315,145607
equal_weight,0.32,186872
equal_weight,0.325,148121
equal_weight,0.33,276805
equal_weight,0.335,131271
equal_weight,0.34,266257
equal_weight,0.345,118114
equal_weight,0.35,114973
equal_weight,0.355,129847
equal_weight,0.36,109372
equal_weight,0.365,113529
equal_weight,0.37,123895
equal_weight,0.375,93605
equal_weight,0.38,91187
equal_weight,0.385,89762
equal_weight,0.39,85644
equal_weight,0.395,86491
equal_weight,0.4,83930
equal_weight,0.405,82895
equal_weight,0.41,72140
equal_weight,0.415,69486
equal_weight,0.42,72154
equal_weight,0.425,66978
equal_weight,0.43,62559
equal_weight,0.435,60043
equal_weight,0.44,123889
equal_weight,0.445,79263
equal_weight,0.45,63778
equal_weight,0.455,54967
equal_weight,0.46,107655
equal_weight,0.465,54980
equal_weight,0.47,54233
equal_weight,0.475,63206
equal_weight,0.48,45856
equal_weight,0.485,45336
equal_weight,0.49,66876
equal_weight,0.495,43166
equal_weight,0.5,47531
equal_weight,0.505,43103
equal_weight,0.51,41264
equal_weight,0.515,44720
equal_weight,0.52,42783
equal_weight,0.525,36415
equal_weight,0.53,35740
equal_weight,0.535,37637
equal_weight,0.54,93835
equal_weight,0.545,35284
equal_weight,0.55,37876
equal_weight,0.555,41196
equal_weight,0.56,39224
equal_weight,0.565,33510
equal_weight,0.57,30740
equal_weight,0.575,36828
equal_weight,0.58,35300
equal_weight,0.585,33922
equal_weight,0.59,30970
equal_weight,0.595,25976
equal_weight,0.6,25759
equal_weight,0.605,43647
equal_weight,0.61,28042
equal_weight,0.615,25973
equal_weight,0.62,26363
equal_weight,0.625,25835
equal_weight,0.63,25196
equal_weight,0.635,22778
equal_weight,0.64,22748
equal_weight,0.645,28422
equal_weight,0.65,24886
equal_weight,0.655,21959
equal_weight,0.66,23197
equal_weight,0.665,20358
equal_weight,0.67,19905
equal_weight,0.675,21105
equal_weight,0.68,21320
equal_weight,0.685,21654
equal_weight,0.69,20904
equal_weight,0.695,21949
equal_weight,0.7,28270
equal_weight,0.705,40682
equal_weight,0.71,120583
equal_weight,0.715,15580
equal_weight,0.72,19461
equal_weight,0.725,15320
equal_weight,0.73,14441
equal_weight,0.735,14508
equal_weight,0.74,14803
equal_weight,0.745,13575
equal_weight,0.75,13772
equal_weight,0.755,17252
equal_weight,0.76,14517
equal_weight,0.765,13774
equal_weight,0.77,12803
equal_weight,0.775,12775
equal_weight,0.78,14568
equal_weight,0.785,14072
equal_weight,0.79,13535
equal_weight,0.795,15326
equal_weight,0.8,16482
equal_weight,0.805,14762
equal_weight,0.81,14155
equal_weight,0.815,11859
equal_weight,0.82,10084
equal_weight,0.825,10425
equal_weight,0.83,11466
equal_weight,0.835,12091
equal_weight,0.84,13146
equal_weight,0.845,10591
equal_weight,0.85,9819
equal_weight,0.855,10433
equal_weight,0.86,9388
equal_weight,0.865,9406
equal_weight,0.87,9162
equal_weight,0.875,8927
equal_weight,0.88,8720
equal_weight,0.885,8921
equal_weight,0.89,10394
equal_weight,0.895,8817
equal_weight,0.9,8151
equal_weight,0.905,9454
equal_weight,0.91,8180
equal_weight,0.915,8043
equal_weight,0.92,28050
equal_weight,0.925,11135
equal_weight,0.93,7981
equal_weight,0.935,8347
equal_weight,0.94,8467
equal_weight,0.945,9231
equal_weight,0.95,8039
equal_weight,0.955,8472
equal_weight,0.96,7199
equal_weight,0.965,7643
equal_weight,0.97,7689
equal_weight,0.975,7117
equal_weight,0.98,7395
equal_weight,0.985,6936
equal_weight,0.99,7199
equal_weight,0.995,8412
mcap_weight,-1.0,10108
mcap_weight,-0.995,10938
mcap_weight,-0.99,9593
mcap_weight,-0.985,9312
mcap_weight,-0.98,9144
mcap_weight,-0.975,8639
mcap_weight,-0.97,9379
mcap_weight,-0.965,9998
mcap_weight,-0.96,9591
mcap_weight,-0.955,11074
mcap_weight,-0.95,12375
mcap_weight,-0.945,9828
mcap_weight,-0.94,9629
mcap_weight,-0.935,9943
mcap_weight,-0.93,9662
mcap_weight,-0.925,10227
mcap_weight,-0.92,10819
mcap_weight,-0.915,13777
mcap_weight,-0.91,11466
mcap_weight,-0.905,10583
mcap_weight,-0.9,10822
mcap_weight,-0.895,10746
mcap_weight,-0.89,11021
mcap_weight,-0.885,12080
mcap_weight,-0.88,12967
mcap_weight,-0.875,12487
mcap_weight,-0.87,12567
mcap_weight,-0.865,13027
mcap_weight,-0.86,13235
mcap_weight,-0.855,13038
mcap_weight,-0.85,13506
mcap_weight,-0.845,15009
mcap_weight,-0.84,13334
mcap_weight,-0.835,13981
mcap_weight,-0.83,14097
mcap_weight,-0.825,13697
mcap_weight,-0.82,13781
mcap_weight,-0.815,14700
mcap_weight,-0.81,14072
mcap_weight,-0.805,14872
mcap_weight,-0.8,16461
mcap_weight,-0.795,17494
mcap_weight,-0.79,16478
mcap_weight,-0.785,15857
mcap_weight,-0.78,16292
mcap_weight,-0.775,16355
mcap_weight,-0.77,16363
mcap_weight,-0.765,20951
mcap_weight,-0.76,16801
mcap_weight,-0.755,17358
mcap_weight,-0.75,18456
mcap_weight,-0.745,17352
mcap_weight,-0.74,16953
mcap_weight,-0.735,18220
mcap_weight,-0.73,17384
mcap_weight,-0.725,17753
mcap_weight,-0.72,17923
mcap_weight,-0.715,18478
mcap_weight,-0.71,18612
mcap_weight,-0.705,19909
mcap_weight,-0.7,20728
mcap_weight,-0.695,20205
mcap_weight,-0.69,19985
mcap_weight,-0.685,20148
mcap_weight,-0.68,22592
mcap_weight,-0.675,24927
mcap_weight,-0.67,23378
mcap_weight,-0.665,24893
mcap_weight,-0.66,26058
mcap_weight,-0.655,23521
mcap_weight,-0.65,24514
mcap_weight,-0.645,29425
mcap_weight,-0.64,24949
mcap_weight,-0.635,26510
mcap_weight,-0.63,25870
mcap_weight,-0.625,26453
mcap_weight,-0.62,26475
mcap_weight,-0.615,25959
mcap_weight,-0.61,27100
mcap_weight,-0.605,28129
mcap_weight,-0.6,28694
mcap_weight,-0.595,30076
mcap_weight,-0.59,30035
mcap_weight,-0.585,30917
mcap_weight,-0.58,30832
mcap_weight,-0.575,31332
mcap_weight,-0.57,34830
mcap_weight,-0.565,33037
mcap_weight,-0.56,36189
mcap_weight,-0.555,35849
mcap_weight,-0.55,39102
mcap_weight,-0.545,40805
mcap_weight,-0.54,39229
mcap_weight,-0.535,39591
mcap_weight,-0.53,40405
mcap_weight,-0.525,41502
mcap_weight,-0.52,41384
mcap_weight,-0.515,42754
mcap_weight,-0.51,45033
mcap_weight,-0.505,49614
mcap_weight,-0.5,44796
mcap_weight,-0.495,44936
mcap_weight,-0.49,47368
mcap_weight,-0.485,51593
mcap_weight,-0.48,53758
mcap_weight,-0.475,55724
mcap_weight,-0.47,49943
mcap_weight,-0.465,55447
mcap_weight,-0.46,59529
mcap_weight,-0.455,58784
mcap_weight,-0.45,60205
mcap_weight,-0.445,63376
mcap_weight,-0.44,71316
mcap_weight,-0.435,72693
mcap_weight,-0.43,70849
mcap_weight,-0.425,71014
mcap_weight,-0.42,80647
mcap_weight,-0.415,73108
mcap_weight,-0.41,85675
mcap_weight,-0.405,77012
mcap_weight,-0.4,81737
mcap_weight,-0.395,81759
mcap_weight,-0.39,88163
mcap_weight,-0.385,86864
mcap_weight,-0.38,91837
mcap_weight,-0.375,95040
mcap_weight,-0.37,148991
mcap_weight,-0.365,150288
mcap_weight,-0.36,118767
mcap_weight,-0.355,166062
mcap_weight,-0.35,171143
mcap_weight,-0.345,254824
mcap_weight,-0.34,113595
mcap_weight,-0.335,121000
mcap_weight,-0.33,127140
mcap_weight,-0.325,131121
mcap_weight,-0.32,128880
mcap_weight,-0.315,131767
mcap_weight,-0.31,140089
mcap_weight,-0.305,155387
mcap_weight,-0.3,146613
mcap_weight,-0.295,152383
mcap_weight,-0.29,156391
mcap_weight,-0.285,169821
mcap_weight,-0.28,177533
mcap_weight,-0.275,174175
mcap_weight,-0.27,185902
mcap_weight,-0.265,199698
mcap_weight,-0.26,197873
mcap_weight,-0.255,202253
mcap_weight,-0.25,212110
mcap_weight,-0.245,222749
mcap_weight,-0.24,236208
mcap_weight,-0.235,246044
mcap_weight,-0.23,254704
mcap_weight,-0.225,265736
mcap_weight,-0.22,279181
mcap_weight,-0.215,303641
mcap_weight,-0.21,305551
mcap_weight,-0.205,322045
mcap_weight,-0.2,326711
mcap_weight,-0.195,344955
mcap_weight,-0.19,370760
mcap_weight,-0.185,370893
mcap_weight,-0.18,402703
mcap_weight,-0.175,416285
mcap_weight,-0.17,427851
mcap_weight,-0.165,549859
mcap_weight,-0.16,516610
mcap_weight,-0.155,665831
mcap_weight,-0.15,549891
mcap_weight,-0.145,592541
mcap_weight,-0.14,608030
mcap_weight,-0.135,646738
mcap_weight,-0.13,678180
mcap_weight,-0.125,987458
mcap_weight,-0.12,799663
mcap_weight,-0.115,824853
mcap_weight,-0.11,970102
mcap_weight,-0.105,948826
mcap_weight,-0.1,1011773
mcap_weight,-0.095,1037265
mcap_weight,-0.09,1108228
mcap_weight,-0.085,1347317
mcap_weight,-0.08,1445476
mcap_weight,-0.075,1541291
mcap_weight,-0.07,1575267
mcap_weight,-0.065,1704119
mcap_weight,-0.06,1980748
mcap_weight,-0.055,2098762
mcap_weight,-0.05,2302850
mcap_weight,-0.045,2471589
mcap_weight,-0.04,2901699
mcap_weight,-0.035,3454851
mcap_weight,-0.03,4120634
mcap_weight,-0.025,4828280
mcap_weight,-0.02,6042855
mcap_weight,-0.015,8271106
mcap_weight,-0.01,11903576
mcap_weight,-0.005,24083968
mcap_weight,0.0,23677197
mcap_weight,0.005,12112712
mcap_weight,0.01,9110933
mcap_weight,0.015,7034183
mcap_weight,0.02,6209377
mcap_weight,0.025,5224357
mcap_weight,0.03,4141043
mcap_weight,0.035,3506831
mcap_weight,0.04,3263364
mcap_weight,0.045,2859852
mcap_weight,0.05,2790525
mcap_weight,0.055,2351454
mcap_weight,0.06,2213171
mcap_weight,0.065,2020620
mcap_weight,0.07,1944429
mcap_weight,0.075,1905937
mcap_weight,0.08,1734272
mcap_weight,0.085,1632249
mcap_weight,0.09,1411644
mcap_weight,0.095,1451274
mcap_weight,0.1,1415253
mcap_weight,0.105,1226656
mcap_weight,0.11,1175131
mcap_weight,0.115,1079239
mcap_weight,0.12,1048260
mcap_weight,0.125,1071615
mcap_weight,0.13,1022549
mcap_weight,0.135,844416
mcap_weight,0.14,793334
mcap_weight,0.145,763048
mcap_weight,0.15,739776
mcap_weight,0.155,716545
mcap_weight,0.16,692017
mcap_weight,0.165,708777
mcap_weight,0.17,597051
mcap_weight,0.175,591036
mcap_weight,0.18,659107
mcap_weight,0.185,514733
mcap_weight,0.19,497559
mcap_weight,0.195,488271
mcap_weight,0.2,458544
mcap_weight,0.205,527159
mcap_weight,0.21,503634
mcap_weight,0.215,393638
mcap_weight,0.22,372795
mcap_weight,0.225,544555
mcap_weight,0.23,338320
mcap_weight,0.235,339041
mcap_weight,0.24,314310
mcap_weight,0.245,299722
mcap_weight,0.25,284803
mcap_weight,0.255,270105
mcap_weight,0.26,262202
mcap_weight,0.265,247019
mcap_weight,0.27,241863
mcap_weight,0.275,225319
mcap_weight,0.28,220181
mcap_weight,0.285,212078
mcap_weight,0.29,213361
mcap_weight,0.295,197156
mcap_weight,0.3,178399
mcap_weight,0.305,179624
mcap_weight,0.31,179224
mcap_weight,0.315,163620
mcap_weight,0.32,151641
mcap_weight,0.325,149671
mcap_weight,0.33,152516
mcap_weight,0.335,137108
mcap_weight,0.34,135515
mcap_weight,0.345,136474
mcap_weight,0.35,124889
mcap_weight,0.355,118111
mcap_weight,0.36,118932
mcap_weight,0.365,109919
mcap_weight,0.37,107160
mcap_weight,0.375,103675
mcap_weight,0.38,104295
mcap_weight,0.385,99886
mcap_weight,0.39,96298
mcap_weight,0.395,99307
mcap_weight,0.4,89470
mcap_weight,0.405,88429
mcap_weight,0.41,86606
mcap_weight,0.415,80968
mcap_weight,0.42,80670
mcap_weight,0.425,74980
mcap_weight,0.43,71545
mcap_weight,0.435,73134
mcap_weight,0.44,75124
mcap_weight,0.445,68143
mcap_weight,0.45,73384
mcap_weight,0.455,68237
mcap_weight,0.46,66855
mcap_weight,0.465,70206
mcap_weight,0.47,98294
mcap_weight,0.475,129158
mcap_weight,0.48,52205
mcap_weight,0.485,48738
mcap_weight,0.49,48097
mcap_weight,0.495,47736
mcap_weight,0.5,48945
mcap_weight,0.505,45789
mcap_weight,0.51,42720
mcap_weight,0.515,40571
mcap_weight,0.52,42044
mcap_weight,0.525,41630
mcap_weight,0.53,37702
mcap_weight,0.535,39621
mcap_weight,0.54,38144
mcap_weight,0.545,34712
mcap_weight,0.55,39186
mcap_weight,0.555,31187
mcap_weight,0.56,32136
mcap_weight,0.565,31057
mcap_weight,0.57,29669
mcap_weight,0.575,29646
mcap_weight,0.58,31884
mcap_weight,0.585,31365
mcap_weight,0.59,29455
mcap_weight,0.595,26950
mcap_weight,0.6,27056
mcap_weight,0.605,25004
mcap_weight,0.61,24211
mcap_weight,0.615,24262
mcap_weight,0.62,24554
mcap_weight,0.625,24964
mcap_weight,0.63,24099
mcap_weight,0.635,24487
mcap_weight,0.64,20902
mcap_weight,0.645,20262
mcap_weight,0.65,21532
mcap_weight,0.655,24299
mcap_weight,0.66,22882
mcap_weight,0.665,19057
mcap_weight,0.67,18146
mcap_weight,0.675,18213
mcap_weight,0.68,17891
mcap_weight,0.685,16939
mcap_weight,0.69,20015
mcap_weight,0.695,16387
mcap_weight,0.7,15952
mcap_weight,0.705,14967
mcap_weight,0.71,15172
mcap_weight,0.715,15394
mcap_weight,0.72,14193
mcap_weight,0.725,15143
mcap_weight,0.73,13995
mcap_weight,0.735,13419
mcap_weight,0.74,14704
mcap_weight,0.745,13208
mcap_weight,0.75,14633
mcap_weight,0.755,14061
mcap_weight,0.76,14013
mcap_weight,0.765,13323
mcap_weight,0.77,14788
mcap_weight,0.775,14598
mcap_weight,0.78,16869
mcap_weight,0.785,10198
mcap_weight,0.79,11358
mcap_weight,0.795,10203
mcap_weight,0.8,10371
mcap_weight,0.805,9920
mcap_weight,0.81,10087
mcap_weight,0.815,10268
mcap_weight,0.82,8967
mcap_weight,0.825,9186
mcap_weight,0.83,9837
mcap_weight,0.835,8465
mcap_weight,0.84,8752
mcap_weight,0.845,8525
mcap_weight,0.85,8088
mcap_weight,0.855,7975
mcap_weight,0.86,8230
mcap_weight,0.865,7938
mcap_weight,0.87,8129
mcap_weight,0.875,7704
mcap_weight,0.88,7246
mcap_weight,0.885,6819
mcap_weight,0.89,6925
mcap_weight,0.895,7481
mcap_weight,0.9,7128
mcap_weight,0.905,7096
mcap_weight,0.91,7144
mcap_weight,0.915,6636
mcap_weight,0.92,6565
mcap_weight,0.925,6092
mcap_weight,0.93,6659
mcap_weight,0.935,6126
mcap_weight,0.94,6662
mcap_weight,0.945,6108
mcap_weight,0.95,6168
mcap_weight,0.955,6149
mcap_weight,0.96,5768
mcap_weight,0.965,5778
mcap_weight,0.97,6275
mcap_weight,0.975,5161
mcap_weight,0.98,5482
mcap_weight,0.985,5662
mcap_weight,0.99,5554
mcap_weight,0.995,5503
