block_number,block_date,n_wallets,mean_alpha_baseline,median_alpha_baseline,frac_positive_alpha_baseline,mean_alpha_better_return,median_alpha_better_return,frac_positive_alpha_better_return,mean_alpha_safer_risk,median_alpha_safer_risk,frac_positive_alpha_safer_risk,mean_alpha_max_sharpe,median_alpha_max_sharpe,frac_positive_alpha_max_sharpe,mean_alpha_equal_weight,median_alpha_equal_weight,frac_positive_alpha_equal_weight,mean_alpha_mcap_weight,median_alpha_mcap_weight,frac_positive_alpha_mcap_weight
9193266,2020-01-01,826497,0.027342337975192532,0.023217027890443942,0.5508610436577507,-0.001364092266458707,-0.0402856627799712,0.4001055055251259,0.020135687337974714,0.026357352481715078,0.5562331139737954,0.0475202934112663,0.11079455760098605,0.6530961394899195,0.004859473553463874,0.023815940044473627,0.5520370914836956,0.013766011638140379,0.029869646435518427,0.5969628443902397
9393154,2020-02-01,914540,-0.06077178491547186,-0.04323337873783857,0.41236687296345703,0.10737085250245217,-0.07634799251452859,0.3599383296520655,-0.007809137992846606,-0.056095894915726016,0.41508627288035516,-0.11092860780844911,-0.25531469202286095,0.28048636472980953,0.10293014897625948,-0.09524692636568474,0.38003477157915455,-0.07596672448216861,-0.03854573251877197,0.3918756970717519
9581792,2020-03-01,926317,-0.11490352833404119,-0.09615500789830012,0.2415080366656339,-0.08883036989729765,-0.09861024182124473,0.25743131131135455,-0.07791013297370297,-0.08170931953129018,0.26104238613779085,-0.05372513188225043,-0.03660765422887191,0.3529169819834895,0.03943197796552,-0.014749547988746975,0.456581278331284,-0.008038030954726508,0.0028213228014243325,0.5007389478979658
9782602,2020-04-01,941259,-0.13366634420355522,-0.1960661909974853,0.1657673392764372,-0.10943693274346737,-0.21963691612185965,0.1466981989016838,-0.12982016941367225,-0.18952384766920508,0.1679123386868014,-0.06737765649677999,-0.17293005570114445,0.161653699991182,-0.10648263109941423,-0.20996531211462258,0.1550986497871468,-0.12945744748059065,-0.1960378871815965,0.16838723454437088
9976964,2020-05-01,1006999,0.45753557218928476,0.12488280574407876,0.6428149382472078,0.20197950816046217,-0.001719691995625501,0.49598261765900464,0.4393940529482691,0.18219033050217703,0.69958560038292,0.09971002477326135,0.002077129343905769,0.5023341631918204,0.3271799979695289,0.2329089441480134,0.6935726847792302,0.17896210188918893,0.0860049523526183,0.669101955414057
10176690,2020-06-01,1021033,0.1456303034477895,0.14514274371486352,0.7334131218089914,0.10921500014837167,0.03657070550096513,0.5811849372155454,0.14099212339347766,0.14553275013433595,0.7630292066955721,0.14772755353559652,0.165077628075473,0.75404320918129,0.13009306944177193,0.06055886398949349,0.8268978573660205,0.0972185011931808,0.03427738937972746,0.7086519240808083
10370274,2020-07-01,1044729,0.1397826665081352,-0.000667235990571327,0.490273554194437,0.29566664376219765,-0.008111376749193641,0.47228132845934206,0.2710774250014601,0.004596026848874002,0.5143735839629224,0.19437302358202727,-0.0019373348658813967,0.47273120589167145,0.4677059119376682,0.015743465985565454,0.5360873489680099,0.10699946783746517,0.002568137937660909,0.512495584979454
10570485,2020-08-01,1071168,0.4667389843191084,0.3849025683994553,0.8826570621975265,0.44401637122070897,0.37410251845288234,0.9046134686622453,0.4413765906642216,0.3661301478629843,0.9116515803310031,0.3025520733616118,0.2775526541838592,0.864836328195017,0.3830787959597741,0.3916200500267185,0.9411427525840951,0.3808591055726864,0.38503920143618753,0.8907743696600346
10771925,2020-09-01,1094957,-0.0995810103323795,-0.09874408625156991,0.40475562054034997,-0.09620755408836061,-0.06813146743326279,0.4018477437926786,-0.10304078412410776,-0.10084947166762653,0.37747053080623255,-0.1157620848794313,-0.1064929205459256,0.3750722631117021,-0.1314116020139009,-0.1310337959788804,0.15647098470533546,-0.11189214899366437,-0.05380555650968302,0.2588001172648789
10966874,2020-10-01,1121306,0.10860182097084121,-0.17218639484697873,0.09138451056179134,0.13142883571026656,-0.19000872315922912,0.14349874164590218,0.1111748680365815,-0.16230663427156558,0.10385300711848505,0.1636547091445822,-0.2553732929485586,0.17713006083977076,0.14240247237266393,-0.17955266505512435,0.09516224830688501,0.03416654668403619,-0.16714068095078857,0.13962914672711998
11167817,2020-11-01,1233035,-0.1325826126921885,-0.21228486185946693,0.1801716901791109,0.11292363498615929,-0.20871396078091126,0.19419643400227893,-0.07838139520932098,-0.19919841146106304,0.18212783903133326,0.044019454759850904,-0.1731229039496281,0.2204584622496523,0.05426531219474043,-0.1955297886266461,0.15766949032265912,-0.17452148041937685,-0.20650141828396495,0.19165230508460832
11363270,2020-12-01,1312844,0.12200763491583361,0.03327254663409964,0.5794336570072302,0.10757177418326688,0.0004958257286650988,0.5017755346408256,0.1167338800792072,0.03518083304450728,0.6122555307408953,0.12425039176385956,-0.009296973789649457,0.46735484185478243,0.09838414782022388,0.03824899271937697,0.6376271666702213,0.060034694655503984,0.01321726585161113,0.5925022317960092
11565019,2021-01-01,1344924,0.1443859375499601,0.04350596070436297,0.6953136385401703,0.15398094350677755,0.08808720621557886,0.6403499379890611,0.13785278677865884,0.05945934099314404,0.7169304733947792,0.17401746731438086,0.05945934091304056,0.6645594844020926,0.14330772876175066,0.12323416164063766,0.6819418792437342,0.15918030411418532,0.12298072298878682,0.7453989965232236
11766939,2021-02-01,1421979,0.6284564408549103,0.2554214232974858,0.8159304743600292,0.717022917929571,0.2776850027284858,0.8353337144922675,0.6495855913797357,0.25752726112871,0.850276973147986,0.6935837851688237,0.2776850027284858,0.8206808961313775,0.730153419977796,0.40424695695240204,0.8731169728948177,0.5724892460870975,0.2766083291452338,0.8312049615360002
11948960,2021-03-01,1578989,1.1728100007925737,0.24592137137078754,0.7153925708158828,1.235332553210071,0.35005372169419424,0.7507791377900669,1.1229906644854644,0.3418188844912888,0.7641497185857533,1.0336836249026016,0.4036154447178101,0.7525169586361906,1.0345139546237447,0.4344730041080459,0.7864563970996631,0.8126356902305825,0.14708837513875264,0.7155692661570157
12150245,2021-04-01,1695563,0.06192213599645623,-0.00022775089275072237,0.4980021385227208,0.06886236855553457,-0.046181617776124395,0.40765161778123254,0.05709036460353666,0.0006944666232557954,0.5078425278211426,0.05729933709207178,-0.02232516057917225,0.3823272859811166,0.0608162829722067,-0.029084590836541385,0.41990831363977627,0.0351146526500874,0.028896181733178476,0.5812836208386241
12344945,2021-05-01,1822425,0.004704596757652912,-0.10721104873930859,0.2790677256951589,-0.0070422502809887304,-0.11114748353031803,0.23183999341536687,0.004869300650840322,-0.09945830062587926,0.262974333648847,0.007439177367212445,-0.1157419402981485,0.24465533561051894,-0.017821895220861146,-0.09830795920895513,0.2552933591231464,0.028797705270660067,-0.0710907462331111,0.2970103022072239
12545219,2021-06-01,1944649,0.08576623274476128,0.028594847268080904,0.6551588487176864,0.10252948184986026,0.033616936284650845,0.6519485007320087,0.0975253879598001,0.03340520770833891,0.6642350367598472,0.11408990476244402,0.021810090219935463,0.6438020434536001,0.11592976995496103,0.03879813155756437,0.6609460113367502,0.08405568662010139,0.019004237520905704,0.6820958435172619
12738509,2021-07-01,2077642,0.030625084676763066,0.016625363122945325,0.6285457263570914,0.050061881614003156,0.01750985775878444,0.6418603397505441,0.03354252668756213,0.012156909689937056,0.6165701309465249,0.06390646644211578,0.012710934257013917,0.6697713080501838,0.04303418840837805,0.02107941399413321,0.6369884705834787,0.03728143284523195,0.009785651097393655,0.690049585058446
12936340,2021-08-01,2186002,0.09739773665448748,0.019114188792134112,0.5517561283109531,0.11925015743195465,0.06205383603826335,0.6381215570708535,0.10939726981860909,0.030953283824091987,0.5816847377083827,0.09986201089751344,0.030953283824091987,0.5934152850729322,0.13510379325062286,0.09133950608445832,0.7026096041998132,0.08312367153613959,0.009135387218407454,0.5746842866566453
13136427,2021-09-01,2286203,640012.8269233934,-0.0008680344311855492,0.4639697349710415,9.246132079162316e+31,-0.009153402685383859,0.42701719838527025,8.491141446673199e+31,-0.005049734992944068,0.445883851958903,1.1748133311044801e+32,-0.016773646842986933,0.43047402177321964,1.2029625898937283e+32,-0.003886619902842138,0.4574501914309447,0.07107545088877014,-0.0022800014297666964,0.4673775688335638
13330090,2021-10-01,2385506,0.12523974844723207,-0.011009213401563241,0.44089304323694845,0.03447731307482751,-0.025449662577991153,0.41098659990794406,0.10424556571150287,-0.010186805264825082,0.4421246477686495,0.06486265865185473,-0.023209569494895804,0.3339048403148011,0.0698181300100196,-0.0229272625480052,0.420247528197372,0.15978785816210048,-0.008979188330575809,0.4252058053930696
13527859,2021-11-01,2504425,0.20719249132140344,0.009035116819239946,0.599300038931092,0.1546435454382959,0.01711554051642467,0.5923415554468591,0.19591973271016025,0.01694025681680768,0.601828363796081,0.12567860553116023,0.0040874944934732186,0.574430857382433,0.19210953896742924,0.03767287026911124,0.6358753007177296,0.1725217037363835,0.0043373225361935976,0.6129626560987053
13717847,2021-12-01,2579086,258495858.279993,-0.13392981004132154,0.2008308369709269,4.6107084824689807e+21,-0.13890878075501725,0.17156543054399892,4.267526882431855e+21,-0.12999219554761823,0.1777284665963058,1.4293465274763497e+21,-0.15377979237776482,0.17172362612181213,7.944281365323176e+21,-0.12635198274118464,0.16219583216689942,-0.07390188248790101,-0.08760472787564524,0.25259646246771145
13916166,2022-01-01,2621359,0.041413980644228375,0.0014555796795080373,0.5216439259178159,0.20250750447826954,-0.0007246950280852611,0.4824055003530611,0.13577760681188616,0.00019071976828993883,0.5035060058542153,0.11062112926533063,0.0007350958896369885,0.5213921481185904,0.26333656106526654,-0.0034909256567021707,0.43642324458420234,0.011485006278041542,-9.493669145090099e-05,0.49301640866436075
14116761,2022-02-01,2755033,114.33001837253985,-0.025870020926264642,0.3429222081913356,21736.629026298393,-0.027562608660607016,0.32322807022638206,4867.573674801963,-0.01768149918041485,0.33984819782557957,23726.657020917755,-0.02172000556663663,0.3044765706980642,11958.287609170122,-0.019398838470331674,0.32200049872360875,-0.003968303317968989,-0.006407829830831763,0.35273443185617015
14297759,2022-03-01,2928345,0.06305617762552229,0.05948694373424923,0.7299146787690658,0.057378356655947364,0.04087990936147561,0.6907369179519489,0.06029192372316858,0.05223390874012555,0.7273272104209033,0.04199366326528824,0.016280099092317823,0.625784188679954,0.05896928686993907,0.053442503606979455,0.7330693617043074,0.05701515106884922,0.036978571459358456,0.7041386858447348
14497034,2022-04-01,2934000,-0.06076187806429799,-0.06887674831430374,0.19063258350374915,-0.05805553147646515,-0.06611550957298351,0.16383231083844582,-0.05493339885610991,-0.05858355064984126,0.16336912065439674,-0.050331335439303196,-0.045285084266442344,0.17370211315610087,-0.05748367653840343,-0.06904993615097127,0.16305589638718473,-0.05587586617339848,-0.03901775978220308,0.15312269938650308
14688630,2022-05-01,3002002,35268.72296585368,-0.04984782591088181,0.32271097754098765,4.4691347864664195e+27,-0.057436652957176176,0.26518703185407605,3.3056521133284576e+27,-0.05813090729435833,0.24688424591322725,5.107179536612706e+27,-0.04038751945037154,0.3051267121074536,3.8139027762977256e+27,-0.08187394524079367,0.15715779003478345,0.03090207084416046,-0.016002788562293313,0.34149844004101265
14881677,2022-06-01,3075701,0.2798947362322157,0.2649451910052545,0.9499239360392964,0.29253593435897113,0.29388415960548286,0.9251897372338859,0.26883176976709455,0.27291605847679357,0.9478635927224396,0.25189686486149276,0.24204318882979614,0.9248967958849056,0.3081691124101005,0.324310898900134,0.9550678040550755,0.2539751044740079,0.2405503366628544,0.96122249854586
15053226,2022-07-01,3103058,-0.1280344105091146,-0.12681040567114343,0.16091320239583018,-0.11127523872147232,-0.12450124646596517,0.16096476443559868,-0.11689328269658211,-0.11346464419013427,0.18289990067862089,-0.10370427146704922,-0.112423504427411,0.1562848648011091,-0.11203054497751172,-0.12900042800075412,0.15722780560337576,-0.11907528280345223,-0.09740359517498282,0.1778680901227112
15253306,2022-08-01,3154145,-0.012886481644960743,-0.02657954635909933,0.3195255766618212,-0.011701797067222701,-0.03392901994072309,0.27855250789041086,-0.012599832677377115,-0.023423323634706412,0.3105006269527875,-0.018087471787813093,-0.04100859917543348,0.2822130878574067,-0.013405993914783141,-0.029564908267354237,0.31161915511176563,-0.01183304334486836,-0.014653198862679746,0.26546052892305205
15449618,2022-09-01,3172900,0.008504509832595151,-0.000595730632797811,0.47637145828737115,0.011903238479709585,-2.887209663656842e-05,0.49812568943238045,0.00989069236957354,0.0003388258826245409,0.5174805383088027,0.02087690226582458,0.0003882526924373177,0.5298149957452173,0.01272893571178693,9.39410945612339e-05,0.5106659522834001,0.003584388988712693,0.00016482173971447652,0.5363144126824041
15649595,2022-10-01,3182512,-0.02494890021584638,-0.017377880722613818,0.31440289934492,-0.032018484079231996,-0.023800324225889742,0.27596125324900583,-0.02558901766442153,-0.019051787951157667,0.28797283403801777,-0.038216043099611186,-0.03262023444146545,0.21672534149124967,-0.029674517830890347,-0.031954609672772,0.22706654366110796,-0.02424142071663638,-0.009886088675518177,0.16571657860206027
15871480,2022-11-01,3245800,-0.020605839629387668,-0.0018152236771724149,0.4734096370694436,-0.01930050859265715,-0.00961001912254466,0.3991820198410253,-0.02142787653244473,-0.008367492729213534,0.39552591040729557,-0.01992436991476924,-0.010550107136903575,0.38533735904861666,-0.02336969545971655,-0.022308541960922412,0.36401595908558754,-0.01696666295167294,0.00047039439625010115,0.5185109988292562
16086234,2022-12-01,3332213,-0.042631944018831906,-0.034913996624159616,0.33097824178706464,-0.04815549873283079,-0.0433821856232435,0.29036799268234054,-0.03988961331406449,-0.035207929696611025,0.2888980986509566,-0.058292792760401425,-0.04878503962355096,0.287050677732786,-0.03416408758938211,-0.04218187685203901,0.26299399228080556,-0.042091167661782565,-0.025152900177669052,0.33908336591928545
16308190,2023-01-01,3362555,0.10236417208149569,0.0006798486309868253,0.502412005156793,0.13983270185843358,0.0019275029080196987,0.5111312677413455,0.14891689010101572,0.007695075458805711,0.5354654422009454,0.0875269587438117,-0.0058049141191434065,0.4271472139489168,0.21939919642245617,0.01127618063366645,0.540819406671415,0.042122450621962626,-0.0028891759847297256,0.4802993556982711
16530248,2023-02-01,3370814,0.15433390772770808,0.07640437224163729,0.7694598396707739,0.17390621956240085,0.08659426356243302,0.8079532124881409,0.15488036484499412,0.08220136505318279,0.8105748344465165,0.17185314349677847,0.10009556011255358,0.798653381646095,0.16928962910847828,0.09799116601632596,0.844711989448246,0.12806078747012467,0.058273128781315374,0.7371919660948364
16730072,2023-03-01,3392077,-0.1736810871425234,-0.196507291279248,0.14243750952587456,-0.16645827817646358,-0.2015000931607088,0.1378406209528852,-0.16701548684810125,-0.18550906443781945,0.13988921831668327,-0.18755458166464095,-0.23341531331913484,0.1283437846487565,-0.16257773598731734,-0.18150040569509504,0.12014674195190735,-0.1514827464796865,-0.1707644551583944,0.23800904283717617
16950603,2023-04-01,3417035,0.21614915731641673,-0.025119536366098382,0.2691775179358713,0.46046837295891746,-0.026019875564132586,0.2883988604155357,0.22946217358500107,-0.02574347113838573,0.2743281821813356,0.6273246141495117,-0.019588898579704212,0.32844147045611183,0.27545445765140447,-0.03190692482305265,0.2687443938970482,-0.018435638288075065,-0.01297908404418454,0.28821507535041346
17162287,2023-05-01,3457737,-0.06056137056920384,-0.039986636732750616,0.18252689548106174,-0.05792262537172152,-0.04328988162638055,0.17116888878477454,-0.059316454590195244,-0.04328988164566537,0.13937121302169597,-0.0551093707216684,-0.03577575683219649,0.20177329854757606,-0.06344948949559756,-0.05991410818080917,0.14929909359792257,-0.05140944477086824,-0.034034026363484876,0.16760991365161665
17382266,2023-06-01,3442453,-0.11373733486707427,-0.1520600645717934,0.08601773212299485,-0.025865325382151454,-0.1377047726548833,0.06613365527430586,-0.06596385168358355,-0.14352155815383186,0.06111310742659377,-0.07916638844259007,-0.14257238379376344,0.07783287092082303,0.002284592560136429,-0.14182679949941066,0.05421366682420937,-0.11083294780661278,-0.12901348352179093,0.05088115945228591
17595510,2023-07-01,3533345,0.06432542997940768,0.03601542431827231,0.7732958428910848,0.06381145272125524,0.029493621903509005,0.7304859842443916,0.06225947399349975,0.033247740332219625,0.7489857344810654,0.06508385576067438,0.023757089811562056,0.7108903885694717,0.06789313873893418,0.05176131411225597,0.7547137344357825,0.06845722438790719,0.035355893970450414,0.7742334813045428
17816434,2023-08-01,3527396,0.08110055492789295,0.003915037223100271,0.5434215494943012,0.10074322042424465,-0.00020610767505287682,0.49651641040586314,0.09160918209644822,0.0009548522094082468,0.5242328902113628,0.04793079682167108,-5.0801018502142584e-05,0.4996683105611051,0.11552807281348686,0.0037258172346852497,0.5228607732162762,0.06372701807218661,-0.0005131562954351544,0.4889541746943071
18037988,2023-09-01,3655348,-0.054144392852774385,-0.051875571626981906,0.20780866828548197,-0.045952024950524493,-0.050718562466250505,0.22444210510189455,-0.05123145513713765,-0.05067232252323348,0.20552707977462065,-0.044750898733416686,-0.04269161629668121,0.2280434038017721,-0.04261142717898461,-0.051224028756893206,0.22633002384451495,-0.04524993659751927,-0.03669880869192577,0.16642601470502946
18251965,2023-10-01,3693849,0.031889440551196226,-0.03713141163155628,0.21493434084609306,0.16345080609120652,-0.03686374781634202,0.2376412787853537,0.050320250760856375,-0.034895410421637796,0.2290258751778971,0.14021085495937435,-0.02531930857378235,0.28880850300052874,0.13758387459915533,-0.0424137129483889,0.2382988584536076,-0.008716972149384494,-0.022678228303574435,0.1821438829795154
18473543,2023-11-01,3759567,0.05384010485630336,0.0069435338480527305,0.5291811530423584,0.0584790285916948,0.016944061021400683,0.5683494934390051,0.057187007748479644,0.01687873875679749,0.5801803771551352,0.07456134961712059,0.026314263432613394,0.5947716851435285,0.06994759463836991,0.028378132970425213,0.6066642780937272,0.03765270971129042,0.0003637285209984408,0.5143797144724379
18687851,2023-12-01,3781817,0.21618946942064227,0.0009141744714421668,0.5177635512241867,0.968383671022435,0.01411395530378156,0.5536989230309134,0.45039823566854376,0.02252379879960869,0.5825911195597249,0.47842375721657376,0.0369242792086905,0.60474396302095,0.9667437394236219,0.04046986328819825,0.6060718961282368,0.07011040882783376,-0.0002523807058705846,0.4873540946058469
18908895,2024-01-01,3855395,-0.03321092111229908,-0.08493174800421344,0.19223555563048664,0.006322545814540118,-0.06408415396122832,0.2641887536815294,-0.024578397678847463,-0.07841397766531799,0.19967370399141982,-0.013464965373118835,-0.07677706942764621,0.26263586480762674,-0.0005319266047137961,-0.062479854740258224,0.2197751462560905,-0.04408209623508397,-0.0458825110412654,0.16698729961521452
19129889,2024-02-01,3977147,0.04257768072546578,-0.0294107976220493,0.3482036243568568,0.08360025737226552,-0.029754737940762027,0.35579901874383824,0.0533285348718173,-0.0238329290562758,0.3557125245810628,0.07003331807868798,-0.026884558280544146,0.3753826549534126,0.06668875990050678,-0.041684134575058734,0.36275827873598837,0.02849371332901256,-0.008217016281336392,0.3122806373513476
19336607,2024-03-01,4005064,0.3010794368906323,0.03461302283767645,0.5964603811574547,0.4528967159237455,0.05373255788369233,0.626021456835646,0.35511843758257183,0.047987443976413455,0.6409078606484191,0.3142102468030053,0.029845636340493094,0.5547047437943563,0.6387260443502207,0.10233313120713908,0.7023628086842058,1.3437437535195467,0.006311374553393059,0.622567080076623
19557289,2024-04-01,4153412,-0.05749993319096296,-0.05122444597744631,0.2989799711658752,-0.0563595442911388,-0.05687482829388962,0.25609884114554493,-0.05509360327143365,-0.05460903550158189,0.2622174250953192,-0.06585638489229491,-0.07873760347140346,0.25942839284906,-0.052204440650646305,-0.07817016206332764,0.22656866210238716,-0.052620238445142076,-0.037021368060464986,0.3321676250754801
19771560,2024-05-01,4273747,-0.08414857698372602,-0.0975642126614315,0.22489960215239696,-0.09394671982599721,-0.1049357967304782,0.21544583710734397,-0.08307865562992275,-0.08720171941009641,0.22761525190892207,-0.11970423063911258,-0.11329939085390978,0.1662634685675123,-0.10101136329790292,-0.10602806646082658,0.18825634741597946,-0.0688074929672504,-0.04740180450058856,0.2878050572483584
19993250,2024-06-01,4506122,-0.11127945797214171,-0.12152720434664141,0.12985755822856104,-0.1049869444320434,-0.11398605430225583,0.1103842727737953,-0.10914138529257289,-0.11663261121507792,0.09130445203214649,-0.08550353327469905,-0.08155472786835574,0.12401084568948643,-0.11841541824418965,-0.12804616643740163,0.08122816026729858,-0.10086427026680178,-0.08532898063304788,0.09042498183582247
20207949,2024-07-01,4524722,-0.005485032969726483,7.308435749161049e-05,0.5006860089967958,-0.0122015917871056,-0.0054896728596590325,0.4602415352810626,-0.008818693431834038,-0.0012519136134225683,0.4885338811975631,-0.010343520911823847,-0.0010348661713323326,0.4846660192604098,-0.015730745818287834,-0.016088830017306183,0.40188900003138317,-0.0033020274904610163,0.0017631960969778605,0.606962372494929
20429973,2024-08-01,4668597,0.0337995097341351,0.022303930094609847,0.6747740274005231,0.03438003502643398,0.015179337275031374,0.6224615232370667,0.03663453630576427,0.015423090613216225,0.6356303617553625,0.06835262361198512,0.009730460140428544,0.6094674695631257,0.056302960863813464,0.01854863384904218,0.6285475058138451,0.03124767568578166,0.012808874606914877,0.7439402030203078
20651994,2024-09-01,4693885,0.06153019021547241,0.0025247675955271734,0.5182148689198819,0.3133307812564814,0.004440270908810884,0.5328568978575317,0.16027951087748427,0.004415557110356621,0.5370282825420734,0.4440352753132286,-0.0002599526885185598,0.4868402187100877,0.7691945731490214,0.01102527533494628,0.5588270696874764,0.03340998535269731,-0.00020793154026505943,0.47631887018961905
20866919,2024-10-01,4793311,-0.05418430440586893,-0.08453588667489939,0.14850236089417107,-0.046429708841842145,-0.08285713526291645,0.16637059435534227,-0.04737383955114126,-0.07351304353788446,0.1599493544232786,-0.054503537896478,-0.09069897077660576,0.16426182236036843,-0.0375477871499474,-0.07910730851383808,0.15959803150682272,-0.05877358894475179,-0.06165191046094677,0.10375333459481348
21089069,2024-11-01,4748515,-0.09263217413902963,-0.10921704492956663,0.2175166341477283,-0.07318520206338627,-0.10868584608697779,0.23193840600693058,-0.07006004030333862,-0.09605823329838792,0.23659143963955048,-0.06220823833691275,-0.12213941928559613,0.2138104228374555,-0.011859757643833973,-0.11016563007965137,0.24773176456218418,-0.07089651969976457,-0.058596370211458804,0.2857080582034594
21303934,2024-12-01,4928177,0.008838704081382459,-0.017773560714130048,0.3997920529234238,0.007465134072485725,-0.026981086404258368,0.3613646587774749,0.009474746983516106,-0.01784513451528217,0.3871360545694686,0.0012602588120219735,-0.028380805174167113,0.36528233462393905,0.014872919285083878,-0.011246029577149489,0.3880380108100825,0.007932825100293767,-0.0020153703249787304,0.3705865272290342
21525891,2025-01-01,5105209,-0.11097885297683799,-0.10206911012343808,0.14999503448340704,-0.10210222397068497,-0.10895546799851599,0.14805074581667468,-0.1049442854817902,-0.09889692746812,0.1485226168017803,-0.10511299976455062,-0.11449461399865273,0.1427281429614341,-0.1008027932512251,-0.12034193618781504,0.11949383463047253,-0.08674852418598131,-0.067921279033498,0.21738326481834533
21747950,2025-02-01,5247405,0.02462653882728477,-0.03433314128436585,0.3308898398351185,0.04577339974326738,-0.029620855152705322,0.3300902064925425,0.019406367613949833,-0.03126602434981526,0.3073362928914387,0.11608277738657671,-0.019424530700878007,0.3684388759777452,0.03599481788047928,-0.03646332019625509,0.28698337559231657,-0.01868928093533514,-0.016686532756532438,0.39752372839527345
21948292,2025-03-01,5268023,-0.009781717152482139,-0.03219414435119958,0.32322789782808464,0.014669890487661747,-0.033605977274240695,0.3024783680709063,-0.009115313208044552,-0.03501987714475677,0.28914414382776993,0.11921144321599123,-0.01798157273862326,0.31587276669065417,0.023253042394475967,-0.04300317584925603,0.2719050391389711,-0.0156870570310402,-0.00911446648808073,0.3597436837310695
22170335,2025-04-01,5341607,0.011731235323038346,0.002404293064666225,0.5589024052125138,0.010279992047819353,0.00036948173795360584,0.5251988774164779,0.006222101065909756,7.312332775864639e-05,0.5061297096547912,0.01181923491391478,0.0004999641827149917,0.5389810594452193,0.00992822944850043,0.0002865399540651069,0.5267214529260577,0.013689238616380422,0.0005561458683690079,0.6139057029092556
22385294,2025-05-01,5479943,-0.0616857169575422,-0.07911227109729985,0.2630390498587303,-0.06454357383962174,-0.07798275590952825,0.26967853497746236,-0.05160553601874157,-0.05769355829384326,0.2888137705081969,-0.05348601552288353,-0.08114480206062594,0.27973064683337034,-0.05224190329685811,-0.07608766745415096,0.2665618967204586,-0.06266764985125316,-0.03737893786231854,0.22406200210476643
22606143,2025-06-01,5417046,-0.07058647780331816,-0.06136791362814942,0.21233196099866974,-0.06673104512533151,-0.06270618134733924,0.1852952697835684,-0.06660539231379382,-0.05794589789785738,0.18172228923291403,-0.07939675880041785,-0.06622207161144894,0.18073171244992198,-0.06055466786223111,-0.06785013416161495,0.18491683474720355,-0.060348903415237354,-0.03233420026889686,0.14265376369334873
22820674,2025-07-01,5567234,-0.002857518931293291,-0.020528524774188955,0.40926409775482764,0.008427966298299104,-0.014081731131705258,0.4354309518874184,0.010127623540985608,-0.008200009757140886,0.4531762092270596,-0.008032620978299744,-0.011333264813625166,0.4486100278881757,0.015988158331994625,-0.017298873501771728,0.4385116558779458,-0.009379089811117096,-0.0008761163940424845,0.4633123019438378
23042514,2025-08-01,5568560,-0.030390253487952996,-0.0715633663023546,0.24911108078210525,0.49087269200208516,-0.04845631199102676,0.2900049563980634,0.158089020712116,-0.05729258906586872,0.27377239358110533,0.7591309531584258,-0.04422082485355515,0.35446740270375104,0.6135562205598923,-0.06861597993909585,0.2326883431264097,-0.04732007554528093,-0.026435217573877543,0.3032814587613315
23264566,2025-09-01,5989657,0.018951964450168696,-0.032090734007073386,0.24975119610354984,0.08911639970003234,-0.03371538553435286,0.24891425335373962,0.0719988395889597,-0.03129691430958138,0.2550309642104715,0.007104505736040682,-0.03734083129237761,0.2323209826539316,0.43358164396940685,-0.03688485463553894,0.2837631603946603,-0.021815540540752236,-0.009432430992547463,0.31050258804469105
23479244,2025-10-01,6087782,-0.07998672438553751,-0.09713743621405989,0.21211551267768786,-0.07274615627834304,-0.08597731078669318,0.1571245488094022,-0.07500118174073164,-0.0864285840608029,0.15686583389484052,-0.0681585819107137,-0.07368933750752246,0.16123442002358165,-0.06646676920219713,-0.09022999376989801,0.14276578891951125,-0.06746795943805606,-0.03762085811610001,0.19157979047212925
23700767,2025-11-01,6087201,0.16897428128739544,0.12603317575491252,0.8169235745624303,0.2288469362681813,0.12884432800492424,0.7875056203992606,0.16218758676235845,0.1102313645589163,0.7992180642630332,0.2132143589116635,0.09026488311192565,0.7684234511066744,0.21240272506372712,0.14099778364366503,0.8168949899962232,0.17035177308293747,0.10264890226141166,0.7848015861477221
23914921,2025-12-01,6337108,-0.07092584393534104,-0.06269926307331732,0.2025450726104084,-0.062387214299442204,-0.06834874497042999,0.18297400012750295,-0.06261468887754773,-0.05747252656156412,0.16286577410389724,-0.02796872867939535,-0.02343687910712647,0.21164101984690809,-0.046418297155423345,-0.08007449255585286,0.14286611495338253,-0.04031703406555173,-0.0061095941532237664,0.22147074028089786
