strategy,alpha_bin,count
baseline,-2.0,93
baseline,-1.99,85
baseline,-1.98,68
baseline,-1.97,69
baseline,-1.96,104
baseline,-1.95,78
baseline,-1.94,128
baseline,-1.93,100
baseline,-1.92,90
baseline,-1.91,139
baseline,-1.9,142
baseline,-1.89,228
baseline,-1.88,236
baseline,-1.87,182
baseline,-1.86,143
baseline,-1.85,121
baseline,-1.84,225
baseline,-1.83,208
baseline,-1.82,168
baseline,-1.81,119
baseline,-1.8,91
baseline,-1.79,122
baseline,-1.78,140
baseline,-1.77,129
baseline,-1.76,124
baseline,-1.75,188
baseline,-1.74,283
baseline,-1.73,277
baseline,-1.72,359
baseline,-1.71,511
baseline,-1.7,419
baseline,-1.69,414
baseline,-1.68,168
baseline,-1.67,158
baseline,-1.66,222
baseline,-1.65,216
baseline,-1.64,190
baseline,-1.63,243
baseline,-1.62,181
baseline,-1.61,179
baseline,-1.6,166
baseline,-1.59,147
baseline,-1.58,160
baseline,-1.57,140
baseline,-1.56,310
baseline,-1.55,140
baseline,-1.54,149
baseline,-1.53,212
baseline,-1.52,186
baseline,-1.51,242
baseline,-1.5,1965
baseline,-1.49,385
baseline,-1.48,331
baseline,-1.47,353
baseline,-1.46,508
baseline,-1.45,356
baseline,-1.44,1237
baseline,-1.43,367
baseline,-1.42,1206
baseline,-1.41,389
baseline,-1.4,405
baseline,-1.39,502
baseline,-1.38,679
baseline,-1.37,2368
baseline,-1.36,467
baseline,-1.35,2125
baseline,-1.34,790
baseline,-1.33,677
baseline,-1.32,616
baseline,-1.31,914
baseline,-1.3,575
baseline,-1.29,2335
baseline,-1.28,1596
baseline,-1.27,2625
baseline,-1.26,2631
baseline,-1.25,2244
baseline,-1.24,1100
baseline,-1.23,1133
baseline,-1.22,1020
baseline,-1.21,1539
baseline,-1.2,1063
baseline,-1.19,1293
baseline,-1.18,1290
baseline,-1.17,956
baseline,-1.16,1065
baseline,-1.15,1223
baseline,-1.14,1258
baseline,-1.13,1730
baseline,-1.12,2280
baseline,-1.11,2372
baseline,-1.1,5456
baseline,-1.09,3072
baseline,-1.08,2825
baseline,-1.07,3664
baseline,-1.06,2881
baseline,-1.05,3338
baseline,-1.04,4069
baseline,-1.03,4171
baseline,-1.02,4359
baseline,-1.01,4239
baseline,-1.0,6446
baseline,-0.99,5092
baseline,-0.98,4166
baseline,-0.97,4531
baseline,-0.96,4976
baseline,-0.95,5453
baseline,-0.94,5282
baseline,-0.93,6975
baseline,-0.92,7768
baseline,-0.91,8835
baseline,-0.9,8328
baseline,-0.89,9309
baseline,-0.88,15041
baseline,-0.87,12647
baseline,-0.86,9838
baseline,-0.85,9165
baseline,-0.84,16491
baseline,-0.83,13618
baseline,-0.82,11410
baseline,-0.81,12189
baseline,-0.8,20457
baseline,-0.79,21707
baseline,-0.78,16819
baseline,-0.77,19784
baseline,-0.76,19615
baseline,-0.75,28381
baseline,-0.74,23650
baseline,-0.73,26053
baseline,-0.72,26166
baseline,-0.71,25408
baseline,-0.7,31001
baseline,-0.69,28975
baseline,-0.68,30149
baseline,-0.67,35044
baseline,-0.66,34271
baseline,-0.65,43034
baseline,-0.64,47533
baseline,-0.63,50268
baseline,-0.62,108487
baseline,-0.61,69154
baseline,-0.6,71621
baseline,-0.59,249625
baseline,-0.58,80771
baseline,-0.57,87542
baseline,-0.56,78050
baseline,-0.55,107727
baseline,-0.54,233124
baseline,-0.53,119452
baseline,-0.52,118177
baseline,-0.51,184042
baseline,-0.5,137943
baseline,-0.49,165050
baseline,-0.48,556215
baseline,-0.47,239229
baseline,-0.46,412721
baseline,-0.45,500015
baseline,-0.44,275707
baseline,-0.43,446794
baseline,-0.42,348993
baseline,-0.41,343238
baseline,-0.4,349399
baseline,-0.39,373849
baseline,-0.38,596633
baseline,-0.37,452305
baseline,-0.36,491332
baseline,-0.35,634768
baseline,-0.34,662275
baseline,-0.33,675907
baseline,-0.32,842279
baseline,-0.31,899233
baseline,-0.3,1056840
baseline,-0.29,1070819
baseline,-0.28,1114487
baseline,-0.27,1295420
baseline,-0.26,1464115
baseline,-0.25,2008141
baseline,-0.24,1931801
baseline,-0.23,2311292
baseline,-0.22,2533781
baseline,-0.21,2720219
baseline,-0.2,2682656
baseline,-0.19,3546501
baseline,-0.18,3145569
baseline,-0.17,3029281
baseline,-0.16,3273184
baseline,-0.15,3750669
baseline,-0.14,3957140
baseline,-0.13,4592951
baseline,-0.12,5084668
baseline,-0.11,5126110
baseline,-0.1,5022681
baseline,-0.09,5713685
baseline,-0.08,5599613
baseline,-0.07,5753078
baseline,-0.06,6118683
baseline,-0.05,6520112
baseline,-0.04,7525785
baseline,-0.03,7587440
baseline,-0.02,8247790
baseline,-0.01,18579604
baseline,0.0,15781057
baseline,0.01,7062141
baseline,0.02,5868926
baseline,0.03,4564859
baseline,0.04,4095900
baseline,0.05,3920181
baseline,0.06,3006872
baseline,0.07,2758675
baseline,0.08,2361736
baseline,0.09,2176776
baseline,0.1,2042303
baseline,0.11,1845734
baseline,0.12,1753880
baseline,0.13,1992704
baseline,0.14,1691924
baseline,0.15,1523340
baseline,0.16,1534080
baseline,0.17,1214229
baseline,0.18,1127260
baseline,0.19,1155046
baseline,0.2,1001587
baseline,0.21,938713
baseline,0.22,832966
baseline,0.23,883379
baseline,0.24,909954
baseline,0.25,841744
baseline,0.26,786324
baseline,0.27,631878
baseline,0.28,642114
baseline,0.29,624387
baseline,0.3,930792
baseline,0.31,532925
baseline,0.32,534426
baseline,0.33,402830
baseline,0.34,396894
baseline,0.35,389236
baseline,0.36,375472
baseline,0.37,382547
baseline,0.38,408334
baseline,0.39,332923
baseline,0.4,339097
baseline,0.41,315526
baseline,0.42,321113
baseline,0.43,456374
baseline,0.44,417575
baseline,0.45,413895
baseline,0.46,230727
baseline,0.47,216233
baseline,0.48,200623
baseline,0.49,187042
baseline,0.5,247928
baseline,0.51,172601
baseline,0.52,162598
baseline,0.53,150445
baseline,0.54,152769
baseline,0.55,163122
baseline,0.56,149889
baseline,0.57,133467
baseline,0.58,132971
baseline,0.59,132205
baseline,0.6,179356
baseline,0.61,172641
baseline,0.62,129974
baseline,0.63,115252
baseline,0.64,109444
baseline,0.65,109446
baseline,0.66,104528
baseline,0.67,110713
baseline,0.68,106126
baseline,0.69,120844
baseline,0.7,136962
baseline,0.71,215657
baseline,0.72,72540
baseline,0.73,78444
baseline,0.74,137845
baseline,0.75,83187
baseline,0.76,76009
baseline,0.77,111017
baseline,0.78,75537
baseline,0.79,72696
baseline,0.8,70457
baseline,0.81,128050
baseline,0.82,66671
baseline,0.83,72454
baseline,0.84,69969
baseline,0.85,83710
baseline,0.86,124189
baseline,0.87,296564
baseline,0.88,90981
baseline,0.89,98881
baseline,0.9,185012
baseline,0.91,44082
baseline,0.92,42473
baseline,0.93,42887
baseline,0.94,37648
baseline,0.95,37664
baseline,0.96,39968
baseline,0.97,35723
baseline,0.98,36166
baseline,0.99,39431
baseline,1.0,34099
baseline,1.01,38597
baseline,1.02,41520
baseline,1.03,33498
baseline,1.04,31967
baseline,1.05,31948
baseline,1.06,38074
baseline,1.07,30622
baseline,1.08,28335
baseline,1.09,28885
baseline,1.1,31863
baseline,1.11,27433
baseline,1.12,27352
baseline,1.13,29049
baseline,1.14,35503
baseline,1.15,38466
baseline,1.16,28593
baseline,1.17,27672
baseline,1.18,24151
baseline,1.19,24853
baseline,1.2,20675
baseline,1.21,20732
baseline,1.22,21023
baseline,1.23,24065
baseline,1.24,23511
baseline,1.25,22109
baseline,1.26,25369
baseline,1.27,33438
baseline,1.28,25464
baseline,1.29,16168
baseline,1.3,15885
baseline,1.31,16486
baseline,1.32,16155
baseline,1.33,17183
baseline,1.34,15474
baseline,1.35,16651
baseline,1.36,19740
baseline,1.37,15864
baseline,1.38,15493
baseline,1.39,14900
baseline,1.4,15129
baseline,1.41,15734
baseline,1.42,13931
baseline,1.43,14161
baseline,1.44,13044
baseline,1.45,13014
baseline,1.46,14113
baseline,1.47,16400
baseline,1.48,14905
baseline,1.49,16008
baseline,1.5,18363
baseline,1.51,21507
baseline,1.52,17990
baseline,1.53,16368
baseline,1.54,15166
baseline,1.55,20870
baseline,1.56,19702
baseline,1.57,13643
baseline,1.58,15484
baseline,1.59,15526
baseline,1.6,16833
baseline,1.61,23634
baseline,1.62,25555
baseline,1.63,27038
baseline,1.64,42675
baseline,1.65,28372
baseline,1.66,36737
baseline,1.67,8403
baseline,1.68,7668
baseline,1.69,7940
baseline,1.7,7819
baseline,1.71,11899
baseline,1.72,7233
baseline,1.73,7551
baseline,1.74,8217
baseline,1.75,9459
baseline,1.76,7262
baseline,1.77,7492
baseline,1.78,5850
baseline,1.79,6807
baseline,1.8,6223
baseline,1.81,7445
baseline,1.82,5971
baseline,1.83,5749
baseline,1.84,5993
baseline,1.85,5510
baseline,1.86,6054
baseline,1.87,6987
baseline,1.88,6543
baseline,1.89,5487
baseline,1.9,7002
baseline,1.91,5058
baseline,1.92,6876
baseline,1.93,6010
baseline,1.94,9112
baseline,1.95,5368
baseline,1.96,5930
baseline,1.97,5094
baseline,1.98,5445
baseline,1.99,5920
better_return,-2.0,85
better_return,-1.99,73
better_return,-1.98,83
better_return,-1.97,86
better_return,-1.96,52
better_return,-1.95,93
better_return,-1.94,114
better_return,-1.93,104
better_return,-1.92,119
better_return,-1.91,143
better_return,-1.9,191
better_return,-1.89,231
better_return,-1.88,178
better_return,-1.87,144
better_return,-1.86,172
better_return,-1.85,180
better_return,-1.84,195
better_return,-1.83,164
better_return,-1.82,340
better_return,-1.81,257
better_return,-1.8,132
better_return,-1.79,143
better_return,-1.78,143
better_return,-1.77,103
better_return,-1.76,174
better_return,-1.75,343
better_return,-1.74,270
better_return,-1.73,388
better_return,-1.72,403
better_return,-1.71,416
better_return,-1.7,359
better_return,-1.69,527
better_return,-1.68,188
better_return,-1.67,141
better_return,-1.66,126
better_return,-1.65,141
better_return,-1.64,140
better_return,-1.63,174
better_return,-1.62,145
better_return,-1.61,202
better_return,-1.6,210
better_return,-1.59,206
better_return,-1.58,191
better_return,-1.57,373
better_return,-1.56,187
better_return,-1.55,132
better_return,-1.54,147
better_return,-1.53,185
better_return,-1.52,161
better_return,-1.51,256
better_return,-1.5,224
better_return,-1.49,236
better_return,-1.48,289
better_return,-1.47,255
better_return,-1.46,280
better_return,-1.45,363
better_return,-1.44,392
better_return,-1.43,470
better_return,-1.42,379
better_return,-1.41,587
better_return,-1.4,487
better_return,-1.39,539
better_return,-1.38,2044
better_return,-1.37,2312
better_return,-1.36,480
better_return,-1.35,1629
better_return,-1.34,597
better_return,-1.33,1650
better_return,-1.32,2217
better_return,-1.31,1470
better_return,-1.3,808
better_return,-1.29,847
better_return,-1.28,911
better_return,-1.27,799
better_return,-1.26,1089
better_return,-1.25,913
better_return,-1.24,763
better_return,-1.23,1035
better_return,-1.22,1284
better_return,-1.21,1454
better_return,-1.2,1514
better_return,-1.19,3003
better_return,-1.18,1762
better_return,-1.17,1064
better_return,-1.16,1384
better_return,-1.15,2127
better_return,-1.14,1366
better_return,-1.13,1293
better_return,-1.12,1162
better_return,-1.11,1305
better_return,-1.1,1749
better_return,-1.09,2832
better_return,-1.08,2495
better_return,-1.07,2620
better_return,-1.06,3007
better_return,-1.05,5107
better_return,-1.04,3333
better_return,-1.03,2942
better_return,-1.02,4079
better_return,-1.01,6966
better_return,-1.0,4756
better_return,-0.99,3029
better_return,-0.98,3437
better_return,-0.97,4182
better_return,-0.96,6095
better_return,-0.95,5513
better_return,-0.94,5106
better_return,-0.93,5103
better_return,-0.92,5729
better_return,-0.91,6139
better_return,-0.9,5551
better_return,-0.89,7670
better_return,-0.88,6028
better_return,-0.87,7083
better_return,-0.86,8043
better_return,-0.85,9012
better_return,-0.84,8128
better_return,-0.83,10858
better_return,-0.82,10078
better_return,-0.81,13692
better_return,-0.8,16251
better_return,-0.79,16230
better_return,-0.78,14605
better_return,-0.77,24078
better_return,-0.76,23768
better_return,-0.75,43786
better_return,-0.74,21594
better_return,-0.73,23006
better_return,-0.72,32442
better_return,-0.71,24385
better_return,-0.7,29416
better_return,-0.69,50189
better_return,-0.68,31373
better_return,-0.67,39961
better_return,-0.66,41924
better_return,-0.65,46529
better_return,-0.64,37627
better_return,-0.63,44358
better_return,-0.62,49188
better_return,-0.61,82852
better_return,-0.6,64383
better_return,-0.59,69861
better_return,-0.58,72680
better_return,-0.57,102231
better_return,-0.56,94903
better_return,-0.55,144982
better_return,-0.54,107453
better_return,-0.53,120639
better_return,-0.52,120342
better_return,-0.51,173381
better_return,-0.5,133088
better_return,-0.49,143601
better_return,-0.48,164543
better_return,-0.47,179425
better_return,-0.46,210184
better_return,-0.45,226828
better_return,-0.44,289108
better_return,-0.43,354108
better_return,-0.42,290994
better_return,-0.41,495154
better_return,-0.4,346321
better_return,-0.39,389119
better_return,-0.38,449733
better_return,-0.37,455668
better_return,-0.36,534601
better_return,-0.35,621225
better_return,-0.34,992507
better_return,-0.33,745656
better_return,-0.32,830649
better_return,-0.31,869311
better_return,-0.3,1070861
better_return,-0.29,1217267
better_return,-0.28,1193080
better_return,-0.27,1380670
better_return,-0.26,1553397
better_return,-0.25,1850068
better_return,-0.24,2183581
better_return,-0.23,2061243
better_return,-0.22,2626864
better_return,-0.21,3361548
better_return,-0.2,2973387
better_return,-0.19,3147583
better_return,-0.18,3287188
better_return,-0.17,3543619
better_return,-0.16,3416884
better_return,-0.15,3678440
better_return,-0.14,3872432
better_return,-0.13,4704966
better_return,-0.12,5064139
better_return,-0.11,4936603
better_return,-0.1,5339271
better_return,-0.09,5781481
better_return,-0.08,5838318
better_return,-0.07,6480658
better_return,-0.06,6370903
better_return,-0.05,7473327
better_return,-0.04,7525632
better_return,-0.03,7827403
better_return,-0.02,9490492
better_return,-0.01,16783747
better_return,0.0,13309657
better_return,0.01,7360752
better_return,0.02,5470493
better_return,0.03,4415772
better_return,0.04,3807476
better_return,0.05,3672957
better_return,0.06,3125827
better_return,0.07,2837496
better_return,0.08,2522990
better_return,0.09,2170362
better_return,0.1,2036413
better_return,0.11,1980603
better_return,0.12,1872250
better_return,0.13,1714687
better_return,0.14,1437339
better_return,0.15,1341606
better_return,0.16,1483460
better_return,0.17,1231031
better_return,0.18,1061482
better_return,0.19,1001054
better_return,0.2,949144
better_return,0.21,934050
better_return,0.22,880680
better_return,0.23,1307237
better_return,0.24,1005737
better_return,0.25,960154
better_return,0.26,668872
better_return,0.27,895227
better_return,0.28,627645
better_return,0.29,536940
better_return,0.3,737769
better_return,0.31,477040
better_return,0.32,543619
better_return,0.33,621087
better_return,0.34,501091
better_return,0.35,399579
better_return,0.36,386047
better_return,0.37,352626
better_return,0.38,427356
better_return,0.39,363119
better_return,0.4,501756
better_return,0.41,306826
better_return,0.42,412598
better_return,0.43,372582
better_return,0.44,251286
better_return,0.45,277113
better_return,0.46,262659
better_return,0.47,212825
better_return,0.48,228228
better_return,0.49,361837
better_return,0.5,194440
better_return,0.51,200950
better_return,0.52,180405
better_return,0.53,169597
better_return,0.54,158564
better_return,0.55,149443
better_return,0.56,148709
better_return,0.57,148158
better_return,0.58,141684
better_return,0.59,208787
better_return,0.6,143656
better_return,0.61,120396
better_return,0.62,122763
better_return,0.63,127519
better_return,0.64,136508
better_return,0.65,288456
better_return,0.66,116253
better_return,0.67,118132
better_return,0.68,105332
better_return,0.69,142682
better_return,0.7,166453
better_return,0.71,92397
better_return,0.72,95498
better_return,0.73,83596
better_return,0.74,130538
better_return,0.75,78708
better_return,0.76,73143
better_return,0.77,72546
better_return,0.78,69850
better_return,0.79,135580
better_return,0.8,75273
better_return,0.81,235069
better_return,0.82,70322
better_return,0.83,60898
better_return,0.84,57077
better_return,0.85,64264
better_return,0.86,54195
better_return,0.87,51760
better_return,0.88,51700
better_return,0.89,64330
better_return,0.9,49112
better_return,0.91,47419
better_return,0.92,42420
better_return,0.93,49486
better_return,0.94,46813
better_return,0.95,42518
better_return,0.96,38408
better_return,0.97,36856
better_return,0.98,36778
better_return,0.99,37291
better_return,1.0,34095
better_return,1.01,39248
better_return,1.02,42556
better_return,1.03,38614
better_return,1.04,37903
better_return,1.05,32092
better_return,1.06,34391
better_return,1.07,30464
better_return,1.08,29664
better_return,1.09,30667
better_return,1.1,27388
better_return,1.11,31556
better_return,1.12,32345
better_return,1.13,26682
better_return,1.14,25427
better_return,1.15,40581
better_return,1.16,24049
better_return,1.17,28399
better_return,1.18,33616
better_return,1.19,189300
better_return,1.2,22039
better_return,1.21,22806
better_return,1.22,19660
better_return,1.23,20051
better_return,1.24,19824
better_return,1.25,21366
better_return,1.26,19748
better_return,1.27,16715
better_return,1.28,19307
better_return,1.29,16432
better_return,1.3,17342
better_return,1.31,17009
better_return,1.32,16038
better_return,1.33,18863
better_return,1.34,17742
better_return,1.35,20421
better_return,1.36,16349
better_return,1.37,17976
better_return,1.38,21191
better_return,1.39,25239
better_return,1.4,32435
better_return,1.41,15821
better_return,1.42,18138
better_return,1.43,15106
better_return,1.44,16483
better_return,1.45,15293
better_return,1.46,18786
better_return,1.47,36017
better_return,1.48,20575
better_return,1.49,18349
better_return,1.5,23771
better_return,1.51,16215
better_return,1.52,17245
better_return,1.53,11176
better_return,1.54,13796
better_return,1.55,12951
better_return,1.56,11206
better_return,1.57,16867
better_return,1.58,9472
better_return,1.59,9004
better_return,1.6,11652
better_return,1.61,9554
better_return,1.62,8033
better_return,1.63,7880
better_return,1.64,9073
better_return,1.65,7433
better_return,1.66,8140
better_return,1.67,7538
better_return,1.68,11024
better_return,1.69,9771
better_return,1.7,8242
better_return,1.71,7872
better_return,1.72,10705
better_return,1.73,9953
better_return,1.74,13503
better_return,1.75,14150
better_return,1.76,7586
better_return,1.77,6471
better_return,1.78,7997
better_return,1.79,8714
better_return,1.8,8076
better_return,1.81,13256
better_return,1.82,8554
better_return,1.83,8950
better_return,1.84,7036
better_return,1.85,6197
better_return,1.86,8942
better_return,1.87,5503
better_return,1.88,10114
better_return,1.89,7680
better_return,1.9,7795
better_return,1.91,6228
better_return,1.92,5612
better_return,1.93,5988
better_return,1.94,6391
better_return,1.95,6371
better_return,1.96,6921
better_return,1.97,7201
better_return,1.98,5291
better_return,1.99,6115
safer_risk,-2.0,75
safer_risk,-1.99,56
safer_risk,-1.98,75
safer_risk,-1.97,64
safer_risk,-1.96,63
safer_risk,-1.95,68
safer_risk,-1.94,110
safer_risk,-1.93,94
safer_risk,-1.92,95
safer_risk,-1.91,149
safer_risk,-1.9,168
safer_risk,-1.89,203
safer_risk,-1.88,145
safer_risk,-1.87,110
safer_risk,-1.86,126
safer_risk,-1.85,184
safer_risk,-1.84,170
safer_risk,-1.83,132
safer_risk,-1.82,160
safer_risk,-1.81,206
safer_risk,-1.8,93
safer_risk,-1.79,98
safer_risk,-1.78,130
safer_risk,-1.77,107
safer_risk,-1.76,179
safer_risk,-1.75,313
safer_risk,-1.74,238
safer_risk,-1.73,321
safer_risk,-1.72,309
safer_risk,-1.71,311
safer_risk,-1.7,357
safer_risk,-1.69,368
safer_risk,-1.68,178
safer_risk,-1.67,144
safer_risk,-1.66,164
safer_risk,-1.65,150
safer_risk,-1.64,138
safer_risk,-1.63,156
safer_risk,-1.62,162
safer_risk,-1.61,189
safer_risk,-1.6,222
safer_risk,-1.59,205
safer_risk,-1.58,179
safer_risk,-1.57,215
safer_risk,-1.56,191
safer_risk,-1.55,133
safer_risk,-1.54,133
safer_risk,-1.53,136
safer_risk,-1.52,142
safer_risk,-1.51,215
safer_risk,-1.5,224
safer_risk,-1.49,224
safer_risk,-1.48,249
safer_risk,-1.47,205
safer_risk,-1.46,199
safer_risk,-1.45,283
safer_risk,-1.44,230
safer_risk,-1.43,274
safer_risk,-1.42,191
safer_risk,-1.41,241
safer_risk,-1.4,172
safer_risk,-1.39,383
safer_risk,-1.38,1935
safer_risk,-1.37,2052
safer_risk,-1.36,429
safer_risk,-1.35,1522
safer_risk,-1.34,450
safer_risk,-1.33,1562
safer_risk,-1.32,2081
safer_risk,-1.31,713
safer_risk,-1.3,675
safer_risk,-1.29,676
safer_risk,-1.28,763
safer_risk,-1.27,535
safer_risk,-1.26,2205
safer_risk,-1.25,502
safer_risk,-1.24,415
safer_risk,-1.23,553
safer_risk,-1.22,689
safer_risk,-1.21,1018
safer_risk,-1.2,964
safer_risk,-1.19,2642
safer_risk,-1.18,1508
safer_risk,-1.17,913
safer_risk,-1.16,1362
safer_risk,-1.15,2049
safer_risk,-1.14,1132
safer_risk,-1.13,1092
safer_risk,-1.12,965
safer_risk,-1.11,987
safer_risk,-1.1,1244
safer_risk,-1.09,2417
safer_risk,-1.08,1839
safer_risk,-1.07,2028
safer_risk,-1.06,2149
safer_risk,-1.05,4362
safer_risk,-1.04,2667
safer_risk,-1.03,2300
safer_risk,-1.02,2296
safer_risk,-1.01,4644
safer_risk,-1.0,3232
safer_risk,-0.99,2710
safer_risk,-0.98,2728
safer_risk,-0.97,2850
safer_risk,-0.96,5306
safer_risk,-0.95,4745
safer_risk,-0.94,3889
safer_risk,-0.93,4539
safer_risk,-0.92,5185
safer_risk,-0.91,5516
safer_risk,-0.9,4927
safer_risk,-0.89,6835
safer_risk,-0.88,5160
safer_risk,-0.87,6332
safer_risk,-0.86,6870
safer_risk,-0.85,7394
safer_risk,-0.84,6725
safer_risk,-0.83,12445
safer_risk,-0.82,8249
safer_risk,-0.81,9383
safer_risk,-0.8,16996
safer_risk,-0.79,13361
safer_risk,-0.78,14473
safer_risk,-0.77,19109
safer_risk,-0.76,13788
safer_risk,-0.75,14550
safer_risk,-0.74,15623
safer_risk,-0.73,17633
safer_risk,-0.72,25188
safer_risk,-0.71,18297
safer_risk,-0.7,21858
safer_risk,-0.69,27979
safer_risk,-0.68,28128
safer_risk,-0.67,27894
safer_risk,-0.66,32391
safer_risk,-0.65,35903
safer_risk,-0.64,30992
safer_risk,-0.63,33618
safer_risk,-0.62,36758
safer_risk,-0.61,40909
safer_risk,-0.6,45794
safer_risk,-0.59,57263
safer_risk,-0.58,56437
safer_risk,-0.57,63403
safer_risk,-0.56,78936
safer_risk,-0.55,127419
safer_risk,-0.54,265955
safer_risk,-0.53,91245
safer_risk,-0.52,101413
safer_risk,-0.51,152940
safer_risk,-0.5,264851
safer_risk,-0.49,120686
safer_risk,-0.48,138380
safer_risk,-0.47,149978
safer_risk,-0.46,342103
safer_risk,-0.45,253469
safer_risk,-0.44,251810
safer_risk,-0.43,446429
safer_risk,-0.42,569341
safer_risk,-0.41,438064
safer_risk,-0.4,310883
safer_risk,-0.39,348565
safer_risk,-0.38,382303
safer_risk,-0.37,528898
safer_risk,-0.36,427246
safer_risk,-0.35,465329
safer_risk,-0.34,506323
safer_risk,-0.33,553684
safer_risk,-0.32,691673
safer_risk,-0.31,797105
safer_risk,-0.3,866361
safer_risk,-0.29,1000265
safer_risk,-0.28,1009350
safer_risk,-0.27,1161453
safer_risk,-0.26,1252856
safer_risk,-0.25,1580060
safer_risk,-0.24,1829865
safer_risk,-0.23,1845000
safer_risk,-0.22,2156817
safer_risk,-0.21,2841106
safer_risk,-0.2,2533255
safer_risk,-0.19,3048588
safer_risk,-0.18,3282798
safer_risk,-0.17,3253812
safer_risk,-0.16,3261190
safer_risk,-0.15,3458051
safer_risk,-0.14,3912469
safer_risk,-0.13,4626473
safer_risk,-0.12,5132720
safer_risk,-0.11,4953112
safer_risk,-0.1,5466006
safer_risk,-0.09,5714576
safer_risk,-0.08,5789531
safer_risk,-0.07,6573168
safer_risk,-0.06,6607382
safer_risk,-0.05,7353169
safer_risk,-0.04,7595795
safer_risk,-0.03,8449589
safer_risk,-0.02,10558134
safer_risk,-0.01,18334860
safer_risk,0.0,14548844
safer_risk,0.01,7587744
safer_risk,0.02,5747639
safer_risk,0.03,4748810
safer_risk,0.04,4042695
safer_risk,0.05,3921535
safer_risk,0.06,3097527
safer_risk,0.07,2810516
safer_risk,0.08,2542048
safer_risk,0.09,2270983
safer_risk,0.1,2225550
safer_risk,0.11,1912576
safer_risk,0.12,2181931
safer_risk,0.13,1803822
safer_risk,0.14,1467078
safer_risk,0.15,1327313
safer_risk,0.16,1699449
safer_risk,0.17,1217989
safer_risk,0.18,1059121
safer_risk,0.19,1009024
safer_risk,0.2,940586
safer_risk,0.21,1015014
safer_risk,0.22,773597
safer_risk,0.23,718084
safer_risk,0.24,775650
safer_risk,0.25,1086890
safer_risk,0.26,670033
safer_risk,0.27,872124
safer_risk,0.28,593620
safer_risk,0.29,761337
safer_risk,0.3,697366
safer_risk,0.31,435370
safer_risk,0.32,489410
safer_risk,0.33,439766
safer_risk,0.34,439927
safer_risk,0.35,366151
safer_risk,0.36,376273
safer_risk,0.37,370369
safer_risk,0.38,406832
safer_risk,0.39,348560
safer_risk,0.4,323637
safer_risk,0.41,274584
safer_risk,0.42,417092
safer_risk,0.43,250890
safer_risk,0.44,226663
safer_risk,0.45,226415
safer_risk,0.46,327210
safer_risk,0.47,201648
safer_risk,0.48,188133
safer_risk,0.49,343894
safer_risk,0.5,238059
safer_risk,0.51,177903
safer_risk,0.52,161277
safer_risk,0.53,151894
safer_risk,0.54,164608
safer_risk,0.55,145141
safer_risk,0.56,194218
safer_risk,0.57,134048
safer_risk,0.58,128487
safer_risk,0.59,183301
safer_risk,0.6,133471
safer_risk,0.61,118667
safer_risk,0.62,121376
safer_risk,0.63,135605
safer_risk,0.64,124259
safer_risk,0.65,276007
safer_risk,0.66,126268
safer_risk,0.67,104866
safer_risk,0.68,101245
safer_risk,0.69,112375
safer_risk,0.7,96643
safer_risk,0.71,80128
safer_risk,0.72,74100
safer_risk,0.73,83656
safer_risk,0.74,126330
safer_risk,0.75,70695
safer_risk,0.76,69055
safer_risk,0.77,68031
safer_risk,0.78,68713
safer_risk,0.79,136613
safer_risk,0.8,247044
safer_risk,0.81,231180
safer_risk,0.82,226300
safer_risk,0.83,77943
safer_risk,0.84,53855
safer_risk,0.85,63485
safer_risk,0.86,46018
safer_risk,0.87,43906
safer_risk,0.88,50606
safer_risk,0.89,49106
safer_risk,0.9,41660
safer_risk,0.91,47071
safer_risk,0.92,40026
safer_risk,0.93,39477
safer_risk,0.94,39405
safer_risk,0.95,38914
safer_risk,0.96,35018
safer_risk,0.97,36916
safer_risk,0.98,34120
safer_risk,0.99,32772
safer_risk,1.0,39053
safer_risk,1.01,31936
safer_risk,1.02,33434
safer_risk,1.03,41924
safer_risk,1.04,39297
safer_risk,1.05,31109
safer_risk,1.06,29108
safer_risk,1.07,29955
safer_risk,1.08,27138
safer_risk,1.09,28149
safer_risk,1.1,24775
safer_risk,1.11,27467
safer_risk,1.12,28558
safer_risk,1.13,27354
safer_risk,1.14,26962
safer_risk,1.15,40915
safer_risk,1.16,22600
safer_risk,1.17,21676
safer_risk,1.18,32492
safer_risk,1.19,25162
safer_risk,1.2,23193
safer_risk,1.21,21286
safer_risk,1.22,19279
safer_risk,1.23,17950
safer_risk,1.24,17889
safer_risk,1.25,18382
safer_risk,1.26,18717
safer_risk,1.27,18706
safer_risk,1.28,18517
safer_risk,1.29,16367
safer_risk,1.3,15884
safer_risk,1.31,14968
safer_risk,1.32,16308
safer_risk,1.33,16091
safer_risk,1.34,15446
safer_risk,1.35,19123
safer_risk,1.36,18490
safer_risk,1.37,18165
safer_risk,1.38,16420
safer_risk,1.39,24840
safer_risk,1.4,17802
safer_risk,1.41,14573
safer_risk,1.42,14143
safer_risk,1.43,16464
safer_risk,1.44,13127
safer_risk,1.45,12850
safer_risk,1.46,14015
safer_risk,1.47,165968
safer_risk,1.48,13922
safer_risk,1.49,15278
safer_risk,1.5,27846
safer_risk,1.51,11932
safer_risk,1.52,10408
safer_risk,1.53,10129
safer_risk,1.54,12833
safer_risk,1.55,11174
safer_risk,1.56,10908
safer_risk,1.57,7920
safer_risk,1.58,8961
safer_risk,1.59,9398
safer_risk,1.6,14243
safer_risk,1.61,9985
safer_risk,1.62,9819
safer_risk,1.63,7584
safer_risk,1.64,8441
safer_risk,1.65,7327
safer_risk,1.66,8257
safer_risk,1.67,7096
safer_risk,1.68,7667
safer_risk,1.69,6857
safer_risk,1.7,7400
safer_risk,1.71,7321
safer_risk,1.72,7361
safer_risk,1.73,7859
safer_risk,1.74,7453
safer_risk,1.75,13526
safer_risk,1.76,6056
safer_risk,1.77,6257
safer_risk,1.78,6310
safer_risk,1.79,6603
safer_risk,1.8,6239
safer_risk,1.81,6020
safer_risk,1.82,6465
safer_risk,1.83,6309
safer_risk,1.84,6915
safer_risk,1.85,6579
safer_risk,1.86,6056
safer_risk,1.87,6262
safer_risk,1.88,6884
safer_risk,1.89,5685
safer_risk,1.9,6083
safer_risk,1.91,5182
safer_risk,1.92,5231
safer_risk,1.93,5103
safer_risk,1.94,5806
safer_risk,1.95,5304
safer_risk,1.96,6030
safer_risk,1.97,6438
safer_risk,1.98,5475
safer_risk,1.99,5118
max_sharpe,-2.0,150
max_sharpe,-1.99,26
max_sharpe,-1.98,33
max_sharpe,-1.97,48
max_sharpe,-1.96,17
max_sharpe,-1.95,89
max_sharpe,-1.94,71
max_sharpe,-1.93,118
max_sharpe,-1.92,292
max_sharpe,-1.91,622
max_sharpe,-1.9,464
max_sharpe,-1.89,622
max_sharpe,-1.88,387
max_sharpe,-1.87,341
max_sharpe,-1.86,437
max_sharpe,-1.85,508
max_sharpe,-1.84,267
max_sharpe,-1.83,121
max_sharpe,-1.82,195
max_sharpe,-1.81,442
max_sharpe,-1.8,136
max_sharpe,-1.79,130
max_sharpe,-1.78,110
max_sharpe,-1.77,139
max_sharpe,-1.76,457
max_sharpe,-1.75,1200
max_sharpe,-1.74,639
max_sharpe,-1.73,1048
max_sharpe,-1.72,836
max_sharpe,-1.71,530
max_sharpe,-1.7,490
max_sharpe,-1.69,185
max_sharpe,-1.68,197
max_sharpe,-1.67,135
max_sharpe,-1.66,186
max_sharpe,-1.65,162
max_sharpe,-1.64,149
max_sharpe,-1.63,238
max_sharpe,-1.62,256
max_sharpe,-1.61,1100
max_sharpe,-1.6,684
max_sharpe,-1.59,682
max_sharpe,-1.58,512
max_sharpe,-1.57,185
max_sharpe,-1.56,229
max_sharpe,-1.55,175
max_sharpe,-1.54,86
max_sharpe,-1.53,278
max_sharpe,-1.52,177
max_sharpe,-1.51,579
max_sharpe,-1.5,275
max_sharpe,-1.49,220
max_sharpe,-1.48,494
max_sharpe,-1.47,501
max_sharpe,-1.46,490
max_sharpe,-1.45,608
max_sharpe,-1.44,712
max_sharpe,-1.43,717
max_sharpe,-1.42,529
max_sharpe,-1.41,870
max_sharpe,-1.4,698
max_sharpe,-1.39,1001
max_sharpe,-1.38,2289
max_sharpe,-1.37,808
max_sharpe,-1.36,4087
max_sharpe,-1.35,5686
max_sharpe,-1.34,2903
max_sharpe,-1.33,1062
max_sharpe,-1.32,1154
max_sharpe,-1.31,1766
max_sharpe,-1.3,1202
max_sharpe,-1.29,933
max_sharpe,-1.28,834
max_sharpe,-1.27,1099
max_sharpe,-1.26,958
max_sharpe,-1.25,989
max_sharpe,-1.24,942
max_sharpe,-1.23,1819
max_sharpe,-1.22,1889
max_sharpe,-1.21,1167
max_sharpe,-1.2,1527
max_sharpe,-1.19,3382
max_sharpe,-1.18,1089
max_sharpe,-1.17,922
max_sharpe,-1.16,1354
max_sharpe,-1.15,1886
max_sharpe,-1.14,2081
max_sharpe,-1.13,1020
max_sharpe,-1.12,1247
max_sharpe,-1.11,2108
max_sharpe,-1.1,2412
max_sharpe,-1.09,4334
max_sharpe,-1.08,5002
max_sharpe,-1.07,6342
max_sharpe,-1.06,5953
max_sharpe,-1.05,8623
max_sharpe,-1.04,13423
max_sharpe,-1.03,4519
max_sharpe,-1.02,4452
max_sharpe,-1.01,10390
max_sharpe,-1.0,5988
max_sharpe,-0.99,3762
max_sharpe,-0.98,5312
max_sharpe,-0.97,6968
max_sharpe,-0.96,6236
max_sharpe,-0.95,10137
max_sharpe,-0.94,19552
max_sharpe,-0.93,8053
max_sharpe,-0.92,8773
max_sharpe,-0.91,8315
max_sharpe,-0.9,9215
max_sharpe,-0.89,11196
max_sharpe,-0.88,11886
max_sharpe,-0.87,9944
max_sharpe,-0.86,12864
max_sharpe,-0.85,14629
max_sharpe,-0.84,11406
max_sharpe,-0.83,34040
max_sharpe,-0.82,20459
max_sharpe,-0.81,22020
max_sharpe,-0.8,26039
max_sharpe,-0.79,31779
max_sharpe,-0.78,24609
max_sharpe,-0.77,51167
max_sharpe,-0.76,24031
max_sharpe,-0.75,22826
max_sharpe,-0.74,33247
max_sharpe,-0.73,32133
max_sharpe,-0.72,61815
max_sharpe,-0.71,37429
max_sharpe,-0.7,38527
max_sharpe,-0.69,75436
max_sharpe,-0.68,63130
max_sharpe,-0.67,59122
max_sharpe,-0.66,57812
max_sharpe,-0.65,81824
max_sharpe,-0.64,49470
max_sharpe,-0.63,70808
max_sharpe,-0.62,81149
max_sharpe,-0.61,75476
max_sharpe,-0.6,88865
max_sharpe,-0.59,84930
max_sharpe,-0.58,113157
max_sharpe,-0.57,163010
max_sharpe,-0.56,132287
max_sharpe,-0.55,196441
max_sharpe,-0.54,316359
max_sharpe,-0.53,162969
max_sharpe,-0.52,168485
max_sharpe,-0.51,207723
max_sharpe,-0.5,156752
max_sharpe,-0.49,173327
max_sharpe,-0.48,210013
max_sharpe,-0.47,210815
max_sharpe,-0.46,247217
max_sharpe,-0.45,272932
max_sharpe,-0.44,405875
max_sharpe,-0.43,647862
max_sharpe,-0.42,365631
max_sharpe,-0.41,545914
max_sharpe,-0.4,397510
max_sharpe,-0.39,447885
max_sharpe,-0.38,487974
max_sharpe,-0.37,495205
max_sharpe,-0.36,672338
max_sharpe,-0.35,653862
max_sharpe,-0.34,874304
max_sharpe,-0.33,827232
max_sharpe,-0.32,900973
max_sharpe,-0.31,934923
max_sharpe,-0.3,1417073
max_sharpe,-0.29,1276578
max_sharpe,-0.28,1319749
max_sharpe,-0.27,1588416
max_sharpe,-0.26,1692714
max_sharpe,-0.25,1819595
max_sharpe,-0.24,2021653
max_sharpe,-0.23,2347098
max_sharpe,-0.22,2569926
max_sharpe,-0.21,3585761
max_sharpe,-0.2,3012906
max_sharpe,-0.19,3099546
max_sharpe,-0.18,3283364
max_sharpe,-0.17,3221628
max_sharpe,-0.16,3445433
max_sharpe,-0.15,3499314
max_sharpe,-0.14,4048205
max_sharpe,-0.13,4317585
max_sharpe,-0.12,4849602
max_sharpe,-0.11,4567275
max_sharpe,-0.1,5331681
max_sharpe,-0.09,4728591
max_sharpe,-0.08,5177809
max_sharpe,-0.07,5942964
max_sharpe,-0.06,5197410
max_sharpe,-0.05,6311919
max_sharpe,-0.04,6995931
max_sharpe,-0.03,7575739
max_sharpe,-0.02,10693904
max_sharpe,-0.01,18364077
max_sharpe,0.0,15022605
max_sharpe,0.01,7864251
max_sharpe,0.02,5565360
max_sharpe,0.03,4496789
max_sharpe,0.04,3920950
max_sharpe,0.05,3531259
max_sharpe,0.06,2734587
max_sharpe,0.07,2261752
max_sharpe,0.08,2027199
max_sharpe,0.09,2085430
max_sharpe,0.1,1934738
max_sharpe,0.11,1764064
max_sharpe,0.12,2168929
max_sharpe,0.13,2170098
max_sharpe,0.14,1348010
max_sharpe,0.15,1264564
max_sharpe,0.16,1458688
max_sharpe,0.17,1190872
max_sharpe,0.18,1037776
max_sharpe,0.19,1017673
max_sharpe,0.2,904216
max_sharpe,0.21,683713
max_sharpe,0.22,824258
max_sharpe,0.23,1231619
max_sharpe,0.24,758159
max_sharpe,0.25,957986
max_sharpe,0.26,650673
max_sharpe,0.27,1300139
max_sharpe,0.28,668763
max_sharpe,0.29,592910
max_sharpe,0.3,934958
max_sharpe,0.31,450363
max_sharpe,0.32,454521
max_sharpe,0.33,640392
max_sharpe,0.34,610418
max_sharpe,0.35,386866
max_sharpe,0.36,417577
max_sharpe,0.37,415209
max_sharpe,0.38,432138
max_sharpe,0.39,323521
max_sharpe,0.4,373155
max_sharpe,0.41,306827
max_sharpe,0.42,285916
max_sharpe,0.43,270517
max_sharpe,0.44,251007
max_sharpe,0.45,269649
max_sharpe,0.46,329180
max_sharpe,0.47,195129
max_sharpe,0.48,174433
max_sharpe,0.49,168151
max_sharpe,0.5,193240
max_sharpe,0.51,187925
max_sharpe,0.52,170078
max_sharpe,0.53,139646
max_sharpe,0.54,173707
max_sharpe,0.55,155275
max_sharpe,0.56,205373
max_sharpe,0.57,141295
max_sharpe,0.58,111476
max_sharpe,0.59,201002
max_sharpe,0.6,122286
max_sharpe,0.61,132210
max_sharpe,0.62,131469
max_sharpe,0.63,123438
max_sharpe,0.64,142575
max_sharpe,0.65,134452
max_sharpe,0.66,132864
max_sharpe,0.67,132891
max_sharpe,0.68,194216
max_sharpe,0.69,121481
max_sharpe,0.7,120164
max_sharpe,0.71,89030
max_sharpe,0.72,90202
max_sharpe,0.73,96584
max_sharpe,0.74,72969
max_sharpe,0.75,80981
max_sharpe,0.76,70711
max_sharpe,0.77,74499
max_sharpe,0.78,56286
max_sharpe,0.79,100603
max_sharpe,0.8,64413
max_sharpe,0.81,68562
max_sharpe,0.82,60347
max_sharpe,0.83,65241
max_sharpe,0.84,46034
max_sharpe,0.85,49777
max_sharpe,0.86,53876
max_sharpe,0.87,47175
max_sharpe,0.88,53354
max_sharpe,0.89,58115
max_sharpe,0.9,54255
max_sharpe,0.91,51824
max_sharpe,0.92,56667
max_sharpe,0.93,73050
max_sharpe,0.94,213854
max_sharpe,0.95,47787
max_sharpe,0.96,39310
max_sharpe,0.97,39615
max_sharpe,0.98,35534
max_sharpe,0.99,38915
max_sharpe,1.0,38075
max_sharpe,1.01,35970
max_sharpe,1.02,33268
max_sharpe,1.03,210111
max_sharpe,1.04,38561
max_sharpe,1.05,33941
max_sharpe,1.06,37073
max_sharpe,1.07,32457
max_sharpe,1.08,24158
max_sharpe,1.09,29446
max_sharpe,1.1,24768
max_sharpe,1.11,34284
max_sharpe,1.12,37748
max_sharpe,1.13,27228
max_sharpe,1.14,29399
max_sharpe,1.15,102632
max_sharpe,1.16,24241
max_sharpe,1.17,20123
max_sharpe,1.18,41106
max_sharpe,1.19,35749
max_sharpe,1.2,24373
max_sharpe,1.21,20564
max_sharpe,1.22,19913
max_sharpe,1.23,19281
max_sharpe,1.24,17048
max_sharpe,1.25,19889
max_sharpe,1.26,16755
max_sharpe,1.27,21100
max_sharpe,1.28,17039
max_sharpe,1.29,20370
max_sharpe,1.3,22370
max_sharpe,1.31,21702
max_sharpe,1.32,18456
max_sharpe,1.33,16041
max_sharpe,1.34,16177
max_sharpe,1.35,27901
max_sharpe,1.36,19457
max_sharpe,1.37,19803
max_sharpe,1.38,16767
max_sharpe,1.39,14241
max_sharpe,1.4,12900
max_sharpe,1.41,16077
max_sharpe,1.42,9352
max_sharpe,1.43,10440
max_sharpe,1.44,14692
max_sharpe,1.45,10668
max_sharpe,1.46,18594
max_sharpe,1.47,29200
max_sharpe,1.48,24716
max_sharpe,1.49,14520
max_sharpe,1.5,25586
max_sharpe,1.51,18163
max_sharpe,1.52,12086
max_sharpe,1.53,13020
max_sharpe,1.54,82983
max_sharpe,1.55,8774
max_sharpe,1.56,9712
max_sharpe,1.57,7301
max_sharpe,1.58,10258
max_sharpe,1.59,7288
max_sharpe,1.6,14089
max_sharpe,1.61,5920
max_sharpe,1.62,6405
max_sharpe,1.63,7663
max_sharpe,1.64,7748
max_sharpe,1.65,8006
max_sharpe,1.66,7012
max_sharpe,1.67,15367
max_sharpe,1.68,6985
max_sharpe,1.69,7047
max_sharpe,1.7,11215
max_sharpe,1.71,8651
max_sharpe,1.72,9942
max_sharpe,1.73,10429
max_sharpe,1.74,16584
max_sharpe,1.75,39889
max_sharpe,1.76,5699
max_sharpe,1.77,4950
max_sharpe,1.78,11965
max_sharpe,1.79,9566
max_sharpe,1.8,12629
max_sharpe,1.81,20236
max_sharpe,1.82,12589
max_sharpe,1.83,11242
max_sharpe,1.84,8364
max_sharpe,1.85,7746
max_sharpe,1.86,6821
max_sharpe,1.87,6509
max_sharpe,1.88,6077
max_sharpe,1.89,9104
max_sharpe,1.9,8142
max_sharpe,1.91,5606
max_sharpe,1.92,5608
max_sharpe,1.93,4751
max_sharpe,1.94,8496
max_sharpe,1.95,4861
max_sharpe,1.96,9884
max_sharpe,1.97,21138
max_sharpe,1.98,5086
max_sharpe,1.99,3567
equal_weight,-2.0,72
equal_weight,-1.99,115
equal_weight,-1.98,84
equal_weight,-1.97,67
equal_weight,-1.96,84
equal_weight,-1.95,77
equal_weight,-1.94,100
equal_weight,-1.93,194
equal_weight,-1.92,67
equal_weight,-1.91,98
equal_weight,-1.9,66
equal_weight,-1.89,294
equal_weight,-1.88,66
equal_weight,-1.87,45
equal_weight,-1.86,77
equal_weight,-1.85,67
equal_weight,-1.84,39
equal_weight,-1.83,91
equal_weight,-1.82,89
equal_weight,-1.81,60
equal_weight,-1.8,116
equal_weight,-1.79,52
equal_weight,-1.78,55
equal_weight,-1.77,96
equal_weight,-1.76,75
equal_weight,-1.75,65
equal_weight,-1.74,62
equal_weight,-1.73,80
equal_weight,-1.72,40
equal_weight,-1.71,496
equal_weight,-1.7,71
equal_weight,-1.69,55
equal_weight,-1.68,86
equal_weight,-1.67,74
equal_weight,-1.66,110
equal_weight,-1.65,65
equal_weight,-1.64,145
equal_weight,-1.63,87
equal_weight,-1.62,91
equal_weight,-1.61,94
equal_weight,-1.6,100
equal_weight,-1.59,140
equal_weight,-1.58,259
equal_weight,-1.57,71
equal_weight,-1.56,69
equal_weight,-1.55,56
equal_weight,-1.54,107
equal_weight,-1.53,65
equal_weight,-1.52,56
equal_weight,-1.51,77
equal_weight,-1.5,75
equal_weight,-1.49,86
equal_weight,-1.48,130
equal_weight,-1.47,76
equal_weight,-1.46,96
equal_weight,-1.45,105
equal_weight,-1.44,115
equal_weight,-1.43,98
equal_weight,-1.42,272
equal_weight,-1.41,104
equal_weight,-1.4,116
equal_weight,-1.39,146
equal_weight,-1.38,254
equal_weight,-1.37,261
equal_weight,-1.36,184
equal_weight,-1.35,477
equal_weight,-1.34,235
equal_weight,-1.33,184
equal_weight,-1.32,337
equal_weight,-1.31,167
equal_weight,-1.3,422
equal_weight,-1.29,1126
equal_weight,-1.28,238
equal_weight,-1.27,651
equal_weight,-1.26,201
equal_weight,-1.25,238
equal_weight,-1.24,238
equal_weight,-1.23,491
equal_weight,-1.22,280
equal_weight,-1.21,393
equal_weight,-1.2,276
equal_weight,-1.19,640
equal_weight,-1.18,257
equal_weight,-1.17,461
equal_weight,-1.16,241
equal_weight,-1.15,481
equal_weight,-1.14,865
equal_weight,-1.13,1247
equal_weight,-1.12,530
equal_weight,-1.11,499
equal_weight,-1.1,527
equal_weight,-1.09,651
equal_weight,-1.08,2413
equal_weight,-1.07,1663
equal_weight,-1.06,1203
equal_weight,-1.05,720
equal_weight,-1.04,1577
equal_weight,-1.03,1662
equal_weight,-1.02,765
equal_weight,-1.01,1362
equal_weight,-1.0,1378
equal_weight,-0.99,987
equal_weight,-0.98,897
equal_weight,-0.97,2029
equal_weight,-0.96,1624
equal_weight,-0.95,1339
equal_weight,-0.94,1682
equal_weight,-0.93,3234
equal_weight,-0.92,2010
equal_weight,-0.91,1831
equal_weight,-0.9,2108
equal_weight,-0.89,1762
equal_weight,-0.88,1883
equal_weight,-0.87,1789
equal_weight,-0.86,2857
equal_weight,-0.85,2340
equal_weight,-0.84,2358
equal_weight,-0.83,3955
equal_weight,-0.82,3145
equal_weight,-0.81,3829
equal_weight,-0.8,22973
equal_weight,-0.79,3560
equal_weight,-0.78,6213
equal_weight,-0.77,9030
equal_weight,-0.76,7528
equal_weight,-0.75,6976
equal_weight,-0.74,6160
equal_weight,-0.73,6067
equal_weight,-0.72,10911
equal_weight,-0.71,7280
equal_weight,-0.7,13539
equal_weight,-0.69,9257
equal_weight,-0.68,9755
equal_weight,-0.67,11007
equal_weight,-0.66,13712
equal_weight,-0.65,13032
equal_weight,-0.64,14983
equal_weight,-0.63,17136
equal_weight,-0.62,15432
equal_weight,-0.61,26017
equal_weight,-0.6,21514
equal_weight,-0.59,24806
equal_weight,-0.58,27991
equal_weight,-0.57,48337
equal_weight,-0.56,36897
equal_weight,-0.55,35445
equal_weight,-0.54,42455
equal_weight,-0.53,49048
equal_weight,-0.52,53165
equal_weight,-0.51,63807
equal_weight,-0.5,63569
equal_weight,-0.49,67624
equal_weight,-0.48,95499
equal_weight,-0.47,92933
equal_weight,-0.46,93066
equal_weight,-0.45,126058
equal_weight,-0.44,125316
equal_weight,-0.43,216563
equal_weight,-0.42,162823
equal_weight,-0.41,175637
equal_weight,-0.4,231143
equal_weight,-0.39,228516
equal_weight,-0.38,470942
equal_weight,-0.37,473832
equal_weight,-0.36,381292
equal_weight,-0.35,404477
equal_weight,-0.34,600800
equal_weight,-0.33,506160
equal_weight,-0.32,839285
equal_weight,-0.31,913584
equal_weight,-0.3,882104
equal_weight,-0.29,903922
equal_weight,-0.28,945892
equal_weight,-0.27,1097193
equal_weight,-0.26,1314440
equal_weight,-0.25,1615756
equal_weight,-0.24,1686138
equal_weight,-0.23,1982503
equal_weight,-0.22,2254215
equal_weight,-0.21,2533079
equal_weight,-0.2,2742481
equal_weight,-0.19,2678246
equal_weight,-0.18,3018782
equal_weight,-0.17,3654342
equal_weight,-0.16,4031706
equal_weight,-0.15,4346436
equal_weight,-0.14,4736737
equal_weight,-0.13,4921751
equal_weight,-0.12,5807420
equal_weight,-0.11,6454776
equal_weight,-0.1,6266866
equal_weight,-0.09,6613667
equal_weight,-0.08,7735887
equal_weight,-0.07,7283905
equal_weight,-0.06,7745833
equal_weight,-0.05,7935486
equal_weight,-0.04,8110384
equal_weight,-0.03,7753057
equal_weight,-0.02,7845318
equal_weight,-0.01,14516829
equal_weight,0.0,11256766
equal_weight,0.01,6404573
equal_weight,0.02,5336073
equal_weight,0.03,4697357
equal_weight,0.04,4461171
equal_weight,0.05,4200382
equal_weight,0.06,3554565
equal_weight,0.07,3082581
equal_weight,0.08,2832305
equal_weight,0.09,2602631
equal_weight,0.1,2414875
equal_weight,0.11,1973957
equal_weight,0.12,2046379
equal_weight,0.13,1613662
equal_weight,0.14,1498049
equal_weight,0.15,1673799
equal_weight,0.16,1337595
equal_weight,0.17,1170208
equal_weight,0.18,1092066
equal_weight,0.19,1375756
equal_weight,0.2,977216
equal_weight,0.21,992692
equal_weight,0.22,876445
equal_weight,0.23,844809
equal_weight,0.24,746249
equal_weight,0.25,906328
equal_weight,0.26,876192
equal_weight,0.27,698461
equal_weight,0.28,747018
equal_weight,0.29,800116
equal_weight,0.3,518161
equal_weight,0.31,529748
equal_weight,0.32,457389
equal_weight,0.33,555338
equal_weight,0.34,429657
equal_weight,0.35,409371
equal_weight,0.36,501795
equal_weight,0.37,629624
equal_weight,0.38,337755
equal_weight,0.39,711306
equal_weight,0.4,296424
equal_weight,0.41,326321
equal_weight,0.42,306884
equal_weight,0.43,279103
equal_weight,0.44,331449
equal_weight,0.45,420999
equal_weight,0.46,269140
equal_weight,0.47,230323
equal_weight,0.48,201311
equal_weight,0.49,205591
equal_weight,0.5,211103
equal_weight,0.51,197318
equal_weight,0.52,190813
equal_weight,0.53,362453
equal_weight,0.54,405997
equal_weight,0.55,143911
equal_weight,0.56,175633
equal_weight,0.57,355761
equal_weight,0.58,126782
equal_weight,0.59,155722
equal_weight,0.6,122228
equal_weight,0.61,119914
equal_weight,0.62,111606
equal_weight,0.63,165885
equal_weight,0.64,100503
equal_weight,0.65,108935
equal_weight,0.66,91933
equal_weight,0.67,91559
equal_weight,0.68,75238
equal_weight,0.69,85908
equal_weight,0.7,75882
equal_weight,0.71,62516
equal_weight,0.72,65976
equal_weight,0.73,266557
equal_weight,0.74,66478
equal_weight,0.75,73367
equal_weight,0.76,231043
equal_weight,0.77,89285
equal_weight,0.78,86036
equal_weight,0.79,60321
equal_weight,0.8,46180
equal_weight,0.81,71263
equal_weight,0.82,54632
equal_weight,0.83,57988
equal_weight,0.84,45858
equal_weight,0.85,65244
equal_weight,0.86,47324
equal_weight,0.87,48818
equal_weight,0.88,68538
equal_weight,0.89,46687
equal_weight,0.9,58333
equal_weight,0.91,46762
equal_weight,0.92,36893
equal_weight,0.93,42415
equal_weight,0.94,34022
equal_weight,0.95,33004
equal_weight,0.96,31057
equal_weight,0.97,48071
equal_weight,0.98,27527
equal_weight,0.99,37365
equal_weight,1.0,30270
equal_weight,1.01,218819
equal_weight,1.02,25695
equal_weight,1.03,29015
equal_weight,1.04,23238
equal_weight,1.05,44491
equal_weight,1.06,26983
equal_weight,1.07,24402
equal_weight,1.08,30189
equal_weight,1.09,34885
equal_weight,1.1,21131
equal_weight,1.11,21259
equal_weight,1.12,20948
equal_weight,1.13,20762
equal_weight,1.14,33930
equal_weight,1.15,25336
equal_weight,1.16,29792
equal_weight,1.17,24117
equal_weight,1.18,16929
equal_weight,1.19,19067
equal_weight,1.2,22224
equal_weight,1.21,17388
equal_weight,1.22,17411
equal_weight,1.23,15357
equal_weight,1.24,27873
equal_weight,1.25,26711
equal_weight,1.26,19858
equal_weight,1.27,24470
equal_weight,1.28,22664
equal_weight,1.29,16785
equal_weight,1.3,15645
equal_weight,1.31,27312
equal_weight,1.32,13205
equal_weight,1.33,39623
equal_weight,1.34,11800
equal_weight,1.35,17151
equal_weight,1.36,11353
equal_weight,1.37,15523
equal_weight,1.38,12688
equal_weight,1.39,17520
equal_weight,1.4,37711
equal_weight,1.41,11974
equal_weight,1.42,12596
equal_weight,1.43,12786
equal_weight,1.44,12766
equal_weight,1.45,12888
equal_weight,1.46,11789
equal_weight,1.47,13253
equal_weight,1.48,10319
equal_weight,1.49,9564
equal_weight,1.5,8780
equal_weight,1.51,11281
equal_weight,1.52,9931
equal_weight,1.53,16019
equal_weight,1.54,14464
equal_weight,1.55,13246
equal_weight,1.56,13202
equal_weight,1.57,11067
equal_weight,1.58,10658
equal_weight,1.59,13041
equal_weight,1.6,10915
equal_weight,1.61,8450
equal_weight,1.62,8947
equal_weight,1.63,9965
equal_weight,1.64,11844
equal_weight,1.65,8597
equal_weight,1.66,9024
equal_weight,1.67,7699
equal_weight,1.68,8043
equal_weight,1.69,7358
equal_weight,1.7,9612
equal_weight,1.71,8700
equal_weight,1.72,8634
equal_weight,1.73,9469
equal_weight,1.74,7613
equal_weight,1.75,10988
equal_weight,1.76,9571
equal_weight,1.77,6358
equal_weight,1.78,6427
equal_weight,1.79,11384
equal_weight,1.8,8773
equal_weight,1.81,8305
equal_weight,1.82,8050
equal_weight,1.83,7871
equal_weight,1.84,11856
equal_weight,1.85,8685
equal_weight,1.86,9978
equal_weight,1.87,5364
equal_weight,1.88,6063
equal_weight,1.89,6080
equal_weight,1.9,6921
equal_weight,1.91,9641
equal_weight,1.92,6969
equal_weight,1.93,69469
equal_weight,1.94,6752
equal_weight,1.95,6341
equal_weight,1.96,10055
equal_weight,1.97,5800
equal_weight,1.98,5503
equal_weight,1.99,8538
mcap_weight,-2.0,24
mcap_weight,-1.99,9
mcap_weight,-1.98,35
mcap_weight,-1.97,9
mcap_weight,-1.96,14
mcap_weight,-1.95,20
mcap_weight,-1.94,25
mcap_weight,-1.93,22
mcap_weight,-1.92,20
mcap_weight,-1.91,224
mcap_weight,-1.9,41
mcap_weight,-1.89,27
mcap_weight,-1.88,74
mcap_weight,-1.87,31
mcap_weight,-1.86,219
mcap_weight,-1.85,97
mcap_weight,-1.84,85
mcap_weight,-1.83,71
mcap_weight,-1.82,89
mcap_weight,-1.81,54
mcap_weight,-1.8,68
mcap_weight,-1.79,34
mcap_weight,-1.78,43
mcap_weight,-1.77,31
mcap_weight,-1.76,86
mcap_weight,-1.75,39
mcap_weight,-1.74,57
mcap_weight,-1.73,53
mcap_weight,-1.72,50
mcap_weight,-1.71,49
mcap_weight,-1.7,59
mcap_weight,-1.69,26
mcap_weight,-1.68,32
mcap_weight,-1.67,15
mcap_weight,-1.66,74
mcap_weight,-1.65,28
mcap_weight,-1.64,40
mcap_weight,-1.63,31
mcap_weight,-1.62,793
mcap_weight,-1.61,144
mcap_weight,-1.6,43
mcap_weight,-1.59,41
mcap_weight,-1.58,98
mcap_weight,-1.57,709
mcap_weight,-1.56,77
mcap_weight,-1.55,40
mcap_weight,-1.54,80
mcap_weight,-1.53,1674
mcap_weight,-1.52,147
mcap_weight,-1.51,62
mcap_weight,-1.5,302
mcap_weight,-1.49,1650
mcap_weight,-1.48,144
mcap_weight,-1.47,89
mcap_weight,-1.46,165
mcap_weight,-1.45,140
mcap_weight,-1.44,141
mcap_weight,-1.43,88
mcap_weight,-1.42,173
mcap_weight,-1.41,177
mcap_weight,-1.4,317
mcap_weight,-1.39,190
mcap_weight,-1.38,131
mcap_weight,-1.37,116
mcap_weight,-1.36,364
mcap_weight,-1.35,120
mcap_weight,-1.34,171
mcap_weight,-1.33,101
mcap_weight,-1.32,105
mcap_weight,-1.31,161
mcap_weight,-1.3,1746
mcap_weight,-1.29,259
mcap_weight,-1.28,2027
mcap_weight,-1.27,667
mcap_weight,-1.26,430
mcap_weight,-1.25,430
mcap_weight,-1.24,456
mcap_weight,-1.23,249
mcap_weight,-1.22,237
mcap_weight,-1.21,1143
mcap_weight,-1.2,241
mcap_weight,-1.19,239
mcap_weight,-1.18,320
mcap_weight,-1.17,389
mcap_weight,-1.16,1154
mcap_weight,-1.15,634
mcap_weight,-1.14,547
mcap_weight,-1.13,961
mcap_weight,-1.12,829
mcap_weight,-1.11,1616
mcap_weight,-1.1,1206
mcap_weight,-1.09,942
mcap_weight,-1.08,1608
mcap_weight,-1.07,1020
mcap_weight,-1.06,1080
mcap_weight,-1.05,1234
mcap_weight,-1.04,1076
mcap_weight,-1.03,1039
mcap_weight,-1.02,1279
mcap_weight,-1.01,2307
mcap_weight,-1.0,1737
mcap_weight,-0.99,1586
mcap_weight,-0.98,1610
mcap_weight,-0.97,1979
mcap_weight,-0.96,4257
mcap_weight,-0.95,3857
mcap_weight,-0.94,4490
mcap_weight,-0.93,5010
mcap_weight,-0.92,3159
mcap_weight,-0.91,7051
mcap_weight,-0.9,8612
mcap_weight,-0.89,6794
mcap_weight,-0.88,5671
mcap_weight,-0.87,5892
mcap_weight,-0.86,13268
mcap_weight,-0.85,13661
mcap_weight,-0.84,6750
mcap_weight,-0.83,9575
mcap_weight,-0.82,6627
mcap_weight,-0.81,8546
mcap_weight,-0.8,33275
mcap_weight,-0.79,14299
mcap_weight,-0.78,10219
mcap_weight,-0.77,10639
mcap_weight,-0.76,12531
mcap_weight,-0.75,14896
mcap_weight,-0.74,16440
mcap_weight,-0.73,13712
mcap_weight,-0.72,14438
mcap_weight,-0.71,14761
mcap_weight,-0.7,13080
mcap_weight,-0.69,14451
mcap_weight,-0.68,16470
mcap_weight,-0.67,15195
mcap_weight,-0.66,20752
mcap_weight,-0.65,25026
mcap_weight,-0.64,82898
mcap_weight,-0.63,41597
mcap_weight,-0.62,34467
mcap_weight,-0.61,28344
mcap_weight,-0.6,33066
mcap_weight,-0.59,52859
mcap_weight,-0.58,43679
mcap_weight,-0.57,46259
mcap_weight,-0.56,110032
mcap_weight,-0.55,45494
mcap_weight,-0.54,65929
mcap_weight,-0.53,95835
mcap_weight,-0.52,79082
mcap_weight,-0.51,79866
mcap_weight,-0.5,88634
mcap_weight,-0.49,145635
mcap_weight,-0.48,159923
mcap_weight,-0.47,184749
mcap_weight,-0.46,531713
mcap_weight,-0.45,372179
mcap_weight,-0.44,180612
mcap_weight,-0.43,186070
mcap_weight,-0.42,384315
mcap_weight,-0.41,200790
mcap_weight,-0.4,244205
mcap_weight,-0.39,292357
mcap_weight,-0.38,435189
mcap_weight,-0.37,272228
mcap_weight,-0.36,475340
mcap_weight,-0.35,598376
mcap_weight,-0.34,451579
mcap_weight,-0.33,478993
mcap_weight,-0.32,587174
mcap_weight,-0.31,912274
mcap_weight,-0.3,947293
mcap_weight,-0.29,927243
mcap_weight,-0.28,1104816
mcap_weight,-0.27,1113015
mcap_weight,-0.26,1105824
mcap_weight,-0.25,1422184
mcap_weight,-0.24,1760703
mcap_weight,-0.23,1371827
mcap_weight,-0.22,1893615
mcap_weight,-0.21,2176474
mcap_weight,-0.2,2233239
mcap_weight,-0.19,2596297
mcap_weight,-0.18,2375130
mcap_weight,-0.17,2462250
mcap_weight,-0.16,3056834
mcap_weight,-0.15,2983338
mcap_weight,-0.14,3450130
mcap_weight,-0.13,3929080
mcap_weight,-0.12,4011974
mcap_weight,-0.11,4390832
mcap_weight,-0.1,4084497
mcap_weight,-0.09,4819792
mcap_weight,-0.08,4529511
mcap_weight,-0.07,5400470
mcap_weight,-0.06,5463032
mcap_weight,-0.05,5672635
mcap_weight,-0.04,6530927
mcap_weight,-0.03,7304243
mcap_weight,-0.02,8645696
mcap_weight,-0.01,35242970
mcap_weight,0.0,26247491
mcap_weight,0.01,7199899
mcap_weight,0.02,5567380
mcap_weight,0.03,4443947
mcap_weight,0.04,3591504
mcap_weight,0.05,3268365
mcap_weight,0.06,2719933
mcap_weight,0.07,2671224
mcap_weight,0.08,2152000
mcap_weight,0.09,1720629
mcap_weight,0.1,2228471
mcap_weight,0.11,1666647
mcap_weight,0.12,1420431
mcap_weight,0.13,1811643
mcap_weight,0.14,1388200
mcap_weight,0.15,1354920
mcap_weight,0.16,1222667
mcap_weight,0.17,1072651
mcap_weight,0.18,1051776
mcap_weight,0.19,1003734
mcap_weight,0.2,839371
mcap_weight,0.21,697434
mcap_weight,0.22,678570
mcap_weight,0.23,801995
mcap_weight,0.24,532684
mcap_weight,0.25,531104
mcap_weight,0.26,468519
mcap_weight,0.27,687192
mcap_weight,0.28,593809
mcap_weight,0.29,709825
mcap_weight,0.3,595395
mcap_weight,0.31,359964
mcap_weight,0.32,548957
mcap_weight,0.33,357733
mcap_weight,0.34,475224
mcap_weight,0.35,277885
mcap_weight,0.36,288663
mcap_weight,0.37,288557
mcap_weight,0.38,334601
mcap_weight,0.39,419190
mcap_weight,0.4,436218
mcap_weight,0.41,242296
mcap_weight,0.42,276580
mcap_weight,0.43,250425
mcap_weight,0.44,211863
mcap_weight,0.45,214476
mcap_weight,0.46,331448
mcap_weight,0.47,160910
mcap_weight,0.48,170996
mcap_weight,0.49,170783
mcap_weight,0.5,173385
mcap_weight,0.51,331051
mcap_weight,0.52,124313
mcap_weight,0.53,301546
mcap_weight,0.54,133640
mcap_weight,0.55,130211
mcap_weight,0.56,114336
mcap_weight,0.57,139822
mcap_weight,0.58,267487
mcap_weight,0.59,87969
mcap_weight,0.6,107248
mcap_weight,0.61,92086
mcap_weight,0.62,170557
mcap_weight,0.63,114289
mcap_weight,0.64,81276
mcap_weight,0.65,96014
mcap_weight,0.66,160295
mcap_weight,0.67,92885
mcap_weight,0.68,69444
mcap_weight,0.69,71221
mcap_weight,0.7,79653
mcap_weight,0.71,148957
mcap_weight,0.72,56209
mcap_weight,0.73,75060
mcap_weight,0.74,74820
mcap_weight,0.75,114743
mcap_weight,0.76,53576
mcap_weight,0.77,223030
mcap_weight,0.78,70116
mcap_weight,0.79,44854
mcap_weight,0.8,55680
mcap_weight,0.81,63569
mcap_weight,0.82,37327
mcap_weight,0.83,44771
mcap_weight,0.84,41887
mcap_weight,0.85,37921
mcap_weight,0.86,206606
mcap_weight,0.87,113441
mcap_weight,0.88,36196
mcap_weight,0.89,41706
mcap_weight,0.9,49735
mcap_weight,0.91,30655
mcap_weight,0.92,27244
mcap_weight,0.93,31635
mcap_weight,0.94,24723
mcap_weight,0.95,36302
mcap_weight,0.96,23505
mcap_weight,0.97,24669
mcap_weight,0.98,32732
mcap_weight,0.99,24143
mcap_weight,1.0,21894
mcap_weight,1.01,26851
mcap_weight,1.02,31397
mcap_weight,1.03,31587
mcap_weight,1.04,30313
mcap_weight,1.05,30339
mcap_weight,1.06,33998
mcap_weight,1.07,19715
mcap_weight,1.08,18453
mcap_weight,1.09,21481
mcap_weight,1.1,24090
mcap_weight,1.11,16664
mcap_weight,1.12,24859
mcap_weight,1.13,18728
mcap_weight,1.14,28217
mcap_weight,1.15,32063
mcap_weight,1.16,20416
mcap_weight,1.17,21468
mcap_weight,1.18,12218
mcap_weight,1.19,17574
mcap_weight,1.2,19873
mcap_weight,1.21,21368
mcap_weight,1.22,14187
mcap_weight,1.23,16717
mcap_weight,1.24,18292
mcap_weight,1.25,21231
mcap_weight,1.26,53763
mcap_weight,1.27,70205
mcap_weight,1.28,16701
mcap_weight,1.29,14980
mcap_weight,1.3,12347
mcap_weight,1.31,19678
mcap_weight,1.32,17977
mcap_weight,1.33,9567
mcap_weight,1.34,9987
mcap_weight,1.35,10750
mcap_weight,1.36,9949
mcap_weight,1.37,11407
mcap_weight,1.38,7551
mcap_weight,1.39,8804
mcap_weight,1.4,12911
mcap_weight,1.41,10462
mcap_weight,1.42,7875
mcap_weight,1.43,10653
mcap_weight,1.44,11911
mcap_weight,1.45,12625
mcap_weight,1.46,7366
mcap_weight,1.47,8067
mcap_weight,1.48,9057
mcap_weight,1.49,9126
mcap_weight,1.5,11955
mcap_weight,1.51,8962
mcap_weight,1.52,8200
mcap_weight,1.53,24179
mcap_weight,1.54,12608
mcap_weight,1.55,15538
mcap_weight,1.56,8512
mcap_weight,1.57,7297
mcap_weight,1.58,5969
mcap_weight,1.59,5234
mcap_weight,1.6,5555
mcap_weight,1.61,8872
mcap_weight,1.62,9347
mcap_weight,1.63,20317
mcap_weight,1.64,4907
mcap_weight,1.65,12951
mcap_weight,1.66,7239
mcap_weight,1.67,4922
mcap_weight,1.68,6549
mcap_weight,1.69,4143
mcap_weight,1.7,4652
mcap_weight,1.71,10278
mcap_weight,1.72,3499
mcap_weight,1.73,3916
mcap_weight,1.74,4602
mcap_weight,1.75,2920
mcap_weight,1.76,6727
mcap_weight,1.77,3995
mcap_weight,1.78,4593
mcap_weight,1.79,7347
mcap_weight,1.8,2895
mcap_weight,1.81,9314
mcap_weight,1.82,3907
mcap_weight,1.83,2858
mcap_weight,1.84,3402
mcap_weight,1.85,3165
mcap_weight,1.86,3723
mcap_weight,1.87,2990
mcap_weight,1.88,2796
mcap_weight,1.89,4443
mcap_weight,1.9,3773
mcap_weight,1.91,3387
mcap_weight,1.92,4180
mcap_weight,1.93,5932
mcap_weight,1.94,4457
mcap_weight,1.95,3024
mcap_weight,1.96,2600
mcap_weight,1.97,3203
mcap_weight,1.98,4959
mcap_weight,1.99,2664
