block_number,block_date,n_wallets,mean_dbeta_better_return,mean_dbeta_safer_risk,mean_dbeta_max_sharpe,mean_dbeta_equal_weight,mean_dbeta_mcap_weight
9193266,2020-01-01,826497,-0.06053971984080746,-0.008247385772000878,0.0003472656766461648,-0.04025666644729016,-0.015964836850837782
9393154,2020-02-01,914540,-0.007934116323653009,-0.00865283009380423,0.03792945396756208,-0.008670116485971342,0.005942735883427185
9581792,2020-03-01,926317,0.005995421329420819,-0.0017980395824182273,0.047323154346163104,0.02084653292174491,0.035389276909931204
9782602,2020-04-01,941259,0.10681905392188468,-0.009739331278854943,0.08168865654105062,0.03434233560379473,0.08433253787854848
9976964,2020-05-01,1006999,0.09554823977137405,-0.009958181776600109,0.08967818060048723,0.031079768884699814,0.07199033845839334
10176690,2020-06-01,1021033,0.03806889594158967,0.003704841047581044,0.047409895704083986,0.0005225504654368082,0.06339044781260414
10370274,2020-07-01,1044729,-0.010234314180752118,-0.004659858326375114,0.02600329026030452,-0.002696875171241194,0.039476710279763884
10570485,2020-08-01,1071168,-0.008528891184470713,-0.00010955971919628373,0.10245547099461436,-0.035868986502622144,0.058184134080338845
10771925,2020-09-01,1094957,0.04058304645142228,-0.01506899896702977,-0.0109511372802855,-0.10350276477982875,-0.05986535271831217
10966874,2020-10-01,1121306,0.003038751546607318,-0.038166488027354964,0.051779629845901946,-0.03352826805118455,-0.017360404200018015
11167817,2020-11-01,1233035,0.03474356964358673,-0.037080619385881884,-0.032913153418214706,0.004810075432829703,-0.014645859703121126
11363270,2020-12-01,1312844,-0.06128339989983436,-0.03218987519669329,-0.04204970647904078,-0.02132090129706863,-0.07398737318213516
11565019,2021-01-01,1344924,0.02440601082418983,-0.02493542247191447,0.06018980269721478,-0.0073921366801734745,-0.032832891822850714
11766939,2021-02-01,1421979,-0.00600505758201441,-0.01657070510441442,0.03956265727869189,-0.05660879036441106,-0.05954202961373284
11948960,2021-03-01,1578989,0.010883794140316538,-0.009151259648217343,0.05215164872135009,-0.034858132722297965,-0.06082978764069664
12150245,2021-04-01,1695563,0.004038747521496907,-0.016208965354954835,0.05890006148710576,-0.03829857305616866,-0.0619032607332012
12344945,2021-05-01,1822425,-0.012239710628055334,-0.02769637196739453,0.04809574284507369,-0.05959777376307153,-0.07695589410755006
12545219,2021-06-01,1944649,-0.013240109836334453,-0.05166177120817157,-0.01928705961889912,-0.021939680873351332,-0.10293203301274355
12738509,2021-07-01,2077642,0.0020783328720144676,-0.05014387914001397,-0.12028987254533635,-0.015757196965567728,-0.11709838524063722
12936340,2021-08-01,2186002,-0.017936405382429237,-0.05562933569355499,-0.07171284631395895,-0.030997172121797464,-0.10956561022094476
13136427,2021-09-01,2286203,0.22935040072956062,-0.016695235800486628,-0.17854554170879233,0.09094632634862405,-0.28415999572139344
13330090,2021-10-01,2385506,0.15773203454513973,0.008124715722384978,-0.047202326411135385,0.12432239551825743,-0.2632476292604407
13527859,2021-11-01,2504425,-0.03368297094819919,-0.019586430748165073,-0.002104995340985396,0.015382898035819291,-0.16083036343426496
13717847,2021-12-01,2579086,0.0002437420029835929,-0.024235127595272306,0.06773219626570647,-0.03564561956743462,-0.07896026420739902
13916166,2022-01-01,2621359,-0.0333473477235366,-0.04513127337524054,-0.09833492432157717,-0.05468509982916221,-0.09723666497950197
14116761,2022-02-01,2755033,-0.034999735399694074,-0.038960440921225324,-0.14287057615623774,-0.014762959785073838,-0.11617118318523928
14297759,2022-03-01,2928345,-0.01905454105233835,-0.03528729422204762,-0.1511507694615359,-0.014472319344876406,-0.114343489445867
14497034,2022-04-01,2934000,-0.017841550720839344,-0.052266603313263854,0.009913429858280913,-0.05630471400647107,-0.09651236306496819
14688630,2022-05-01,3002002,-0.015234998323104777,-0.046463935129254307,0.03405797151028479,-0.025585677165250113,-0.10544285744982142
14881677,2022-06-01,3075701,-0.030121107758077074,-0.04437422479193017,-0.18056087337011997,0.01710472796599722,-0.11453376087053953
15053226,2022-07-01,3103058,-0.03789970883766735,-0.04035308012764978,-0.11698077750747839,0.0041828959192797555,-0.09779990819899778
15253306,2022-08-01,3154145,-0.03416017315242807,-0.04047308866916855,0.013427810353387616,-0.015906009109699127,-0.08028137597198633
15449618,2022-09-01,3172900,-0.0009380542662266694,-0.034922829035637246,0.10171502617819846,-0.0067223382776513485,-0.07583882541895312
15649595,2022-10-01,3182512,-0.02709819065164799,-0.03653615004702563,-0.008963706023429817,-0.010175784997854436,-0.08072381428899304
15871480,2022-11-01,3245800,-0.023116690359505657,-0.03453907466724474,0.027081564959609464,-0.02158241271012203,-0.07040253283383437
16086234,2022-12-01,3332213,-0.003459982120721082,-0.050004318461073304,0.014069700859305178,0.0037198259274774637,-0.10460401788002031
16308190,2023-01-01,3362555,-0.013442323754442142,-0.046448975434795516,-0.10719831938713067,0.005389773103208757,-0.10859140065775799
16530248,2023-02-01,3370814,-0.0545977124322518,-0.03909967077273623,0.011356751692580441,-0.04680360187584655,-0.09664333370641026
16730072,2023-03-01,3392077,-0.024304878796329595,-0.027357980183980297,0.10303761348133177,-0.04625459183834079,-0.10122471246095267
16950603,2023-04-01,3417035,-0.028078438944870224,-0.057644616093190666,-0.02024107976494788,-0.03254887032543942,-0.08776653258901129
17162287,2023-05-01,3457737,-0.034152082502342716,-0.05117549935966902,-0.058945996239192215,-0.01949743277230299,-0.08969158942724109
17382266,2023-06-01,3442453,-0.012804351924892507,-0.04344522616892908,-0.0024228210184071,-0.006980888505597372,-0.09543287079435123
17595510,2023-07-01,3533345,-0.038194018529460326,-0.05834037743038467,-0.027681569534516625,-0.026562538836544327,-0.11148910190821092
17816434,2023-08-01,3527396,-0.03698252309787624,-0.06261088966080496,-0.029467058104089807,-0.04908136553244693,-0.10579056480816211
18037988,2023-09-01,3655348,-0.08075574769458675,-0.036280087661182715,-0.0919319280634227,-0.028716612869626387,-0.050829567830211454
18251965,2023-10-01,3693849,-0.026360039333476474,-0.03803016999393964,-0.01999193730495621,-0.013383791773254283,-0.05143948883223253
18473543,2023-11-01,3759567,-0.00745131968949404,-0.03199058868658433,0.02057960386648698,-0.0345455114121825,-0.08195799926023796
18687851,2023-12-01,3781817,-0.009954883912196672,-0.033056246623207726,0.029464121216483074,-0.0440823809116644,-0.08165855686055663
18908895,2024-01-01,3855395,-0.23482390266801492,-0.04033938489527961,-0.11754009863970169,-0.1419732103276228,-0.10663033523681284
19129889,2024-02-01,3977147,-0.19622883986605227,-0.050496599518554924,-0.08748389515782495,-0.10014656048638472,-0.1199517279500256
19336607,2024-03-01,4005064,0.016099558223350095,-0.03514213596805668,0.08003322716040338,-0.018281477142003736,-0.08927811983309368
19557289,2024-04-01,4153412,0.013613365649166709,-0.030316080579263383,0.06199036213776207,-0.05947978548007917,-0.1000820111845381
19771560,2024-05-01,4273747,-0.0372240041560764,-0.06555246331651998,-0.04319913008208953,-0.048758770561489966,-0.12907442750104167
19993250,2024-06-01,4506122,-0.038561501627098725,-0.07028504914591835,-0.07022654474546562,-0.043682191095305495,-0.11905342348935147
20207949,2024-07-01,4524722,-0.040065611207602145,-0.05720045039020229,-0.028339772443507563,-0.038861498012868,-0.10437644541037092
20429973,2024-08-01,4668597,-0.08823607741267471,-0.07330782040859937,-0.18119435196082986,-0.05889982671508364,-0.11307493846281275
20651994,2024-09-01,4693885,-0.06628114623169509,-0.06113212325813372,-0.16045903591809244,-0.04076271162163859,-0.10103246836770069
20866919,2024-10-01,4793311,-0.05570588539165815,-0.06774588209451332,-0.025656189709587354,-0.05076449687537604,-0.10387039476181772
21089069,2024-11-01,4748515,-0.03549778203591831,-0.06587161650901846,0.0644613375437417,-0.07353000251288122,-0.10543955632963163
21303934,2024-12-01,4928177,-0.024765527793922427,-0.06142847579974681,0.034952192642261355,-0.06060228650739845,-0.09564966878157952
21525891,2025-01-01,5105209,-0.011757895905937383,-0.058495429692414065,0.05688536840636687,-0.038340417225551836,-0.10981689840167921
21747950,2025-02-01,5247405,-0.07480656003291819,-0.07760816758917782,-0.17544698679165568,-0.03358543659651616,-0.12988343693472315
21948292,2025-03-01,5268023,-0.0866610307616155,-0.06824702573030743,-0.19871502379609204,-0.04966350714137692,-0.12645081399619987
22170335,2025-04-01,5341607,-0.06041530584646097,-0.06103529612441884,-0.159385761421678,-0.03968187466403454,-0.11064040080582407
22385294,2025-05-01,5479943,-0.050988826131810536,-0.07352274008576701,-0.0683513980807725,-0.045848618321737374,-0.10378749483914645
22606143,2025-06-01,5417046,-0.03462499961623538,-0.0688993470098439,0.0366599312152705,-0.02893085236662289,-0.11088679066003433
22820674,2025-07-01,5567234,-0.04243578800462586,-0.08324196771843495,0.005375779545680753,-0.024634555889931815,-0.13022212155467539
23042514,2025-08-01,5568560,-0.052029204265006526,-0.07747369713122078,0.02832328200215883,-0.03939260211731802,-0.12466751304354673
23264566,2025-09-01,5989657,-0.022264443923863148,-0.06687665820096456,0.11758812620020456,-0.030465697263987554,-0.111136069526278
23479244,2025-10-01,6087782,-0.026964663689111823,-0.06825507356337028,0.0650617222106765,-0.012619084466048702,-0.11853451403974369
23700767,2025-11-01,6087201,-0.025271801612920995,-0.0688044937549929,-0.13961176619800517,0.0027920461415881495,-0.15346111396093856
23914921,2025-12-01,6337108,-0.04111142537857918,-0.0447610874953665,-0.13956690499075908,0.005186269630818105,-0.1206005082649911
