strategy,beta_bin,count
baseline,-1.0,26586
baseline,-0.95,89376
baseline,-0.9,87858
baseline,-0.85,36963
baseline,-0.8,96724
baseline,-0.75,52773
baseline,-0.7,55321
baseline,-0.65,52326
baseline,-0.6,114239
baseline,-0.55,61203
baseline,-0.5,77061
baseline,-0.45,127309
baseline,-0.4,86550
baseline,-0.35,119793
baseline,-0.3,206893
baseline,-0.25,185838
baseline,-0.2,210437
baseline,-0.15,330983
baseline,-0.1,559237
baseline,-0.05,4204341
baseline,0.0,10598520
baseline,0.05,5241053
baseline,0.1,7683592
baseline,0.15,4285218
baseline,0.2,2910036
baseline,0.25,2623082
baseline,0.3,2699084
baseline,0.35,2843319
baseline,0.4,2955048
baseline,0.45,3529093
baseline,0.5,3740713
baseline,0.55,4159295
baseline,0.6,4568374
baseline,0.65,5516433
baseline,0.7,6643552
baseline,0.75,7021508
baseline,0.8,7909702
baseline,0.85,9040131
baseline,0.9,9125650
baseline,0.95,9664892
baseline,1.0,10757907
baseline,1.05,10184606
baseline,1.1,10445888
baseline,1.15,10300108
baseline,1.2,9463185
baseline,1.25,8958700
baseline,1.3,8367843
baseline,1.35,7008571
baseline,1.4,6179914
baseline,1.45,5334403
baseline,1.5,5063166
baseline,1.55,4023676
baseline,1.6,3214115
baseline,1.65,2473298
baseline,1.7,2204761
baseline,1.75,1756740
baseline,1.8,1489045
baseline,1.85,1737160
baseline,1.9,1228287
baseline,1.95,836157
baseline,2.0,679441
baseline,2.05,590394
baseline,2.1,531533
baseline,2.15,423968
baseline,2.2,350245
baseline,2.25,289478
baseline,2.3,259223
baseline,2.35,193931
baseline,2.4,149315
baseline,2.45,127402
baseline,2.5,109975
baseline,2.55,93760
baseline,2.6,83138
baseline,2.65,77650
baseline,2.7,64802
baseline,2.75,67667
baseline,2.8,116943
baseline,2.85,45988
baseline,2.9,39813
baseline,2.95,35535
baseline,3.0,30665
baseline,3.05,30462
baseline,3.1,26210
baseline,3.15,26604
baseline,3.2,20127
baseline,3.25,17217
baseline,3.3,17497
baseline,3.35,13395
baseline,3.4,12579
baseline,3.45,11686
baseline,3.5,12495
baseline,3.55,9681
baseline,3.6,67689
baseline,3.65,8309
baseline,3.7,6334
baseline,3.75,5868
baseline,3.8,5610
baseline,3.85,5929
baseline,3.9,5257
baseline,3.95,7451
baseline,4.0,5704
baseline,4.05,3796
baseline,4.1,5104
baseline,4.15,3075
baseline,4.2,3449
baseline,4.25,4035
baseline,4.3,3230
baseline,4.35,2527
baseline,4.4,1998
baseline,4.45,2483
baseline,4.5,1938
baseline,4.55,2632
baseline,4.6,2078
baseline,4.65,1601
baseline,4.7,1743
baseline,4.75,1351
baseline,4.8,1422
baseline,4.85,1287
baseline,4.9,1509
baseline,4.95,854
better_return,-1.0,32320
better_return,-0.95,93677
better_return,-0.9,98316
better_return,-0.85,45851
better_return,-0.8,108937
better_return,-0.75,60722
better_return,-0.7,70475
better_return,-0.65,75429
better_return,-0.6,132723
better_return,-0.55,87230
better_return,-0.5,96050
better_return,-0.45,163562
better_return,-0.4,116092
better_return,-0.35,159624
better_return,-0.3,250168
better_return,-0.25,244162
better_return,-0.2,279480
better_return,-0.15,382748
better_return,-0.1,530222
better_return,-0.05,3884590
better_return,0.0,10138357
better_return,0.05,4517663
better_return,0.1,6851456
better_return,0.15,4541267
better_return,0.2,3788023
better_return,0.25,3372701
better_return,0.3,3355878
better_return,0.35,3555835
better_return,0.4,3918146
better_return,0.45,4316690
better_return,0.5,4406605
better_return,0.55,4818621
better_return,0.6,5267248
better_return,0.65,6412537
better_return,0.7,7427718
better_return,0.75,7005799
better_return,0.8,8098161
better_return,0.85,8939495
better_return,0.9,9532575
better_return,0.95,9285007
better_return,1.0,10496539
better_return,1.05,9894438
better_return,1.1,10499694
better_return,1.15,9702735
better_return,1.2,8962467
better_return,1.25,8200129
better_return,1.3,7471458
better_return,1.35,6029416
better_return,1.4,5549368
better_return,1.45,4870338
better_return,1.5,4600288
better_return,1.55,3505171
better_return,1.6,2917427
better_return,1.65,2264128
better_return,1.7,2370503
better_return,1.75,1591073
better_return,1.8,1356571
better_return,1.85,1619135
better_return,1.9,1050449
better_return,1.95,767382
better_return,2.0,622789
better_return,2.05,558949
better_return,2.1,481046
better_return,2.15,408034
better_return,2.2,332517
better_return,2.25,266356
better_return,2.3,217688
better_return,2.35,181714
better_return,2.4,146209
better_return,2.45,125007
better_return,2.5,109332
better_return,2.55,113212
better_return,2.6,86384
better_return,2.65,77872
better_return,2.7,64686
better_return,2.75,72871
better_return,2.8,136942
better_return,2.85,46102
better_return,2.9,39724
better_return,2.95,38380
better_return,3.0,31089
better_return,3.05,31329
better_return,3.1,27107
better_return,3.15,26066
better_return,3.2,21493
better_return,3.25,18205
better_return,3.3,20128
better_return,3.35,14979
better_return,3.4,14096
better_return,3.45,15480
better_return,3.5,13798
better_return,3.55,10351
better_return,3.6,69060
better_return,3.65,9246
better_return,3.7,8340
better_return,3.75,6496
better_return,3.8,6304
better_return,3.85,6585
better_return,3.9,6081
better_return,3.95,8127
better_return,4.0,6369
better_return,4.05,4358
better_return,4.1,5436
better_return,4.15,3678
better_return,4.2,3846
better_return,4.25,4407
better_return,4.3,3880
better_return,4.35,2911
better_return,4.4,2511
better_return,4.45,2971
better_return,4.5,2541
better_return,4.55,2704
better_return,4.6,2276
better_return,4.65,2004
better_return,4.7,2081
better_return,4.75,1656
better_return,4.8,1613
better_return,4.85,2320
better_return,4.9,1736
better_return,4.95,1149
safer_risk,-1.0,24303
safer_risk,-0.95,87492
safer_risk,-0.9,85218
safer_risk,-0.85,33241
safer_risk,-0.8,93105
safer_risk,-0.75,48583
safer_risk,-0.7,50381
safer_risk,-0.65,46627
safer_risk,-0.6,108727
safer_risk,-0.55,57552
safer_risk,-0.5,72704
safer_risk,-0.45,120163
safer_risk,-0.4,78464
safer_risk,-0.35,112169
safer_risk,-0.3,194065
safer_risk,-0.25,170031
safer_risk,-0.2,194629
safer_risk,-0.15,306115
safer_risk,-0.1,522357
safer_risk,-0.05,4065220
safer_risk,0.0,10478295
safer_risk,0.05,5086864
safer_risk,0.1,7718305
safer_risk,0.15,4892943
safer_risk,0.2,3712121
safer_risk,0.25,3487935
safer_risk,0.3,3549762
safer_risk,0.35,3725071
safer_risk,0.4,3854785
safer_risk,0.45,4429598
safer_risk,0.5,4662526
safer_risk,0.55,5027174
safer_risk,0.6,5495853
safer_risk,0.65,6407589
safer_risk,0.7,7465248
safer_risk,0.75,7801791
safer_risk,0.8,8633699
safer_risk,0.85,9628441
safer_risk,0.9,9591373
safer_risk,0.95,9831863
safer_risk,1.0,10767400
safer_risk,1.05,9971924
safer_risk,1.1,9919973
safer_risk,1.15,9615244
safer_risk,1.2,8645389
safer_risk,1.25,8126884
safer_risk,1.3,7390791
safer_risk,1.35,6058271
safer_risk,1.4,5336285
safer_risk,1.45,4504374
safer_risk,1.5,4307543
safer_risk,1.55,3331145
safer_risk,1.6,2607615
safer_risk,1.65,1980571
safer_risk,1.7,1752086
safer_risk,1.75,1358968
safer_risk,1.8,1140746
safer_risk,1.85,1427931
safer_risk,1.9,903691
safer_risk,1.95,630592
safer_risk,2.0,517911
safer_risk,2.05,444260
safer_risk,2.1,400798
safer_risk,2.15,317458
safer_risk,2.2,252019
safer_risk,2.25,213626
safer_risk,2.3,200637
safer_risk,2.35,145126
safer_risk,2.4,108982
safer_risk,2.45,92905
safer_risk,2.5,80351
safer_risk,2.55,69446
safer_risk,2.6,61169
safer_risk,2.65,57276
safer_risk,2.7,47096
safer_risk,2.75,51098
safer_risk,2.8,104674
safer_risk,2.85,35242
safer_risk,2.9,30185
safer_risk,2.95,26962
safer_risk,3.0,23564
safer_risk,3.05,24160
safer_risk,3.1,20422
safer_risk,3.15,20842
safer_risk,3.2,15232
safer_risk,3.25,13528
safer_risk,3.3,14441
safer_risk,3.35,10858
safer_risk,3.4,9963
safer_risk,3.45,9407
safer_risk,3.5,10888
safer_risk,3.55,8263
safer_risk,3.6,66312
safer_risk,3.65,7034
safer_risk,3.7,5370
safer_risk,3.75,5022
safer_risk,3.8,5034
safer_risk,3.85,5222
safer_risk,3.9,4447
safer_risk,3.95,6648
safer_risk,4.0,5063
safer_risk,4.05,3377
safer_risk,4.1,4716
safer_risk,4.15,2797
safer_risk,4.2,3065
safer_risk,4.25,3492
safer_risk,4.3,2732
safer_risk,4.35,2152
safer_risk,4.4,1728
safer_risk,4.45,2141
safer_risk,4.5,1656
safer_risk,4.55,2238
safer_risk,4.6,1766
safer_risk,4.65,1379
safer_risk,4.7,1501
safer_risk,4.75,1152
safer_risk,4.8,1269
safer_risk,4.85,1195
safer_risk,4.9,1346
safer_risk,4.95,757
max_sharpe,-1.0,54377
max_sharpe,-0.95,54987
max_sharpe,-0.9,111126
max_sharpe,-0.85,67916
max_sharpe,-0.8,80284
max_sharpe,-0.75,95679
max_sharpe,-0.7,156612
max_sharpe,-0.65,121585
max_sharpe,-0.6,103112
max_sharpe,-0.55,118329
max_sharpe,-0.5,194265
max_sharpe,-0.45,132859
max_sharpe,-0.4,138220
max_sharpe,-0.35,189065
max_sharpe,-0.3,262453
max_sharpe,-0.25,266501
max_sharpe,-0.2,285405
max_sharpe,-0.15,483086
max_sharpe,-0.1,586006
max_sharpe,-0.05,4295516
max_sharpe,0.0,11594156
max_sharpe,0.05,5812153
max_sharpe,0.1,11469000
max_sharpe,0.15,5284509
max_sharpe,0.2,2301189
max_sharpe,0.25,1743946
max_sharpe,0.3,2158427
max_sharpe,0.35,2396306
max_sharpe,0.4,2590135
max_sharpe,0.45,2707329
max_sharpe,0.5,3100219
max_sharpe,0.55,3855527
max_sharpe,0.6,4401990
max_sharpe,0.65,5225604
max_sharpe,0.7,6641004
max_sharpe,0.75,6805092
max_sharpe,0.8,7608146
max_sharpe,0.85,9622433
max_sharpe,0.9,9500923
max_sharpe,0.95,9897908
max_sharpe,1.0,11005837
max_sharpe,1.05,10473076
max_sharpe,1.1,10596384
max_sharpe,1.15,9244096
max_sharpe,1.2,9364374
max_sharpe,1.25,7939191
max_sharpe,1.3,7779386
max_sharpe,1.35,7373936
max_sharpe,1.4,5486382
max_sharpe,1.45,5116556
max_sharpe,1.5,4500462
max_sharpe,1.55,3430529
max_sharpe,1.6,2835733
max_sharpe,1.65,2225110
max_sharpe,1.7,2421066
max_sharpe,1.75,1636112
max_sharpe,1.8,1332381
max_sharpe,1.85,1204276
max_sharpe,1.9,1208409
max_sharpe,1.95,761822
max_sharpe,2.0,765269
max_sharpe,2.05,581236
max_sharpe,2.1,611717
max_sharpe,2.15,549163
max_sharpe,2.2,428810
max_sharpe,2.25,366988
max_sharpe,2.3,275278
max_sharpe,2.35,255949
max_sharpe,2.4,196705
max_sharpe,2.45,198941
max_sharpe,2.5,141755
max_sharpe,2.55,119470
max_sharpe,2.6,120852
max_sharpe,2.65,95025
max_sharpe,2.7,81576
max_sharpe,2.75,94052
max_sharpe,2.8,143603
max_sharpe,2.85,64701
max_sharpe,2.9,47571
max_sharpe,2.95,53360
max_sharpe,3.0,45317
max_sharpe,3.05,47873
max_sharpe,3.1,37823
max_sharpe,3.15,51880
max_sharpe,3.2,36669
max_sharpe,3.25,30371
max_sharpe,3.3,29250
max_sharpe,3.35,46945
max_sharpe,3.4,23076
max_sharpe,3.45,23546
max_sharpe,3.5,27514
max_sharpe,3.55,20498
max_sharpe,3.6,80721
max_sharpe,3.65,23181
max_sharpe,3.7,37956
max_sharpe,3.75,17504
max_sharpe,3.8,12445
max_sharpe,3.85,11463
max_sharpe,3.9,9462
max_sharpe,3.95,12612
max_sharpe,4.0,10976
max_sharpe,4.05,8605
max_sharpe,4.1,5309
max_sharpe,4.15,5921
max_sharpe,4.2,5662
max_sharpe,4.25,6549
max_sharpe,4.3,5156
max_sharpe,4.35,5582
max_sharpe,4.4,4163
max_sharpe,4.45,6301
max_sharpe,4.5,7060
max_sharpe,4.55,7332
max_sharpe,4.6,6063
max_sharpe,4.65,2846
max_sharpe,4.7,2697
max_sharpe,4.75,3214
max_sharpe,4.8,2871
max_sharpe,4.85,2264
max_sharpe,4.9,3030
max_sharpe,4.95,1132
equal_weight,-1.0,28560
equal_weight,-0.95,26488
equal_weight,-0.9,29154
equal_weight,-0.85,32011
equal_weight,-0.8,32618
equal_weight,-0.75,39546
equal_weight,-0.7,46624
equal_weight,-0.65,54160
equal_weight,-0.6,66857
equal_weight,-0.55,71990
equal_weight,-0.5,85805
equal_weight,-0.45,79690
equal_weight,-0.4,102237
equal_weight,-0.35,119727
equal_weight,-0.3,135618
equal_weight,-0.25,161259
equal_weight,-0.2,222541
equal_weight,-0.15,302087
equal_weight,-0.1,402389
equal_weight,-0.05,3391918
equal_weight,0.0,8433479
equal_weight,0.05,1110630
equal_weight,0.1,1301915
equal_weight,0.15,1608500
equal_weight,0.2,1953613
equal_weight,0.25,2523602
equal_weight,0.3,3142614
equal_weight,0.35,4493599
equal_weight,0.4,4912705
equal_weight,0.45,6299906
equal_weight,0.5,7863253
equal_weight,0.55,8882128
equal_weight,0.6,8270348
equal_weight,0.65,9146342
equal_weight,0.7,9792391
equal_weight,0.75,9136318
equal_weight,0.8,9796364
equal_weight,0.85,9592729
equal_weight,0.9,11202362
equal_weight,0.95,10596270
equal_weight,1.0,10574694
equal_weight,1.05,10793500
equal_weight,1.1,10134366
equal_weight,1.15,9756520
equal_weight,1.2,8808769
equal_weight,1.25,7736960
equal_weight,1.3,6498008
equal_weight,1.35,6125401
equal_weight,1.4,4776704
equal_weight,1.45,4488245
equal_weight,1.5,3537305
equal_weight,1.55,2973915
equal_weight,1.6,2467500
equal_weight,1.65,1840193
equal_weight,1.7,1824221
equal_weight,1.75,1227550
equal_weight,1.8,933784
equal_weight,1.85,793517
equal_weight,1.9,661999
equal_weight,1.95,576937
equal_weight,2.0,395967
equal_weight,2.05,319609
equal_weight,2.1,301998
equal_weight,2.15,250576
equal_weight,2.2,195914
equal_weight,2.25,164748
equal_weight,2.3,133801
equal_weight,2.35,118830
equal_weight,2.4,79422
equal_weight,2.45,166216
equal_weight,2.5,62910
equal_weight,2.55,52927
equal_weight,2.6,44682
equal_weight,2.65,43288
equal_weight,2.7,32916
equal_weight,2.75,32406
equal_weight,2.8,35667
equal_weight,2.85,24676
equal_weight,2.9,21940
equal_weight,2.95,19397
equal_weight,3.0,16773
equal_weight,3.05,13927
equal_weight,3.1,11653
equal_weight,3.15,11308
equal_weight,3.2,10533
equal_weight,3.25,10568
equal_weight,3.3,9492
equal_weight,3.35,7779
equal_weight,3.4,7999
equal_weight,3.45,7964
equal_weight,3.5,26446
equal_weight,3.55,6566
equal_weight,3.6,5702
equal_weight,3.65,8372
equal_weight,3.7,6290
equal_weight,3.75,5102
equal_weight,3.8,6890
equal_weight,3.85,4421
equal_weight,3.9,6801
equal_weight,3.95,3846
equal_weight,4.0,3948
equal_weight,4.05,3268
equal_weight,4.1,4534
equal_weight,4.15,3486
equal_weight,4.2,3623
equal_weight,4.25,2824
equal_weight,4.3,2530
equal_weight,4.35,2936
equal_weight,4.4,2620
equal_weight,4.45,2432
equal_weight,4.5,2283
equal_weight,4.55,2097
equal_weight,4.6,2380
equal_weight,4.65,1796
equal_weight,4.7,2265
equal_weight,4.75,1711
equal_weight,4.8,1826
equal_weight,4.85,1429
equal_weight,4.9,1411
equal_weight,4.95,1636
mcap_weight,-1.0,13815
mcap_weight,-0.95,81388
mcap_weight,-0.9,14307
mcap_weight,-0.85,16932
mcap_weight,-0.8,83134
mcap_weight,-0.75,18784
mcap_weight,-0.7,26818
mcap_weight,-0.65,19762
mcap_weight,-0.6,273358
mcap_weight,-0.55,30642
mcap_weight,-0.5,43486
mcap_weight,-0.45,35637
mcap_weight,-0.4,128999
mcap_weight,-0.35,71475
mcap_weight,-0.3,85256
mcap_weight,-0.25,86785
mcap_weight,-0.2,145511
mcap_weight,-0.15,173082
mcap_weight,-0.1,270270
mcap_weight,-0.05,8034356
mcap_weight,0.0,33789258
mcap_weight,0.05,5103655
mcap_weight,0.1,4437874
mcap_weight,0.15,4622900
mcap_weight,0.2,3843897
mcap_weight,0.25,3032833
mcap_weight,0.3,2666859
mcap_weight,0.35,2549104
mcap_weight,0.4,2388450
mcap_weight,0.45,2501556
mcap_weight,0.5,2728412
mcap_weight,0.55,3441442
mcap_weight,0.6,3275829
mcap_weight,0.65,4511932
mcap_weight,0.7,4623188
mcap_weight,0.75,5488645
mcap_weight,0.8,6293745
mcap_weight,0.85,6820951
mcap_weight,0.9,7718569
mcap_weight,0.95,8363766
mcap_weight,1.0,9188559
mcap_weight,1.05,9492380
mcap_weight,1.1,9440467
mcap_weight,1.15,9844537
mcap_weight,1.2,9192043
mcap_weight,1.25,7821625
mcap_weight,1.3,7777797
mcap_weight,1.35,7513256
mcap_weight,1.4,5454985
mcap_weight,1.45,5359469
mcap_weight,1.5,4264756
mcap_weight,1.55,3670116
mcap_weight,1.6,3182509
mcap_weight,1.65,2235506
mcap_weight,1.7,2130684
mcap_weight,1.75,1601550
mcap_weight,1.8,1554011
mcap_weight,1.85,1230423
mcap_weight,1.9,1098306
mcap_weight,1.95,752394
mcap_weight,2.0,579599
mcap_weight,2.05,464904
mcap_weight,2.1,463421
mcap_weight,2.15,349985
mcap_weight,2.2,385664
mcap_weight,2.25,320638
mcap_weight,2.3,214264
mcap_weight,2.35,160349
mcap_weight,2.4,120556
mcap_weight,2.45,96442
mcap_weight,2.5,82368
mcap_weight,2.55,73908
mcap_weight,2.6,63750
mcap_weight,2.65,50959
mcap_weight,2.7,48187
mcap_weight,2.75,45611
mcap_weight,2.8,52952
mcap_weight,2.85,48112
mcap_weight,2.9,26619
mcap_weight,2.95,81410
mcap_weight,3.0,19571
mcap_weight,3.05,13680
mcap_weight,3.1,15309
mcap_weight,3.15,28240
mcap_weight,3.2,9115
mcap_weight,3.25,9935
mcap_weight,3.3,11651
mcap_weight,3.35,16850
mcap_weight,3.4,13668
mcap_weight,3.45,6341
mcap_weight,3.5,5078
mcap_weight,3.55,4852
mcap_weight,3.6,5828
mcap_weight,3.65,4513
mcap_weight,3.7,4738
mcap_weight,3.75,5179
mcap_weight,3.8,4169
mcap_weight,3.85,62858
mcap_weight,3.9,4060
mcap_weight,3.95,1979
mcap_weight,4.0,2153
mcap_weight,4.05,1283
mcap_weight,4.1,2756
mcap_weight,4.15,1353
mcap_weight,4.2,1587
mcap_weight,4.25,1782
mcap_weight,4.3,1075
mcap_weight,4.35,1242
mcap_weight,4.4,2557
mcap_weight,4.45,1384
mcap_weight,4.5,1268
mcap_weight,4.55,881
mcap_weight,4.6,1308
mcap_weight,4.65,1023
mcap_weight,4.7,1228
mcap_weight,4.75,5587
mcap_weight,4.8,474
mcap_weight,4.85,604
mcap_weight,4.9,771
mcap_weight,4.95,756
