block_number,block_date,n_wallets,mean_ret_baseline_pct,mean_ret_equal_pct,mean_ret_mcap_pct,mean_ret_better_pct,mean_ret_safer_pct,mean_ret_sharpe_pct,mean_alpha_baseline_pct,mean_alpha_equal_pct,mean_alpha_mcap_pct,mean_market_return_pct
9193266,2020-01-01,826497,24.431669698981654,21.258555017777596,22.707272172546933,20.170229884298603,23.521535016106856,26.45744307911975,2.7342337975192526,0.4859473553463874,1.3766011638140385,22.97329413110569
9393154,2020-02-01,914540,8.051280942477872,24.25061003234553,6.6504231588392235,24.709184936573603,13.177022002977662,3.783084524414923,-6.077178491547188,10.293014897625948,-7.5966724482168635,19.70726686110944
9581792,2020-03-01,926317,-38.67923237420131,-24.087420280923933,-29.38351688886923,-36.313998856424526,-34.90729183479225,-34.47220076793667,-11.490352833404119,3.9431977965519995,-0.8038030954726507,-40.37786714166012
9782602,2020-04-01,941259,3.7923582802674667,7.0499691580058865,5.537744466106497,7.892560433895185,4.024049853299754,11.703893329578055,-13.366634420355522,-10.648263109941421,-12.945744748059065,15.70188974755117
9976964,2020-05-01,1006999,52.2593420138356,39.413898994290925,24.862553116212254,27.28820252172115,50.38427606605607,17.025347133766836,45.75355721892848,32.717999796952896,17.896210188918896,6.116982501872345
10176690,2020-06-01,1021033,13.621552043392565,12.067113240898847,8.693586618589297,9.927903187126255,13.152661895707087,13.766370155449131,14.563030344778952,13.009306944177194,9.721850119318079,-1.369057994331514
10370274,2020-07-01,1044729,15.630956133264725,48.4169938604472,12.444767446415165,31.19549615532844,28.749569162128356,21.150609364603525,13.978266650813524,46.77059119376683,10.699946783746515,2.3311482255736107
10570485,2020-08-01,1071168,52.43495523014244,43.65722075455152,44.51482335915466,50.06479659361494,49.897458303336236,37.19228062913783,46.673898431910814,38.30787959597745,38.08591055726863,11.47831817403077
10771925,2020-09-01,1094957,-18.847073587368342,-20.8517567578191,-19.39935076828355,-18.97176477863674,-19.021490847061006,-20.340502659365235,-9.95810103323795,-13.14116020139009,-11.189214899366435,-11.384971215094772
10966874,2020-10-01,1121306,17.552676221813222,20.71591021388827,9.996884793685213,19.85502964991129,17.563153880668718,23.392829833601542,10.860182097084122,14.240247237266393,3.416654668403618,6.4671144890610055
11167817,2020-11-01,1233035,14.969189424233601,33.794081338962926,10.34946630469402,40.53176384514398,19.30929204068305,31.670759664182626,-13.258261269218854,5.42653121947404,-17.452148041937686,29.12624302732506
11363270,2020-12-01,1312844,21.249900457942584,18.65351261492067,14.240450648086517,19.133607653940672,20.369177318274456,21.012597303768718,12.200763491583356,9.838414782022383,6.003469465550397,10.976981235452612
11565019,2021-01-01,1344924,43.14674727469917,42.733471407572786,43.26947598297682,45.11474352913507,41.46306039722564,48.597039798799436,14.438593754996004,14.330772876175068,15.918030411418533,41.32160991071442
11766939,2021-02-01,1421979,96.21409579262529,103.84017431236947,87.94197784640775,104.8009164852269,97.58243448902537,104.50451071545257,62.845644085491024,73.01534199777959,57.24892460870977,44.933293507449626
11948960,2021-03-01,1578989,135.76393553752564,121.05880199462212,98.21877800382146,142.2895581644601,130.55215045162066,123.161186729978,117.28100007925735,103.45139546237444,81.26356902305818,25.11691985901574
12150245,2021-04-01,1695563,12.411317352759378,12.01043598319041,9.26135380459788,13.135953564402303,11.805279268018783,12.395488983613324,6.192213599645624,6.0816282972206706,3.511465265008739,7.579814180497914
12344945,2021-05-01,1822425,-15.916482612107007,-17.08637643738891,-12.113551758429104,-16.868799740734293,-15.39683242839508,-16.51681430326919,0.47045967576529146,-1.7821895220861146,2.879770527066008,-18.167715070601474
12545219,2021-06-01,1944649,-4.218059182787701,-0.94902929869163,-3.204068845527095,-2.38924982314381,-2.447162439727379,-1.1635656771022052,8.576623274476127,11.592976995496103,8.40556866201014,-11.51685681002097
12738509,2021-07-01,2077642,-19.311832534480295,-17.75374803586515,-16.28914284220674,-17.409987274413684,-18.010750121290226,-13.562398539350054,3.062508467676307,4.303418840837806,3.728143284523195,-20.12884183315569
12936340,2021-08-01,2186002,29.94752588746154,33.07085985296682,26.237969119959242,31.75822646018024,29.98584761325644,28.696471691809684,9.73977366544875,13.510379325062285,8.312367153613955,20.881636930131997
13136427,2021-09-01,2286203,64001268.22916224,1.2029625898937284e+34,-3.7113033135337656,9.246132079162316e+33,8.4911414466732e+33,1.17481333110448e+34,64001282.69233934,1.2029625898937284e+34,7.107545088877017,-12.82493715136751
13330090,2021-10-01,2385506,46.58199158323842,45.57705213747036,40.42941792085241,43.26227579813428,44.77908981418561,38.82160462814109,12.523974844723215,6.98181300100196,15.978785816210047,36.495615926957164
13527859,2021-11-01,2504425,21.042594344449743,19.541240859624644,17.502431350446184,15.772499838521888,19.90647982909141,12.890255856469194,20.719249132140348,19.21095389674293,17.252170373638357,0.451264160760522
13717847,2021-12-01,2579086,25849585814.988983,7.944281365323176e+23,-19.017790305085843,4.610708482468982e+23,4.267526882431855e+23,1.4293465274763497e+23,25849585827.999294,7.944281365323176e+23,-7.390188248790105,-17.54840668278832
13916166,2022-01-01,2621359,-11.897626825125734,11.201891744193688,-13.27730661192976,4.764979230145321,-1.712507727997865,-3.3454731330158443,4.141398064422838,26.333656106526654,1.1485006278041543,-16.590634927062876
14116761,2022-02-01,2755033,11431.976537637429,1195827.7512460803,-1.2991466889746601,2173661.9143823828,486756.38342571136,2372664.8280408406,11433.001837253989,1195828.7609170116,-0.39683033179689897,-1.05864132702836
14297759,2022-03-01,2928345,3.357871819352017,2.9964948511401372,3.1276495896671896,2.8523817759502705,3.1968057030806936,1.745754133410815,6.305617762552229,5.896928686993907,5.7015151068849255,-3.2691447873048216
14497034,2022-04-01,2934000,-12.629043187392725,-11.851439034375801,-11.369463535323796,-12.215883267649462,-11.62866926823028,-11.665181266392555,-6.076187806429798,-5.748367653840345,-5.5875866173398485,-7.988389753226158
14688630,2022-05-01,3002002,3526846.537013771,3.813902776297726e+29,-19.58722531887857,4.46913478646642e+29,3.3056521133284576e+29,5.1071795366127076e+29,3526872.296585368,3.813902776297726e+29,3.090207084416047,-29.236157369128392
14881677,2022-06-01,3075701,-25.53928491221823,-23.545149518702978,-22.55142004910282,-22.80773538407064,-24.48377341463081,-19.542569836857613,27.989473623221567,30.816911241010047,25.39751044740079,-48.71765431927134
15053226,2022-07-01,3103058,11.731935519950177,13.446356206652938,9.964367339600761,12.374630609947456,11.745942389670907,10.975818768837664,-12.803441050911465,-11.20305449775117,-11.907528280345224,27.262005974576446
15253306,2022-08-01,3154145,-7.215883518512169,-7.135704468430526,-6.44364699857731,-6.813648522441347,-6.851011067576926,-7.847526559342239,-1.2886481644960737,-1.3405993914783139,-1.1833043344868355,-8.306940864462481
15449618,2022-09-01,3172900,-6.735604736257447,-6.240795268040671,-6.411732093598219,-6.385633590562141,-6.221037507055748,-6.593341499775638,0.8504509832595153,1.2728935711786924,0.35843889887126934,-10.765135181921682
15649595,2022-10-01,3182512,-4.601148284137597,-5.044073075321095,-4.2952928593654285,-5.229183199484958,-4.558748504497561,-5.901755781791099,-2.4948900215846375,-2.9674517830890355,-2.424142071663639,-2.9124996574781465
15871480,2022-11-01,3245800,-21.060552707114766,-20.737193801915453,-18.74112812679059,-20.28763972610851,-20.182964740271615,-21.74496382706634,-2.060583962938767,-2.3369695459716557,-1.6966662951672942,-27.788574719959485
16086234,2022-12-01,3332213,-7.670835628673654,-6.838333568071123,-7.215139331396229,-8.209905279584016,-7.204593358265636,-9.29094607678921,-4.26319440188319,-3.4164087589382106,-4.209116766178254,-3.8398523535681295
16308190,2023-01-01,3362555,39.797171245298706,51.67343859566008,30.29311084438378,43.11314116105704,42.96355785710767,34.87729252270279,10.236417208149575,21.939919642245606,4.212245062196263,32.05420951067443
16530248,2023-02-01,3370814,21.5552847071508,22.727755102885443,18.261062366137924,23.135608658959594,21.340011625338928,23.38560793947235,15.433390772770814,16.928962910847822,12.806078747012473,6.903352079592079
16730072,2023-03-01,3392077,-4.747109459138961,-4.279149663249382,-3.930268384259243,-4.362370278173805,-4.460492059534691,-4.703491362757521,-17.368108714252347,-16.257773598731738,-15.148274647968652,13.88781727608997
16950603,2023-04-01,3417035,24.063911268832612,29.90641543410203,0.3680768707745687,48.419896896077574,25.239317550335777,65.12671653865361,21.61491573164168,27.545445765140443,-1.8435638288075065,2.704421608135175
17162287,2023-05-01,3457737,-10.870928244683425,-11.046933691094987,-9.438622656795562,-10.409459759444578,-10.450350167905402,-9.984683957700238,-6.056137056920383,-6.344948949559759,-5.140944477086825,-5.785707664448313
17382266,2023-06-01,3442453,-11.785287630168538,-0.17946702070273415,-11.445278932421296,-2.9914324452566556,-6.985361456420824,-8.326933882694236,-11.373733486707426,0.228459256013643,-11.083294780661273,-0.5196855302538836
17595510,2023-07-01,3533345,4.284798311501721,4.700820706520252,4.946442216513276,4.318597773764949,4.208339218570142,4.422388565750015,6.432542997940768,6.789313873893417,6.845722438790715,-2.23064216227423
17816434,2023-08-01,3527396,-2.7097030870691037,1.2345560470737282,-3.36610461906077,-0.3675536731208665,-1.0190900140900818,-5.725588128687228,8.110055492789293,11.552807281348684,6.372701807218661,-10.217876787715607
18037988,2023-09-01,3655348,-4.293702323344547,-3.1820339169670033,-3.475385335637752,-3.5915306369353543,-4.05500087306764,-3.4876192238381156,-5.414439285277436,-4.261142717898458,-4.524993659751927,1.4496194655830943
18251965,2023-10-01,3693849,5.2052411816200275,15.735079439897012,0.9924417610254729,18.283373442238826,6.935783806870775,15.978222735645286,3.1889440551196233,13.758387459915532,-0.8716972149384496,2.9591872908582664
18473543,2023-11-01,3759567,12.73565448640928,14.026887772650824,10.359051490531671,13.130628685942078,12.77445987878446,14.998122254599593,5.384010485630337,6.994759463836991,3.765270971129038,9.249123226246974
18687851,2023-12-01,3781817,29.41334646017725,104.01318405862013,13.968198534933144,104.52988334787207,52.49258827951502,55.94128559251394,21.61894694206423,96.6743739423622,7.011040882783376,10.334954519986763
18908895,2024-01-01,3855395,-0.87151193888731,1.9167597308427462,-2.3188532374013633,2.288529685120625,-0.1445380499120206,0.705998180934597,-3.3210921112299077,-0.05319266047137963,-4.408209623508396,3.378297778303721
19129889,2024-02-01,3977147,24.85101992923744,24.805762272417407,20.50058636991642,24.140233944734206,24.687539505211774,25.450804245578233,4.257768072546578,6.668875990050678,2.8493713329012555,24.52770781537201
19336607,2024-03-01,4005064,36.09048377025507,69.71767060962804,139.68527710575083,51.39327788424899,41.23012036228153,38.00540236514633,30.107943689063237,63.87260443502206,134.37437535195468,7.519846756247568
19557289,2024-04-01,4153412,-15.450996227546938,-14.216357722296996,-13.784448896966978,-15.498333807144107,-14.850988325563968,-17.021491694628672,-5.749993319096296,-5.2204440650646315,-5.262023844514208,-11.854266882895361
19771560,2024-05-01,4273747,9.976661721012986,7.426146742550402,9.235773022836641,8.337061781738292,8.921753734957408,5.6554031694541065,-8.414857698372606,-10.101136329790286,-6.88074929672504,17.724736228840577
19993250,2024-06-01,4506122,-16.61277678667955,-17.089417307274328,-14.926143485838397,-15.774347277348644,-16.01770591884627,-13.654238076135975,-11.12794579721417,-11.841541824418968,-10.08642702668018,-5.424533446433853
20207949,2024-07-01,4524722,3.5342993718792264,2.331618229371346,3.2742176128995557,2.679014945854284,2.9387724570050717,2.9185638493162767,-0.5485032969726484,-1.5730745818287837,-0.33020274904610153,4.583195881763914
20429973,2024-08-01,4668597,-14.724689400032517,-11.539007404808581,-13.1754492231912,-13.26543652519027,-13.27704905333703,-8.391988218466365,3.379950973413509,5.630296086381346,3.1247675685781653,-15.880129610240562
20651994,2024-09-01,4693885,10.050057428685138,80.64196914609497,6.805626362104651,34.94633213667262,19.663250770252674,47.61355653687701,6.153019021547241,76.91945731490216,3.340998535269731,4.281525173409542
20866919,2024-10-01,4793311,0.8882630252719995,2.191072168712833,-0.30997548273280034,1.267755778830182,1.087760386262834,0.6739711644991553,-5.418430440586894,-3.7547787149947394,-5.877358894475179,7.108168195524374
21089069,2024-11-01,4748515,15.739872163697214,22.005435774847946,15.333855656908899,16.809952889179776,16.374099597274867,20.370504361627244,-9.263217413902963,-1.1859757643833977,-7.089651969976457,24.63862337080508
21303934,2024-12-01,4928177,-1.9271284188077744,-1.1492770019412397,-1.7422919324405268,-1.993203481362566,-1.6867162341534472,-2.7855748816817725,0.8838704081382461,1.487291928508388,0.7932825100293768,-2.8782725297845
21525891,2025-01-01,5105209,-7.500306086492925,-6.611598959413141,-5.447089314316623,-6.652172729822096,-7.093508473714462,-6.722474585827953,-11.097885297683801,-10.08027932512251,-8.67485241859813,3.3619572975251604
21747950,2025-02-01,5247405,-11.440564581049086,-9.925474533747558,-14.310834091623109,-8.483355881443442,-11.088505475229109,-0.31893684506309883,2.4626538827284774,3.5994817880479264,-1.8689280935335142,-11.262683481722904
21948292,2025-03-01,5268023,-8.195326606871681,-4.585422399968817,-8.006419394790926,-5.21545958227949,-7.707595999178634,5.93007878479668,-0.9781717152482133,2.325304239447597,-1.5687057031040204,-6.170088860915603
22170335,2025-04-01,5341607,-4.240361852469586,-4.202925540945005,-3.4377200133003125,-4.053983662602559,-4.456370835817378,-3.357002368987379,1.1731235323038345,0.9928229448500432,1.3689238616380428,-5.487061808996367
22385294,2025-05-01,5479943,14.50707053246005,14.386894109298362,12.010585450363525,13.03737671333714,13.807966176223996,13.739991471497518,-6.168571695754216,-5.2241903296858085,-6.266764985125316,23.218972091149123
22606143,2025-06-01,5417046,-10.175181334116111,-9.074373517652285,-8.787513154253586,-9.67279641078149,-9.544572745908734,-11.179917942201548,-7.0586477803318175,-6.05546678622311,-6.034890341523737,-3.374488283926503
22820674,2025-07-01,5567234,25.42950615031301,26.692817469852116,21.563105512899934,25.487870770106785,24.62874952008313,25.04756719354423,-0.2857518931293292,1.5988158331994633,-0.9379089811117094,25.21890021339458
23042514,2025-08-01,5568560,4.900032431195879,69.00520910556044,2.299006417248139,56.643998041457756,23.17865580700173,84.06028255894333,-3.0390253487952994,61.35562205598926,-4.732007554528093,7.348352605874853
23264566,2025-09-01,5989657,6.245662581125727,47.57891590490818,1.7015588682504006,13.16731017745362,11.26560752782403,5.561574873935281,1.8951964450168712,43.358164396940694,-2.181554054075223,4.257727207676044
23479244,2025-10-01,6087782,-11.675659766469806,-10.277024980680242,-9.991112750469993,-10.851943415073526,-10.924839448957375,-10.733309165258438,-7.99867243855375,-6.646676920219713,-6.746795943805606,-3.6959311573770943
23700767,2025-11-01,6087201,-14.360458164763411,-10.093724938077916,-10.135713127606847,-7.684283597944412,-13.163517779713061,-6.130634999468653,16.89742812873954,21.240272506372712,17.035177308293754,-27.259990375524595
23914921,2025-12-01,6337108,-8.206253721536068,-5.761643228320795,-5.000843704430678,-7.303685963955435,-7.322109659213481,-3.745196983682194,-7.092584393534102,-4.641829715542334,-4.031703406555173,-1.184702148910326
