block_number,block_date,n_wallets,mean_l1_gap_better_return,median_l1_gap_better_return,std_l1_gap_better_return,mean_l1_gap_safer_risk,median_l1_gap_safer_risk,std_l1_gap_safer_risk,mean_l1_gap_max_sharpe,median_l1_gap_max_sharpe,std_l1_gap_max_sharpe,mean_l1_baseline_vs_equal,median_l1_baseline_vs_equal,std_l1_baseline_vs_equal,mean_l1_baseline_vs_mcap,median_l1_baseline_vs_mcap,std_l1_baseline_vs_mcap,mean_l1_better_return_vs_equal,median_l1_better_return_vs_equal,std_l1_better_return_vs_equal,mean_l1_safer_risk_vs_equal,median_l1_safer_risk_vs_equal,std_l1_safer_risk_vs_equal,mean_l1_max_sharpe_vs_equal,median_l1_max_sharpe_vs_equal,std_l1_max_sharpe_vs_equal,mean_l1_better_return_vs_mcap,median_l1_better_return_vs_mcap,std_l1_better_return_vs_mcap,mean_l1_safer_risk_vs_mcap,median_l1_safer_risk_vs_mcap,std_l1_safer_risk_vs_mcap,mean_l1_max_sharpe_vs_mcap,median_l1_max_sharpe_vs_mcap,std_l1_max_sharpe_vs_mcap
9193266,2020-01-01,826497,0.809282555833371,0.8227798055594355,0.7089634262633954,0.17261769692288625,1.4832897687888646e-09,0.3499102738044202,0.7600651774100188,0.6809582162055802,0.7125106832401434,0.7094038480045822,0.8,0.30632513357240265,0.6600668076704956,0.48455822688710826,0.4528468158901316,0.6719075611497362,0.8000000000000003,0.31417171427187107,0.6282980872563766,0.7997831714592141,0.27461142081064793,0.9246647107417245,0.8000000000000003,0.21486467540250104,0.9057845605409885,0.9947879498634782,0.4863831464033986,0.6357256129981382,0.4845582268871094,0.419509909046454,0.8884351230011573,0.6378188701663807,0.6330816773549279
9393154,2020-02-01,914540,0.7608722393105395,0.6651588059566584,0.6841194198356227,0.1694948932410298,9.304438608470633e-10,0.3452894132501566,0.7488922839174947,0.7430030046467678,0.6704295286441582,0.716275845462209,0.8,0.3123873761081381,0.6220827025189921,0.4449408560502399,0.4887624040107565,0.6498317515250585,0.7893216950536602,0.3298214360404296,0.6389000786222078,0.7999999961157769,0.2783748634814448,0.8735212561344623,0.8,0.24700207335117566,0.9121371451434932,0.8988838470390625,0.49744840384358935,0.589956407018529,0.46029855027740546,0.4476428265268826,0.8250267904782247,0.6559449114108152,0.6108533530701117
9581792,2020-03-01,926317,0.4612477128528066,0.1387190010426862,0.5821608516659159,0.18080219182157617,1.3576222784861258e-09,0.3598462031869331,0.6486024380498553,0.45388483097318855,0.634945984549919,0.7310193445377924,0.8,0.2882757930832101,0.644914806132242,0.47051410889210166,0.46941726557800684,0.7130785934966712,0.8,0.2815294895477803,0.6475245593549,0.799999996218806,0.2689179616051145,0.8442641987489494,0.8000000000000003,0.21827110332866292,0.6955511824848063,0.48158843137699703,0.5025751455835304,0.6420319124598698,0.4705141075344794,0.4463051268860702,0.7036601783892249,0.4705141088921019,0.5542588943918636
9782602,2020-04-01,941259,0.9187197636450796,1.0511762426098163,0.6753762506266173,0.19235424636068485,1.7572483745897927e-09,0.3626071255145699,0.9323747919760297,1.033065782085703,0.6610597730639133,0.737672227360734,0.8,0.28256981404745146,0.8139805048003368,0.7916959422593184,0.5312896299056065,0.7419024357600609,0.8000000000011163,0.271457059476131,0.633338512721284,0.7665493082645785,0.256677453722222,0.8885338452744195,0.8000000000000003,0.22626625999337738,0.7500353575595874,0.5823807759668128,0.5758250789010139,0.8149319909916698,0.8227491404529763,0.5055847040255479,0.7165961630042212,0.39859631939954465,0.6078194496295013
9976964,2020-05-01,1006999,0.8716781639441238,0.9655363051434936,0.679043060120668,0.187924248939858,1.6698482735444387e-09,0.3626172589302897,0.8663981580578416,0.904692206601913,0.6461888500111517,0.7213073099454526,0.8,0.304134453009066,0.8343967511183367,0.7476126299241466,0.5627863825997339,0.6966126792127683,0.8,0.2844391884812392,0.6147779488272209,0.7815941260494621,0.27928271910817914,0.7851353946065632,0.8,0.26093474755247476,0.7820133684761792,0.6668653802021439,0.5958458330672245,0.8323458532791747,0.7821089556085754,0.5352215228100146,0.6602790029695346,0.45861482863181885,0.5814795814587028
10176690,2020-06-01,1021033,0.7331447119194898,0.5973916419484849,0.6893744524524216,0.17200746157331356,1.8673475404851203e-09,0.34894258653731836,0.5788597795958786,0.4345998788288562,0.5567967241185328,0.7364149037149703,0.8,0.2778784016007177,0.7249948916395993,0.7442927229021357,0.4902184788782982,0.6614972573050133,0.7896507421554857,0.2779719946699214,0.6482311159265934,0.7999999873661519,0.2508087782793417,0.6555446400456819,0.7999999999999998,0.2672202538927315,0.8141050905273178,0.7484477381344292,0.4962222191935562,0.7140770967350527,0.7399107808910335,0.45972053824901027,0.7376574920613205,0.8515522622780416,0.4726702422774376
10370274,2020-07-01,1044729,0.42725164093827206,0.08190485896413005,0.557309448060487,0.17947403441912665,2.522704489749117e-09,0.35468122108578537,0.6542080573093574,0.5078215398017492,0.6050967342342501,0.7395480235504311,0.8,0.27992332879114146,0.712946989858992,0.7540157940989833,0.49111442491489665,0.6454227551083241,0.7999999844545129,0.30557092949111125,0.6526985722202765,0.7999999904745106,0.24503338851129752,0.759567902434367,0.8,0.2521138373768098,0.8040649103407403,0.763978090807749,0.4872148269358513,0.6998442598263807,0.737831822124182,0.46156484169166,0.7704749737793598,0.7639780908072753,0.5774513981939994
10570485,2020-08-01,1071168,0.48389393249075746,0.1926030668908431,0.6031962984619395,0.17511067227545687,4.005586654032278e-09,0.3456752149381501,0.9009854635897121,0.9439467506434434,0.6474092917738892,0.7431948604043106,0.8,0.28033388344197047,0.7322284910346767,0.7448056947246811,0.4996059285342024,0.69689494334706,0.8,0.29176781488684994,0.6607860913952615,0.799999994145737,0.2536218803365188,0.819388942681243,0.8,0.22044309404082585,0.8206015675007853,0.9004144445014153,0.5184231941652446,0.7256696078316984,0.7536605776363734,0.4691861566573384,0.7891499444133726,0.6995855554996961,0.5517336202239238
10771925,2020-09-01,1094957,0.40166417203014004,2.0901886799151725e-07,0.5717440764739931,0.18115026591364278,5.784267009811828e-09,0.3607862390216,0.6846457749663495,0.5423548689017241,0.5202990272227187,0.7537890363700592,0.8,0.2773455940554893,0.6937792267236169,0.6726850702637754,0.5080823951315283,0.691712624780564,0.8,0.28634953192811613,0.6765917436990939,0.799999994215733,0.2632117941745005,0.6326666062197173,0.6498671105094305,0.27598335106865934,0.7333057588093506,0.6726850703411189,0.4977541343544409,0.6873726618657996,0.6726850644795084,0.4789572692566458,0.732156588309496,0.5197344533329565,0.5463911533496432
10966874,2020-10-01,1121306,0.45668163782910237,0.11784586398887366,0.6082328748295375,0.2067875592482932,1.031074003954302e-09,0.40575497100184355,0.6835314246062681,0.44181870942833945,0.6795602502986459,0.7493817002316567,0.8,0.2814056222033434,0.6800244416048442,0.5542576726141846,0.5127036455627297,0.7292634178837892,0.8000000000000003,0.292020512996445,0.679792025720255,0.7999999979478383,0.25757938503151045,0.8989445960356979,0.8,0.2355092099360479,0.7595446886118351,0.5542576727828288,0.5426920746300711,0.6956402382945713,0.554257673056979,0.49876956586356347,0.815242053335696,0.5542576726141846,0.6166813912648721
11167817,2020-11-01,1233035,0.7009583751099961,0.4646923400369197,0.6824908836800619,0.22036150003186722,2.718566871617867e-09,0.42229519376094393,0.9877520361002763,1.2492889436434178,0.7043053414823812,0.755500381071462,0.8,0.2868896318853171,0.7213265563638775,0.7444495305599746,0.5154289843908191,0.7315401041478121,0.8,0.3191066619192414,0.6720982428400001,0.7999999838329326,0.25456883856595464,0.949439668593673,0.8,0.23379468611038112,0.8170617195473884,0.8283898523747495,0.5186381886746672,0.7439398394640797,0.7716101480378039,0.5070811862384352,0.8784563247619821,0.8283898519621964,0.625417221881342
11363270,2020-12-01,1312844,0.6690122224516802,0.39648490150116333,0.6943729386250838,0.21232276798217986,2.2266212901245197e-09,0.4073693292848246,0.963605047668619,1.064343984693729,0.6614641085486017,0.7489120589388648,0.8,0.2919771253755171,0.7452442675693475,0.7383192707757724,0.5304278603274288,0.7280285385333255,0.8,0.31194496134892996,0.6780964437744529,0.7999999930142656,0.25980750499058786,0.8851166884976686,0.8000000000000004,0.29405792946890696,0.7980723853770622,0.6433294761541934,0.5310738116948813,0.7447940401540372,0.7667735061535459,0.5027617395070854,0.8402628363833404,0.725527310052492,0.5761745257006812
11565019,2021-01-01,1344924,0.6906016664308052,0.4654736072300176,0.6794918125152539,0.20351118455113676,1.7293737553103483e-09,0.40392478042570407,0.7075110030168367,0.62766499134379,0.6503620034486985,0.7460644586475855,0.8,0.28654511860929593,0.7305082629796366,0.7270939351500367,0.518609565433137,0.7034343624010407,0.7999999999614347,0.30593293680391015,0.6817152068655045,0.7999999952334388,0.2612044935076544,0.8248543804446763,0.8,0.2955632401149945,0.8863348381617655,0.7626954195794665,0.5269941897082906,0.7326952623857539,0.7605857375194065,0.49465243525231084,0.9144691307100481,0.8579748930563798,0.5602675355277403
11766939,2021-02-01,1421979,0.5905593393504915,0.4284054575636521,0.5945131363329541,0.19363773097884732,1.814513761466685e-09,0.3805384797317153,0.713984140483516,0.5417020317895527,0.5707747080209241,0.7515608719480482,0.8,0.28478197491299456,0.7157286053992654,0.6854488838130404,0.5240522739923565,0.6469330197791514,0.6895900509040769,0.31685905398930064,0.6796475682643075,0.7999999952020682,0.26683673936928615,0.7345963560200813,0.8,0.29899983017928844,0.8089266413393227,0.7369068844029213,0.5515980765530837,0.704064060232894,0.6854488838130401,0.4904192337891007,0.7781351705298615,0.6390720663404402,0.5734438961920364
11948960,2021-03-01,1578989,0.47318875822056256,0.14821748697242998,0.5900726110603499,0.18546054741248574,9.197039185782074e-09,0.35970455618701597,0.7213471691118716,0.6922384009838288,0.5023554797096704,0.7418866674554832,0.8,0.28772408067434135,0.7455850329875328,0.7050073183298355,0.5321044752397116,0.6654403193468642,0.7665127419464783,0.30277471863089866,0.6614760277462544,0.7901915476094903,0.26458368141540883,0.5614468094580634,0.6666666666666666,0.33681824030058316,0.8350999784555644,0.7050073187574175,0.5235993062289006,0.7245326596157132,0.7050072869061783,0.49706785608170634,0.7690427970487148,0.7036804611496439,0.5585405366758863
12150245,2021-04-01,1695563,0.6580311316941777,0.4129343128079327,0.6570361100820593,0.20480609531198904,5.319131524128551e-09,0.38925196076107993,0.7631054720338234,0.7372632574752895,0.5219851602682717,0.7196603038104146,0.8,0.29971095552362076,0.7344178394214069,0.5868913127955415,0.5427470738942854,0.637190196720808,0.7675064300156431,0.3232920010674922,0.6426505896376004,0.7702545969779093,0.27177382407766076,0.5752029357277231,0.6666666666666667,0.3691066172325234,0.9747072599433001,1.0056517837847152,0.5257162903488943,0.7228897721270426,0.6158412042113575,0.5119131662377396,0.9159719139742897,0.8446134854920784,0.5546178507856535
12344945,2021-05-01,1822425,0.44270782542367065,0.05972438641050898,0.5787136492401393,0.21123031658729197,1.7658060846859058e-09,0.39543140139700467,0.7463467457883387,0.6791786860344715,0.5591336763176902,0.7066510578806346,0.8,0.3145168917833733,0.7283896785216358,0.5941664019723985,0.5540037666241477,0.6459252905396888,0.7590805911521161,0.32560704104952604,0.6364982892784998,0.7699543599339225,0.2856692702179418,0.709247100399939,0.7999999999999998,0.30771731391657847,0.8097442227172515,0.7580457882435224,0.5429514134178958,0.7058208665673132,0.6109472581171755,0.512829826790372,0.8534114370024329,0.8271654816300849,0.5711813905996664
12545219,2021-06-01,1944649,0.4828449151127049,0.16540851684659924,0.6006478211267847,0.22584089262093712,1.920357484141988e-09,0.4299499668947837,0.7858721474481053,0.6987198213919398,0.6881459680812104,0.7151070654138058,0.8,0.3053170594019466,0.7102113496894676,0.5944165364168308,0.5676714129774122,0.7139223839858811,0.7999999999999998,0.34386790427444164,0.6737054360727407,0.7999999844514238,0.28954130050516047,0.9524441428487985,0.8,0.26042650083398766,0.7794237714004127,0.7462118373346416,0.5625841124167352,0.700817977635989,0.6128705255380708,0.5427851213329153,0.6591604293258365,0.40345186190750704,0.6134955398070471
12738509,2021-07-01,2077642,0.5932598653949039,0.3809751325191868,0.6226504703085871,0.2506391258150084,3.321497826780373e-09,0.463810737438804,0.9880964698106969,1.1721455871800035,0.6795159649873882,0.7214172863665101,0.8,0.3063240649317262,0.732394755727617,0.5886932887367651,0.5613199870177341,0.6790660906204021,0.7227363780655501,0.3794403982220092,0.680623933038587,0.7999999691639657,0.28953250078447546,0.9713404335664192,0.8000000000000005,0.2529417063487783,0.8923174944099153,0.935513812390268,0.5188770314106991,0.7349535314686565,0.6242450999553533,0.5440734034702807,0.78558017566968,0.6608011912577733,0.6254357879987549
12936340,2021-08-01,2186002,0.5954148076458998,0.36584182962760536,0.6185262247267924,0.2561535113979838,6.0051956324302935e-09,0.4618836734466112,0.9674853054500006,1.1207434972242454,0.6832647157533875,0.7274428428609141,0.8,0.307349542363848,0.7399854276536919,0.6246665418192008,0.5679939836309523,0.679663689453943,0.7639781358287117,0.36445274539043715,0.6764212204135885,0.7999997114991146,0.28603687848024734,0.9715735556265386,0.8000000000000003,0.25633570234585196,0.904603736332724,0.929631412602594,0.5332338589053808,0.7317334491781239,0.6488954970995047,0.5400048229918122,0.9567770100957094,0.9689035278756745,0.6555954965447572
13136427,2021-09-01,2286203,0.624217070128734,0.4656469980481375,0.6341460428682533,0.22407505795211521,2.229531281816577e-09,0.40509653997829226,0.885912228645454,0.8818800780196008,0.6252957878932014,0.7218794845065076,0.8,0.3095022166480787,0.7605590162350321,0.644480993402683,0.5646555960538274,0.6557492466261716,0.7604861485323275,0.3436651148309692,0.654187384095105,0.771225226351614,0.27974724081872043,0.817943514652341,0.8,0.2700845742696026,0.9648016827707087,0.9409137992017725,0.5254529463993806,0.7424133601707209,0.6602699965061913,0.5263159618444465,1.0064220058324955,1.0356344249010472,0.5847411385783119
13330090,2021-10-01,2385506,0.6199837946024259,0.40246233387026953,0.6365190697850552,0.24100787967510826,1.8965267412074382e-09,0.4326666181465154,0.9354626143909843,1.023678253797052,0.6583357576352762,0.728322801133822,0.8,0.3099297218308626,0.7413544376313093,0.6172268794700372,0.5698573530774552,0.6735876355121714,0.7189471440411962,0.33222678711970094,0.667780152575791,0.7999999523761265,0.2852938403823723,0.9139504330361878,0.8,0.25921566127243245,0.9433942243473529,0.9519679377587205,0.5397059652196435,0.7217094566717078,0.6276894145803336,0.5338232334957196,0.9190569863942557,0.9053999169921274,0.6310558279528938
13527859,2021-11-01,2504425,0.5852862563605281,0.30182896570535117,0.6472764943381887,0.23606274905159608,1.9867940070916745e-09,0.42742166475768834,0.8754197676593648,0.8951543312329615,0.6688574381552624,0.7354350301085126,0.8,0.3083166766804321,0.7369609649828495,0.6122009741519722,0.5774992801643822,0.7061189240126937,0.7999999999999998,0.3342837545852894,0.6744448833782148,0.7999999956443202,0.2892261002012236,0.9165810418174315,0.8000000000000003,0.2680524398827872,0.9116864612218949,0.8851397567009447,0.5656849206860488,0.7172307173345968,0.6337109451183559,0.5391089374631756,0.9063149657444457,0.8586379483494961,0.6217600485389846
13717847,2021-12-01,2579086,0.44322446069739047,0.1167360027963221,0.5610703379560611,0.21510850499554623,2.121136155608383e-09,0.39852324450071563,0.7645644198500131,0.712117110185964,0.6309507622733355,0.7254220982011164,0.8,0.30730035672097084,0.7374738161549748,0.6276385606604121,0.5869683499556985,0.650908422034855,0.7570924885509072,0.337063162033321,0.6607673385847953,0.7739824080247846,0.2817112924860431,0.8270950883458712,0.8,0.27147856639373663,0.8148785603439059,0.7838202768368676,0.572997560731561,0.7143480321663843,0.6345639361631481,0.5508328974210228,0.9206828140322106,0.8472439541967646,0.6469473506565511
13916166,2022-01-01,2621359,0.4729004327601189,0.09464502513470503,0.6060272562852126,0.2321327126967055,3.4153914141299424e-09,0.43183041140940986,0.844904269756304,0.8570988708163065,0.6975425485208463,0.7242162465637801,0.8,0.3087384549865014,0.7108023189168141,0.5680886363581081,0.5859845563658371,0.6985973555225237,0.7999999976291667,0.3484833510690025,0.6604286278974163,0.7999999543622718,0.2822201263806634,0.9622556279824407,0.8000000000000003,0.24769386572865684,0.8098569618244957,0.7668253335597279,0.586279981425346,0.7062990396015966,0.6112228068245791,0.5575747456236617,0.7950973742035787,0.6497283388599981,0.6710422631268109
14116761,2022-02-01,2755033,0.48735902934652514,0.1205991754373329,0.6087134550496146,0.24360656170774447,7.557720074768959e-09,0.4441128526508207,0.8740390908807366,0.9147870602450694,0.7009087999477119,0.7257332122105514,0.8,0.31033391155865725,0.7182558654062844,0.5695231447379272,0.588900223063587,0.6939956390265632,0.7999999761334005,0.3697440026956041,0.6620649465642507,0.7990254441884457,0.28174213076856464,0.9695613401822057,0.8000000000000004,0.25126575808330237,0.8114122511552521,0.7609367052868079,0.578967869798721,0.7223474413941517,0.6133155388404381,0.5666045769226874,0.8118649601243377,0.6123475685756188,0.6831803747266014
14297759,2022-03-01,2928345,0.5228353042421127,0.17233045676869163,0.6305159684810391,0.2540145432884416,7.408861815716428e-09,0.45186002317391055,0.9168645134780341,1.0099998939107875,0.7082822161611133,0.7330740947011306,0.8,0.31316366201247303,0.727049400616143,0.5796451216303098,0.5935217381091419,0.7160086613539679,0.7999999998332531,0.37201100508091606,0.6638875238073106,0.7966889934577663,0.28206680769007453,0.9756852842834709,0.8000000000000005,0.25629407585154923,0.8602625054880123,0.8073667742984406,0.5964247351069614,0.7292339831384348,0.6263333637007531,0.5654376798719536,0.8773058266002738,0.7100446730094384,0.7048976835360824
14497034,2022-04-01,2934000,0.47319864314080423,0.10774311957278881,0.6022529311892524,0.26051236494197305,2.3141968064077645e-09,0.46682246287555107,0.9439625374732193,1.0680603462793363,0.6671541223118737,0.7331590304837494,0.8,0.313498045452028,0.7394827256770291,0.5980201934920126,0.5984957625082462,0.7010491556340926,0.7999999801243372,0.3566517687635701,0.6860700555498916,0.7999999957455095,0.28978413970766187,0.9260577873835433,0.8,0.2740969718346632,0.8562340879859828,0.7862181246359472,0.6049105589483926,0.7260097035913797,0.6197740941200488,0.5660942577129308,1.0424094146728282,1.1973822424714524,0.659780528607054
14688630,2022-05-01,3002002,0.49149227339532947,0.1183518983961867,0.6180906857096696,0.25723924492704353,2.6849699963360507e-09,0.4534863003034569,0.897879747015869,0.9717817977828841,0.6990755170707823,0.7349968069936462,0.8,0.31382957977570725,0.730769921269617,0.5778424465216572,0.59925917720856,0.7093416870510534,0.7995226173404985,0.3569944941518984,0.6737343280389847,0.7999999906289263,0.2835012067815561,0.9712592072111946,0.8000000000000003,0.257788780124675,0.8446435840914044,0.7870373946045051,0.5943987874615934,0.7157563415214118,0.6039440707656938,0.5642818653070113,0.9623028293845992,0.9970587541872036,0.7037911858930763
14881677,2022-06-01,3075701,0.5485781892862198,0.2993257909290211,0.6162034601486649,0.2541237880439384,4.433396524894384e-09,0.4509825130394668,0.9199630055173548,1.02056461306758,0.7110527196880293,0.7412959148693076,0.8,0.31493744360015546,0.7188143775651725,0.561379056086606,0.5991991600923113,0.6694573472175035,0.7266230434299672,0.4047001029795486,0.6729004281206832,0.799999963829175,0.2815283775471002,0.9790013077169823,0.8000000000000008,0.25828734119190905,0.8837531386810025,0.8580108681091458,0.5556729763406387,0.7205781043810913,0.612449342723148,0.5712897854830662,0.8448602655486747,0.7046715023139469,0.7021518271039725
15053226,2022-07-01,3103058,0.5912158200854519,0.3005491575313193,0.6534022298305502,0.25166651578517046,6.1484586866278335e-09,0.45065403390453995,1.0013748805573361,1.2071947956333546,0.6883744736172195,0.7426328870152351,0.8,0.3158531391066,0.7147967736263315,0.5479147945443757,0.5972294033623496,0.7116240373837371,0.7999999945492142,0.3703911546420504,0.6831397856066981,0.7999999874850341,0.2886182842396504,0.9783376180855718,0.8000000000000003,0.2596662178167771,0.9120855912363696,0.8809303902970408,0.5807472559207661,0.7136419909280701,0.595637488911767,0.5665166419834385,0.9368725952002244,0.8948297180112199,0.6981285640309138
15253306,2022-08-01,3154145,0.534726536725199,0.18449753549742762,0.6395648866562432,0.2492022765185696,2.4854986402367274e-09,0.44602951496281557,1.0423997007497965,1.2777120528380324,0.6689989398333644,0.7440482839329412,0.8,0.31539648364144457,0.723434478005536,0.5683030748346096,0.5951172455465701,0.7096459930499712,0.7999999980257569,0.3552722604081542,0.6937936462100257,0.7999999965320959,0.2910549195240212,0.9655652234723495,0.8000000000000003,0.2578506940466518,0.8805920769082809,0.832577311248049,0.6075754048122974,0.7146529884735545,0.5968044503361136,0.5643074770186527,1.1206778095755126,1.4178444860581516,0.6694731925439755
15449618,2022-09-01,3172900,0.4938374244688914,0.1856029972117254,0.5966246856483128,0.2511129359871615,3.1667886923880673e-09,0.44417272620972326,0.9618135390205742,1.0491520294376366,0.6597377497919001,0.7467857722183641,0.8,0.31454510317611417,0.7242992000933719,0.565853543968162,0.5993470603130224,0.6847711629057044,0.7778336362066202,0.34660723129582616,0.6844289940185737,0.7999999944432958,0.2870092074145971,0.9073614227347329,0.8,0.2928741030750779,0.8368564265913337,0.7610124399176984,0.5879036034134029,0.7268546359248974,0.6165109278283647,0.5711474252031034,1.0947878060390934,1.2686196558181466,0.6579201973577721
15649595,2022-10-01,3182512,0.5266014327792137,0.19738890725934902,0.6288035305229218,0.25044114714955845,2.8811150132312946e-09,0.4477630838670688,0.9873491597196004,1.1738662066645955,0.6887008028072158,0.7479035718690856,0.8,0.3148763909509303,0.7265826397622558,0.567724242560343,0.5976272798969448,0.7139573235813931,0.7999999999466574,0.3601588403632854,0.6857577310129594,0.7999999941187312,0.2855355074298223,0.9766919224600107,0.8000000000000003,0.26116377329514107,0.8501825537136506,0.7937309116016483,0.590237115019914,0.725523443357333,0.6132964989111082,0.5694758613278775,1.0407020416410655,1.23475545333257,0.6857824894646344
15871480,2022-11-01,3245800,0.49832973579852147,0.16809107856461916,0.6115240929431688,0.24280208880057516,3.4878958055095666e-09,0.4301257081378167,0.9649395083680371,1.0902172325903292,0.6787219049821428,0.7498785486005766,0.8,0.3151599597670781,0.7323143778530051,0.5799188958221058,0.5993331403235888,0.7024828490872634,0.7999998553226423,0.3415080107191235,0.6796586171671939,0.7999999908682187,0.28282095734391627,0.9447297219646529,0.8000000000000003,0.2714961767612257,0.8189656507899024,0.7538247961377722,0.5790488489399235,0.7166763364302934,0.6045228091455994,0.5619689303179372,1.0082865099025016,1.0946139504520391,0.6632298919671398
16086234,2022-12-01,3332213,0.5299983067869921,0.21500643730898286,0.6203848797323233,0.2633769200157115,3.0119067101486152e-09,0.45294799650993645,0.8953489194723526,0.9528848838562414,0.7054972937863958,0.7513412092781052,0.8,0.31613335207069915,0.7298190211947171,0.5731948871976119,0.5972824573631653,0.7110061506283601,0.7999999963101401,0.34885702332879487,0.6806823868482794,0.799999988182337,0.279058212193292,0.9779647085707805,0.8000000000000003,0.2621254504541668,0.8416111448441373,0.7736276418654047,0.5878924301602111,0.7188302847250407,0.6058227277968244,0.5595068576008196,0.9203955496001621,0.8672186330596109,0.7070451698844399
16308190,2023-01-01,3362555,0.5341209441370324,0.23353716103079075,0.6205799143608532,0.26358215836387233,3.837945627971351e-09,0.45620129884574173,0.9647742240236798,1.1300454068462966,0.6989333932171158,0.7526336675979148,0.8,0.31749614126143527,0.7403364718571894,0.5842140054549552,0.5991630360218005,0.7170747516606968,0.7999999786382908,0.37024009091313076,0.6811640174806359,0.7999999850572745,0.2820104617638047,0.9897223435354371,0.8000000000000003,0.2643951241540294,0.8623767818907286,0.8058586250790611,0.5892444597618699,0.7356091080869999,0.6254983734800525,0.5655626669427753,0.9180624136751083,0.8375875844406071,0.7067434918086848
16530248,2023-02-01,3370814,0.5782865658038044,0.3424842673970044,0.6245781262182583,0.24292653694822988,2.348576416677517e-09,0.4195692125064591,0.9348519207142544,0.9972832049056943,0.6409269910262542,0.748264672194145,0.8,0.31757265213658603,0.751540943269553,0.6081972986339563,0.5994269555037827,0.6745522019412349,0.75997833884031,0.3407174638198066,0.6749210268405132,0.7999999879455145,0.28069322941076813,0.8603595332345271,0.8,0.27453038751464903,0.9432836540898606,0.9034982733169021,0.572609646621034,0.73460468185006,0.6387992921733952,0.5580059938184082,1.0627746253452297,1.192546676195181,0.6431237776084756
16730072,2023-03-01,3392077,0.5436490612870633,0.3127245155977582,0.6010850419805036,0.23429783425895226,8.223472403035004e-09,0.4099383457472119,0.8104511030974526,0.7603998403254779,0.5660128839262856,0.7463974219374528,0.8,0.3169473102332005,0.7598751832400652,0.621822525683656,0.5969154378910351,0.6467763854576427,0.7085801916918004,0.32843907659508503,0.6679474635245645,0.7998764142652448,0.2797063960639713,0.6791317978540236,0.7999999999999999,0.33826677111612447,0.9161056748044277,0.8655975673920029,0.5684587033728843,0.744212712445121,0.6473911863643899,0.5609106123759144,0.9539682131113835,0.8780674881988184,0.6067469613629123
16950603,2023-04-01,3417035,0.49623740123071475,0.19015747610909947,0.6089349116557329,0.2667611281556765,2.578695396104891e-09,0.4575324767348858,0.9701130996808431,1.1098409665732432,0.6863811947434275,0.7488942213724955,0.8,0.31807171597593376,0.7594802072751947,0.6176736065746415,0.5995393952844932,0.715928821300139,0.7999999918979095,0.3596135377592123,0.6977933478319324,0.7999999957472086,0.2892061359882844,0.9717487476354497,0.8000000000000003,0.26666524461533797,0.8656823216944944,0.8043601526235298,0.58426495219932,0.7419045484353783,0.6346721489105003,0.5622399610773837,1.0370967488584872,1.1778295214052343,0.6866300673764579
17162287,2023-05-01,3457737,0.48650796557997233,0.11486853125880575,0.616300404262264,0.2652585738556235,2.6790087509498406e-09,0.4577060194811627,0.9690124053836172,1.1224112976281646,0.6912395620364531,0.7497485189161269,0.8,0.3178899318742795,0.7608540633305912,0.6187069510357786,0.598831683922205,0.7414357059594555,0.7999999999999994,0.36459680236524283,0.7033979247217432,0.7999999969724705,0.2928603368461843,0.9826042876215568,0.8000000000000003,0.26599543842098516,0.8476776844504823,0.7868755371863076,0.5807037167301597,0.7472585042706886,0.6384771687145541,0.5660180555349944,0.955986862503742,0.9759659250072854,0.6869247045035684
17382266,2023-06-01,3442453,0.5068968475711628,0.1719190487005553,0.6208161067296294,0.2571756509529049,3.3874860694282916e-09,0.4389930918320921,1.007509140718195,1.22137783238459,0.6901253143129072,0.7496061080633293,0.8,0.31654349959261446,0.7559530570023832,0.6100738220634518,0.6024073427957212,0.7200601837311416,0.7999999767386494,0.35680694774127136,0.6781173977347618,0.799999950341628,0.28205097336045953,0.9860806661323451,0.8000000000000003,0.26344303805980973,0.8758441712011384,0.8211742628125805,0.5845438485413812,0.7344177286335932,0.636430085622824,0.5587705064333851,1.0643148846163974,1.3695329633786617,0.6834325455234638
17595510,2023-07-01,3533345,0.5175581776317021,0.19879229510123936,0.622670256445569,0.26980638123208417,3.6351082699503934e-09,0.4577585796635838,0.9123921567783304,1.0021962043617836,0.7128291919197708,0.7534311033185738,0.8,0.31809827351369835,0.7615584333115596,0.6036630906011905,0.6065242030765049,0.7257430477753519,0.7999999978340822,0.37019430190263747,0.6893265663773416,0.7999999934378211,0.28186786426302957,0.9952382660054134,0.8000000000000004,0.2672197783089267,0.8761078475914056,0.8083893143500165,0.5899651521163417,0.7364046551371157,0.6108522997311336,0.5648450357584707,0.9632350737151937,1.0120217252881956,0.7200886111589754
17816434,2023-08-01,3527396,0.5429912618473935,0.2288498180772755,0.6285730145963808,0.2586161741839446,2.6204471786916983e-09,0.43860032849782626,0.9628137321884803,1.1159711643656032,0.6874005070664122,0.7516436521291778,0.8,0.31578497650406145,0.7555154761450321,0.5876903682842793,0.6011942332401021,0.7187629670099327,0.7999999995706675,0.347407114695525,0.6816752174093519,0.7999999889026557,0.2816350830851904,0.9760034564144824,0.8000000000000003,0.2616869621894132,0.8868552194816313,0.8457774717986837,0.5839554943463624,0.7415489540542758,0.6208560607513962,0.5584015291684729,0.992311338254415,1.0801192181579153,0.6817953245453959
18037988,2023-09-01,3655348,0.5597881684971923,0.2338377902901611,0.6468265189721091,0.256667764756139,4.475144366189454e-09,0.42432654536073416,0.9420822091737094,1.0698112616634066,0.7072725239371086,0.7550560704332986,0.8,0.3196084075942371,0.7499405208877878,0.5901190020352246,0.610045318906036,0.7275233492887829,0.7999999999999992,0.3505310743832287,0.6559653572418143,0.7806638329584368,0.27993563192683185,0.991861092854512,0.8000000000000003,0.2675394228549703,0.8650318920640717,0.8141308053303057,0.6012759129404344,0.7486371719257532,0.6535194897270127,0.5713476731739854,0.943892496302575,1.0063384144689675,0.7215282735739735
18251965,2023-10-01,3693849,0.561419258656446,0.24523611254684313,0.6444121912607516,0.2654441679108345,4.585942708912327e-09,0.4360307337608105,1.0038433048438582,1.208632086695336,0.6866520092465636,0.7562804090244779,0.8,0.31899385673954256,0.7599613855994485,0.5978632347689594,0.6077791387123369,0.7244267997956573,0.799999999958676,0.3480238596315514,0.6625274302173203,0.7904050459280567,0.27941179124102694,0.992720957234965,0.8000000000000004,0.26673736891977756,0.9024928301014459,0.8664287314462129,0.6000843999374874,0.7550964016340846,0.6571654161929767,0.5655113308944723,1.0289077394834867,1.166721109831018,0.7065426151750747
18473543,2023-11-01,3759567,0.5074004759696173,0.21889413157632193,0.6023033497067374,0.24905082580191484,2.606887816725134e-09,0.41660260441294744,0.9387446312552633,1.006916400181397,0.6503348496133118,0.7581872935765317,0.8,0.3199872408079244,0.7674006321790088,0.6101097514531622,0.6085191352368852,0.6918933541788826,0.7848661272965669,0.3348055230532006,0.6732483429161397,0.7999999631196713,0.2778895611777632,0.8915519615023243,0.8,0.26379319907381193,0.8851884699170836,0.8413212171278919,0.5894354610664188,0.7473144224628683,0.6461030022686951,0.560132486146028,1.067282021514006,1.1975861820897002,0.653200390297554
18687851,2023-12-01,3781817,0.5136875538917404,0.24159523544632744,0.5947701330287607,0.24921329036147316,4.396099317904856e-09,0.41638661716252984,0.8961324933539222,0.9396216558272303,0.5956143328719757,0.753980342134407,0.8,0.31880496526594987,0.770582122794372,0.6157158994522676,0.6090489127582142,0.6656867884442156,0.744136330321397,0.3316662221069185,0.6601575132535097,0.7831307229561446,0.2781125814365541,0.7746436354376702,0.8,0.2922674741664144,0.8981948292950895,0.8561735191955169,0.591507966655971,0.7641286863123171,0.6771257881093837,0.5675377597798832,1.070760074654094,1.1916835976543605,0.6119132966391984
18908895,2024-01-01,3855395,0.6497330158792841,0.5163963988635975,0.6322126747742253,0.26164672567205055,3.526720027124952e-09,0.42614943694202784,0.891663570109234,0.9189075821626806,0.5798452642641024,0.749456312793778,0.8,0.31907428646853464,0.786522985070047,0.6375903156899847,0.6067631578476279,0.6451201586406353,0.7204439102724833,0.34546358617796785,0.6386086454888819,0.7433108335376317,0.27742618697664934,0.7213608471984555,0.8,0.32303539775823614,1.0095459564801557,1.0244455033467355,0.5714020747629348,0.7847199657654751,0.7079852878928778,0.5642123539322556,1.0511546681675912,1.1078624188627846,0.6103425984514973
19129889,2024-02-01,3977147,0.6334702861329674,0.4688579698201299,0.6387099702755636,0.2659731880821072,2.8600057738747964e-09,0.4406025887263859,0.9692842977673358,1.0184820624905768,0.6401314133488674,0.7492654345806854,0.8,0.3195929482980761,0.7910710108297972,0.639892989166152,0.6073048086070834,0.681633544562505,0.7269017002072254,0.34880868878138777,0.6618077945886179,0.7829085931125882,0.28218645584490787,0.8927957382933492,0.8,0.3193610746757702,0.9790307892737137,0.9905104712399596,0.5580632104338641,0.77929216899835,0.6893047417366649,0.5636312094196013,1.0707512744727297,1.1907003317294662,0.6621382429469207
19336607,2024-03-01,4005064,0.6270282986100022,0.4192099309368424,0.6443360455342809,0.257384934013723,2.4821388971973946e-09,0.4322571555267505,0.8845692273323821,0.9106063799487957,0.6456020141089104,0.7507616877668415,0.8,0.3182417051223616,0.7847589502993157,0.6423405949605944,0.6098250508572574,0.7007381413542338,0.7999999933837378,0.3437948274084949,0.6674543224687073,0.7976122653269916,0.2843321742121863,0.8857859343651168,0.8,0.27335663809649524,1.0047245996663026,1.0242316930302384,0.5725229553104072,0.7675314112522101,0.6780456070981087,0.5649885959026227,1.0264774779536443,1.1499850871956792,0.6510811711866747
19557289,2024-04-01,4153412,0.5123729770909572,0.23414970317008788,0.5980654742274466,0.2529633464204061,3.4611261495731682e-09,0.4227255795220796,0.846629544620318,0.8629226205848348,0.5836180588248241,0.7488858139235942,0.8,0.32018177981581886,0.7860765045351582,0.645389003914414,0.6079484959318916,0.6728686812939264,0.7528515013658867,0.3411826476523037,0.6578064588856349,0.7653113363337116,0.2812925519945242,0.737162131954215,0.8,0.3100463386982461,0.9010950012189327,0.8614621496154347,0.592175251405247,0.7803339046023485,0.7007727712604098,0.5678804061956322,0.9985867007835681,1.034917840770896,0.6074537198060856
19771560,2024-05-01,4273747,0.5194720218137274,0.18205229298702577,0.6289638666123888,0.28281720019704804,3.1897569030547857e-09,0.4689579267671963,1.0081836121967394,1.1942392391576822,0.681493693434675,0.7485493301127706,0.8,0.32211551782081504,0.7887240887521456,0.6482932963540267,0.6130465697714026,0.7263192133896529,0.7999999999618355,0.36363558988990324,0.6840146907788243,0.799999977357261,0.2883797796361294,0.9876057818983957,0.8000000000000003,0.27069304315887727,0.8882922447423754,0.8435080934661796,0.5985288584872981,0.7726899204990908,0.6809150757417617,0.5701132631653018,1.0650972869221833,1.264745400261961,0.6933620458680885
19993250,2024-06-01,4506122,0.5196272773865189,0.1858660387191945,0.6289399317765134,0.2997734666058991,3.773423414010768e-09,0.4900596028044558,0.9178834612450693,0.9989137801252488,0.7052823528278764,0.7554194243373363,0.8,0.3226967308675625,0.7824711096327719,0.6425995735129122,0.6138547018748176,0.7427932374469859,0.7999999999999989,0.3763973671920736,0.6937116955460955,0.7999999911941469,0.2922559695319599,1.0036127214089419,0.8000000000000004,0.2737733610484881,0.8807873394406338,0.837023501620757,0.5919435416262363,0.7829846807027858,0.6920538558709366,0.5782831443590104,0.9000788003961215,0.8296033679927357,0.7123800180039859
20207949,2024-07-01,4524722,0.5291373371874172,0.1996658140341979,0.6310727816637538,0.2841468803468489,3.971039996830683e-09,0.4665719982229777,0.9145127920617386,0.9945034098753236,0.70590413112758,0.7567362117514186,0.8,0.32235137645977013,0.7795062724681454,0.6341693070678242,0.6157444825379186,0.7365774400966264,0.7999999999999998,0.36850905872321144,0.6851618659219271,0.7999999904493604,0.28736517516348703,0.999827736909834,0.8000000000000003,0.27477170299610504,0.8803167925138962,0.8341017989068651,0.600830393721697,0.773102453748038,0.688057148881034,0.5772370693528504,0.9386976460692058,0.9168190444949407,0.7199796688208724
20429973,2024-08-01,4668597,0.5428825393051383,0.1772623709805182,0.6547368514085258,0.30297710969571995,1.088318199449212e-08,0.49073080719619205,0.9612109948190978,1.108953389308336,0.7102290705930171,0.7590084873708414,0.8,0.32374991374746864,0.7828841695435016,0.6351798544457806,0.6168104051096646,0.758604684195421,0.7999999999999998,0.3765827993578234,0.6818257145770901,0.7991274210427117,0.2851365547081034,1.0070842741849266,0.8000000000000005,0.2746509551803964,0.9220346086223491,0.8867528905497823,0.6165907940030759,0.7932948133763087,0.7024989597231833,0.5867854668640943,1.003592791802507,1.1593497755937006,0.7301638918683588
20651994,2024-09-01,4693885,0.5342795603090399,0.16832281369306812,0.6480101891355434,0.30994194634375366,1.1490088547283506e-08,0.5031873304348763,0.9835205352398166,1.1647943787860031,0.7064059550362315,0.7587270944565718,0.8,0.3221130116836309,0.7814456743693929,0.6270861980217721,0.6200978135019125,0.752069234732493,0.7999999999999992,0.37499508322303493,0.6908370336733215,0.799999969512019,0.2889674909327751,1.0050937864335323,0.8000000000000004,0.27386401995526016,0.9180651014873109,0.887318327605935,0.6165822940150482,0.7977511390573763,0.706659052228322,0.5928806236812306,0.9939944003011062,1.1601160662274466,0.7332631798639851
20866919,2024-10-01,4793311,0.5709520065089304,0.26422074065491674,0.6438668191537948,0.30371292479366596,3.0801123318546786e-09,0.495142519657063,0.999119593168038,1.1780345926742761,0.6812779535037736,0.7629828689515564,0.8,0.32404792059720133,0.7856465608789184,0.6349726237647553,0.6205875940555603,0.7256691580728395,0.7938033708885757,0.363748211818196,0.6998161627259705,0.799999995486138,0.2949032145899486,0.9825137053837936,0.8000000000000003,0.27427880753565514,0.9455711014922655,0.9286590555601444,0.5947027090001414,0.7840125028205596,0.6881384963637713,0.5834767806461756,1.0741646585383466,1.3173711995688362,0.698493245303839
21089069,2024-11-01,4748515,0.549518966955779,0.26340960229943167,0.6235085682293595,0.28095443516027857,3.358359923488763e-09,0.4618324195246442,0.9240266122112492,0.9827125285258426,0.6572569318040059,0.763648963071424,0.8,0.3225089028052533,0.7793898942685817,0.6224973886185795,0.621731003109632,0.7129070206134833,0.7827398245267961,0.35019923568171957,0.6926051233738436,0.7999999932367581,0.28725201267551737,0.9139785079362377,0.8,0.28465444104574755,0.9251458730840523,0.8981843567559582,0.5806762395196422,0.7696785160217484,0.6769480722760224,0.5748426574398576,1.0160285913119218,1.1566372310381388,0.6693638596286007
21303934,2024-12-01,4928177,0.5395775327303369,0.24267934108328704,0.6224093359982847,0.2848663816640308,3.311974999808953e-09,0.46923984975699534,0.9036940876839533,0.9365845934039049,0.6372494261858193,0.7608345839235179,0.8,0.32478185847686575,0.7907371731028372,0.6512859786105768,0.6204985635473098,0.7099021690147579,0.7999999389315613,0.35631631024493704,0.6779527779006884,0.7999999824390804,0.2846856631105776,0.8467043097674404,0.8,0.29294275327746666,0.9085984929809968,0.8658328861131965,0.6097546442660331,0.787635903915116,0.7153057576079902,0.577063640684502,1.0040267601256794,1.051333921790461,0.6465865761677857
21525891,2025-01-01,5105209,0.5562624961773697,0.2977381848812332,0.6227866775819328,0.2895643435600646,3.218779659475146e-09,0.4674261863555235,0.8951364968630396,0.9343815118506935,0.6331105096370945,0.7634674479761812,0.8,0.32578690146123673,0.7946750181580305,0.6494982966590195,0.6221430231483525,0.7027167015434186,0.7999999501685532,0.35921047378179266,0.6723673070006051,0.7999999491921459,0.2895727424361369,0.8401733785058565,0.8,0.33178770585489964,0.9251881580192378,0.9009483647466509,0.6055687566857505,0.7946315805719693,0.7303001968258458,0.5763191094303578,1.0338728042891094,1.15279470742757,0.6517459585636085
21747950,2025-02-01,5247405,0.5472985264998383,0.2073634465686956,0.6467256763057037,0.30014198901049083,1.0706791481185363e-08,0.4870821491092441,0.9890250158889874,1.156921170290202,0.6973529478117356,0.768452039395906,0.8,0.32725613071477316,0.7951124649022961,0.6504978437140865,0.625139760037884,0.7532990774042989,0.7999999999999998,0.3768856437719265,0.6911185049116384,0.7999999812505942,0.29310887174307687,1.0083895900672193,0.8000000000000004,0.27685515187692894,0.9058918804255771,0.8705008882848992,0.6052774232348235,0.7918994813170276,0.7038772049386164,0.5872998149117273,1.0191092422370618,1.1850432101060235,0.7070454526375026
21948292,2025-03-01,5268023,0.5733602923075501,0.2420209541777248,0.6567963592077661,0.3041669255068778,9.668604555868043e-09,0.49336971059475376,0.9991834731661348,1.184975382749113,0.7017421766475572,0.7665963959599196,0.8,0.3268575428088319,0.7896232075693869,0.6372317773925806,0.6240315350258205,0.7567018365719027,0.799999999359339,0.38489354917988344,0.6893286393072783,0.7999999172086469,0.29048372889631996,1.0090530100177246,0.8000000000000005,0.2764923064529021,0.9221736623170231,0.8853316718860043,0.5902936753913349,0.7996771643784998,0.7046333504214661,0.5962448273267295,0.919984980655822,0.7690407546633935,0.7242752476145032
22170335,2025-04-01,5341607,0.5477341701245337,0.19767514135923922,0.6559549685470154,0.3067585304974581,5.645971037915309e-09,0.5002764392280336,0.9628802463484235,1.1102660698430449,0.7153240155244323,0.7685061033470371,0.8,0.3266891205243568,0.7864342967223775,0.6238273134399236,0.6231619928799437,0.7635853514244648,0.7999999999999998,0.3838785842908447,0.6911504142086544,0.7999999877659918,0.291201500570342,1.0082932397350786,0.8000000000000005,0.275431798095551,0.9078070748019207,0.8587023672459004,0.6126654904932992,0.8068902617023544,0.7160044971568378,0.5985350872801087,0.8821721175358321,0.6053049746485584,0.730109241234247
22385294,2025-05-01,5479943,0.5575372350509674,0.2766734199413071,0.6399075135099194,0.3094278887179952,3.632667527897482e-09,0.5043634273509363,0.9953251219623999,1.1749241319920967,0.6967319537250117,0.7717752210448743,0.8,0.32915022367059016,0.7902328852704743,0.6312822577428362,0.6254532208921468,0.7403396776440739,0.7999999994492193,0.3829922403374523,0.7073292634033482,0.7999999957293373,0.300054813975935,1.0025171651728129,0.8000000000000004,0.27670898899664276,0.9225107725876259,0.8625614609827987,0.598078848130031,0.7881100363969995,0.6853709683407329,0.5882409719729246,1.0248998796178743,1.2029660706677503,0.7110066245443443
22606143,2025-06-01,5417046,0.5525765050747493,0.294180135119075,0.6296129772097017,0.2884779232009211,2.6579584297414804e-09,0.47529007785871796,0.9219174055424637,0.990844918609687,0.6786941355555504,0.7669236584819478,0.8,0.3274313786267859,0.7957373081786824,0.6348784844751811,0.6223097043561234,0.7217606611428948,0.7999999011105636,0.36458449338535703,0.6970246420535414,0.7999999960670736,0.2969872095603538,0.941969009884607,0.8000000000000003,0.2805173121111076,0.9394879670728721,0.8722089025502505,0.606753696020327,0.7889903955194562,0.6872925008057587,0.5809968199119465,1.0748928630788226,1.2652939529859384,0.6978090199569951
22820674,2025-07-01,5567234,0.5785353041255387,0.3038347239877993,0.6407098835626471,0.2928303486473788,2.9830198589042567e-09,0.4824250006399911,0.9977106628717094,1.1758238909875236,0.6957686082533958,0.7744851436715903,0.8,0.32863971833547545,0.7903285590376957,0.6274775154175735,0.6263227932573623,0.7192795790972165,0.7999998934491983,0.3825941819536151,0.7001469424827239,0.7999999965259348,0.29456224453435415,0.9870649230522845,0.8000000000000003,0.2749247871560838,0.9412804308428027,0.9143508858410171,0.5991969164661068,0.7852802608438831,0.6813668768544742,0.5873776130826817,1.0913955761076009,1.3607447442735086,0.7094946291374565
23042514,2025-08-01,5568560,0.571378294430842,0.2624069382267463,0.6512640717650777,0.2873556375843124,2.4131677350824887e-09,0.47739903962216906,0.9850541539419764,1.1254201168600577,0.6755844655393243,0.7722437273377423,0.8,0.33001528949844716,0.7978834476838755,0.642844604933646,0.6280459050969881,0.7330609981950118,0.7999999983720998,0.37079198325772544,0.6999262915846213,0.7999999972668379,0.2971214875573204,0.9505167253807046,0.8000000000000003,0.27598308232321606,0.9541919288633374,0.9018534145293711,0.6103189077740878,0.7829584206150655,0.6756078742085652,0.5848570538443099,1.1029193330588378,1.3405586627238426,0.6881070965192669
23264566,2025-09-01,5989657,0.5728827790445631,0.2745383491714436,0.6485018523071481,0.2958844039771162,2.7353551645958873e-09,0.4902125105065548,0.9707429162573075,1.0780395391293311,0.6744524479613955,0.7794473605518379,0.8,0.33002041885152184,0.831947677050203,0.6803683801328079,0.6421825124855166,0.7278936091906022,0.7999999821125853,0.3622052155476259,0.705304742543636,0.7999999973872609,0.2978467295450094,0.9172428271913229,0.8,0.2839657105124116,0.9623207819791051,0.9130104588254639,0.6106128103988738,0.8095782578195005,0.7046855417347455,0.5972699418084276,1.0249365373035646,1.1122480565819792,0.6891066627790345
23479244,2025-10-01,6087782,0.4995188399267388,0.1365626650994795,0.6326418689584047,0.3002050893725997,3.020324004787689e-09,0.501995533672441,1.0062127025455851,1.2183067721881513,0.7048629508461204,0.7841025376066362,0.8,0.3263887154550866,0.86010208195243,0.7173123508510391,0.6526826107402501,0.7524204334075811,0.7999999999999998,0.3629945321990213,0.7121236180078198,0.7999999969285065,0.29485637031446177,0.9890683795392581,0.8000000000000003,0.26990762266576723,0.9066964771820012,0.8369117134543436,0.6163212469285213,0.8312296950314119,0.7398309029785655,0.6055598743223712,0.9782230911469069,0.9771007563908825,0.71419646521609
23700767,2025-11-01,6087201,0.5890224752301669,0.277804220174434,0.6638035762839344,0.2918046902037052,4.416025517484101e-09,0.48196710098310236,0.9902472584351072,1.1984886622067825,0.7206225030052427,0.7826068714908042,0.8,0.3245249577414249,0.8565118545161005,0.7058096123238937,0.6532770205932167,0.7392740224061732,0.7999999999993765,0.3688530787896929,0.6793737828250039,0.7999999920696375,0.2801475195421189,0.996908953022108,0.8000000000000003,0.268261879408969,0.980110747259046,0.9401937958004326,0.6088843746847725,0.8339055269156237,0.7516083415135789,0.5997774740351256,0.8766637319007479,0.5563943607109798,0.7292779286392665
23914921,2025-12-01,6337108,0.5501853096593382,0.23319855837520262,0.6442448775681302,0.26087863084783885,5.354987842043357e-09,0.4567635044816496,0.9696967580198449,1.1864020801636537,0.7256364189197589,0.7853000966168106,0.8,0.30945957384137424,0.7900337611027638,0.5651237566801366,0.6520483513261385,0.7238629340703113,0.7999998996778306,0.356341485922839,0.6917872956176979,0.7999999884996705,0.26855976272126064,0.9764815408479735,0.8000000000000003,0.25378524888933773,0.948776645325941,0.8658073798191159,0.611005311601491,0.7849850867700662,0.6569832500440409,0.6045672772220939,1.0073919546516985,1.127577830745818,0.7423881164554275
