block_number,block_date,n_wallets,mean_delta_better_return_vs_equal,median_delta_better_return_vs_equal,pct_closer_better_return_vs_equal,pct_farther_better_return_vs_equal,pct_unchanged_better_return_vs_equal,mean_delta_better_return_vs_mcap,median_delta_better_return_vs_mcap,pct_closer_better_return_vs_mcap,pct_farther_better_return_vs_mcap,pct_unchanged_better_return_vs_mcap,mean_delta_safer_risk_vs_equal,median_delta_safer_risk_vs_equal,pct_closer_safer_risk_vs_equal,pct_farther_safer_risk_vs_equal,pct_unchanged_safer_risk_vs_equal,mean_delta_safer_risk_vs_mcap,median_delta_safer_risk_vs_mcap,pct_closer_safer_risk_vs_mcap,pct_farther_safer_risk_vs_mcap,pct_unchanged_safer_risk_vs_mcap,mean_delta_max_sharpe_vs_equal,median_delta_max_sharpe_vs_equal,pct_closer_max_sharpe_vs_equal,pct_farther_max_sharpe_vs_equal,pct_unchanged_max_sharpe_vs_equal,mean_delta_max_sharpe_vs_mcap,median_delta_max_sharpe_vs_mcap,pct_closer_max_sharpe_vs_mcap,pct_farther_max_sharpe_vs_mcap,pct_unchanged_max_sharpe_vs_mcap
9193266,2020-01-01,826497,-0.037496286854823146,1.8845347504736765e-10,27.1277451702789,14.58299304171703,58.28926178800407,0.24571775287051265,0.003841492155815085,17.429343361197922,50.529765988261296,32.040890650540774,-0.08110576074819142,-1.1102230246251565e-15,23.04448775978618,4.3534338297658675,72.60207841044794,-0.024341194672372744,-1.1102230246251565e-15,16.48148753111022,11.020850650395584,72.4976618184942,0.2152608627371074,1.5543122344752192e-15,0.5433776529134406,48.67361890000811,50.78300344707846,0.22836831533065347,0.0,20.69372302621788,43.74680125880674,35.55947571497537
9393154,2020-02-01,914540,-0.0664440939371116,-0.010678304946339812,55.60500360837142,12.6895488442277,31.70544754740088,0.2900544426245084,0.09918583691829624,19.0069324469132,52.90637916329521,27.645264285870493,-0.0773757668399816,-1.996354193067873e-10,24.456557394974524,4.570166422463752,70.97327618256173,-0.03212629550047208,4.1775749526351547e-10,17.41159490016839,11.321429352461347,70.82555164344917,0.15724541067223183,1.1102230246251565e-16,11.464233385089772,44.34480722549041,44.19095938941982,0.20294408795923036,5.551115123125783e-17,23.70142366654274,44.65742340411573,31.19972882542043
9581792,2020-03-01,926317,-0.017940751041085397,5.083666820837607e-11,28.448036687224782,19.881206973422707,51.67075633935251,0.05063637635256689,5.083666820837607e-11,25.03149569747721,27.553202629337477,45.755610660281526,-0.08349478518285715,-1.3576222368527624e-09,24.129644603305348,4.126773016148899,71.74358238054576,-0.002882893672387398,-5.776393252610035e-10,13.861237567700908,13.253886088671587,71.22518533072372,0.11324485421113496,2.220446049250313e-16,14.700367152929289,41.507928711229525,43.79170413584119,0.05874537225697045,2.220446049250313e-16,29.80621104870147,36.10761758663611,32.42648035175863
9782602,2020-04-01,941259,0.00423020839936585,4.125735308946332e-10,27.489139546076053,22.6448830768152,49.86597737710874,-0.06394514724074643,-7.635336807254589e-11,46.29554670924793,35.61198352419473,18.089707508772822,-0.10433371463941345,-1.757248346834217e-09,27.332753259198583,2.2046004340994347,70.46264630670198,0.0009514861913118913,-4.897609540144288e-10,14.780097720181162,14.825356251573691,70.39178377046062,0.15086161791365688,3.3306690738754696e-16,9.46434509523946,47.521776684207,43.013878220553536,-0.09738434179613444,-8.326672684688674e-17,46.97219362577144,37.15927284626229,15.865771270181748
9976964,2020-05-01,1006999,-0.024694630732651688,4.1253311877653687e-10,31.662096983214482,21.059504527809857,47.27839848897566,-0.05238338264216136,0.0,42.50113455922002,37.38315529608271,19.707566740384053,-0.10652936111821151,-4.975160283748892e-10,26.797146769758463,2.0035769648232025,71.19927626541833,-0.002050897839169842,-9.506573306339305e-11,15.05066042766676,13.656220115412228,70.8849760526078,0.06382808466109542,0.0,19.633882456685658,41.32645613352148,39.039661409792856,-0.174117748148797,-1.1102230246251565e-16,46.842648304516686,35.98216085616768,16.767047435002418
10176690,2020-06-01,1021033,-0.07491764640994385,0.0,33.16151387859158,10.45940728654216,56.379078834866256,0.08911019888773378,2.886579864025407e-15,37.48380316796813,30.97539452691539,31.540802305116483,-0.08818378778836014,-8.881784197001252e-16,24.382071882103713,4.1970239943273135,71.42090412356897,-0.010917794904531701,5.684881454470769e-10,15.854041935960932,12.875391882534649,71.2705661815044,-0.08087026366928932,-1.1102230246251565e-16,39.392164601927654,28.64442187470924,31.963413523363105,0.012662600421725604,-2.220446049250313e-16,38.25106534264808,36.29765149608289,25.45128316126903
10370274,2020-07-01,1044729,-0.09412526844207977,7.771561172376096e-16,36.580108334314446,10.704594205770109,52.71529745991545,0.09111792048175843,4.739542092124793e-13,20.92533087527962,31.60475108855981,47.424260262709275,-0.08684945133011465,-2.522704489749117e-09,24.928474274189767,4.606457751244581,70.46506797456566,-0.01310273003263134,-5.199242703035623e-10,16.145813890492175,13.521496962370147,70.28703137368637,0.02001987888392421,0.0,26.607570001407066,35.6882981136735,37.70413188491944,0.05752798392035153,1.1102230246251565e-16,36.90545586463092,36.337461676664475,26.711424685253306
10570485,2020-08-01,1071168,-0.0462999170572196,1.1113332476497817e-12,29.261609756826196,17.903914231941208,52.8344760112326,0.08837307646609441,1.1113332476497817e-12,25.359420744458383,31.103431021090994,43.53714823445062,-0.08240876900901449,-2.5900572797610266e-09,25.620537581406467,3.8736220648861805,70.50584035370736,-0.006558883202974906,-2.954575473168575e-11,15.364910079464659,14.260508155583437,70.3745817649519,0.07619408227690856,0.0,17.862277439206547,40.83906539403716,41.298657166756286,0.05692145337870068,-8.326672684688674e-17,45.96692582302683,38.92853408615642,15.104540090816753
10771925,2020-09-01,1094957,-0.06207641158946935,1.212363542890671e-13,28.528060919287242,11.493236720711407,59.97870236000136,0.039526532085729954,7.734335394360414e-11,20.146544567503565,27.71031191179197,52.10012813288558,-0.07719729267094623,-3.2980315145536565e-09,24.944449873374023,4.378802089945085,70.67674803668089,-0.006406564857819445,-1.3804507537074073e-10,14.521483492045807,15.04607030230411,70.3894308178312,-0.12112243015033203,-0.1688352251695503,57.68865809342285,30.350141603734208,11.961200302842942,0.038377361585882556,-0.01760501879719606,50.56536466728831,43.21274716724036,6.1788727776524555
10966874,2020-10-01,1121306,-0.02011828234782463,1.1991183046511367e-10,25.050432263806666,19.44054522137579,55.50902251481754,0.0795202470069695,1.6864420970819083e-10,24.443729008852177,29.840293372192782,45.71526416517882,-0.06958967451136758,-1.7270879171249476e-11,23.82248913320717,5.548797562841901,70.62871330395093,0.015615796689735196,4.4279446775874476e-10,13.540282492022696,16.01953436439295,70.43946968980813,0.14956289580401597,2.220446049250313e-16,7.95081806393616,45.66648176322966,46.38270017283418,0.13521761173084906,0.0,27.839768983667255,40.52256921839355,31.636948344162967
11167817,2020-11-01,1233035,-0.023960276923621696,3.1201152772553087e-12,29.015315866946196,22.03911486697458,48.945569266079225,0.09573516318352691,4.073315379438114e-09,24.246756985811434,45.87266379299857,29.8281070691424,-0.0834021382314463,-3.38079675366032e-10,26.280438105974284,4.699785488651985,69.01977640537373,0.0226132831002043,2.220446049250313e-16,13.841780646940274,17.45862850608458,68.64711869492756,0.19393928752218012,0.013937780021379798,0.28312253910067436,50.86952114092463,48.84735631997469,0.15712976839813098,0.05677970392439269,26.224559724582026,57.24217074130094,16.480797382069447
11363270,2020-12-01,1312844,-0.020883520405508314,9.999473471467013e-12,25.71592664474987,17.926349208283696,56.35772414696644,0.05282811780771443,2.220446049250313e-16,33.70194783233956,29.504343242609178,36.79302339044091,-0.07081561516438795,-7.638603083393036e-10,24.88749615338913,6.4869093357626655,68.6255945108482,-0.0004502274153003656,-1.9568457965135622e-10,15.061347730575758,16.505921495623245,68.43204523919064,0.13620462955877477,4.440892098500626e-16,10.286294487387687,46.36156314078443,43.35214237182788,0.0950185688139998,6.938893903907228e-17,37.91516737708364,46.41351143014707,15.670635658158929
11565019,2021-01-01,1344924,-0.04263009624651572,2.4491519923230953e-13,31.503415806395008,16.330365135873848,52.16621905773115,0.1558265751821185,7.994049866510977e-12,31.028742144537535,35.30058204032347,33.67067581513899,-0.06434925178204871,-6.910170213814126e-10,22.630498080188918,7.229999613361052,70.13950230645003,0.002186999406116864,-2.2837010060783314e-11,15.425704352067477,14.646106397090094,69.92818925084244,0.07878992179707228,0.0,20.1569010590933,41.17392506937195,38.66917387153475,0.18396086773042014,6.661338147750939e-16,24.181292028397145,49.214007631658,26.60470033994486
11766939,2021-02-01,1421979,-0.10462785216886897,-4.7124526503239395e-12,44.24840310581239,15.32167493331477,40.42992196087284,0.09319803594005611,2.938344012548555e-13,34.46429236999984,35.89560745974448,29.64002984572909,-0.07191330368372316,-3.4104252755184916e-10,23.983054602072183,6.602558828224608,69.41438656970321,-0.011664545166368723,-1.6653345369377348e-16,16.09060330708119,14.711258042488673,69.19806832590355,-0.016964515927970568,0.0,40.55123176924554,36.22662500641711,23.222143224337348,0.062406565130593845,2.7755575615628914e-17,41.29751564544905,44.464721349612056,14.237692680412298
11948960,2021-03-01,1578989,-0.07644634810859254,2.120525977034049e-14,35.11398749452973,12.787676164938452,52.09833634053182,0.0895149454680441,4.1246184245835593e-10,23.81384544160852,32.539935363704245,43.638556063405126,-0.08041063970919304,-3.594794906192078e-09,26.029757015406695,5.3004169123407445,68.66982607225256,-0.02105237337179925,-1.4945000792465635e-10,17.624505300543575,14.009660611948533,68.35817095622578,-0.18043985799740556,-0.1276204654017139,56.64770305556277,28.16371741665078,15.18857952778645,0.02345776406119995,5.551115123125783e-17,43.28472205949503,47.86600793292417,8.841606876298695
12150245,2021-04-01,1695563,-0.08247010708958238,0.0,35.737864060492,13.207766387919529,51.05436955158847,0.24028942052189756,1.6208031694553426e-08,19.95614436030982,47.768912154841786,32.27494348484839,-0.0770097141727839,-3.9940901697121944e-09,26.274281757740642,5.9537156684829755,67.77200257377638,-0.011528067294369776,-1.2222889367308198e-11,17.531698910627323,14.884436614858899,67.58386447451377,-0.14445736808267315,-0.06166275101467655,52.92601926321817,32.016976072254465,15.057004664527357,0.1815540745528894,0.16016774434881875,29.74203848515213,61.3556087270128,8.902352787835072
12344945,2021-05-01,1822425,-0.060725767340922804,0.0,32.2112569790252,14.70035803942549,53.08838498154931,0.0813545441956055,4.1248637838720015e-10,21.64780443639656,30.13523190254743,48.10787823915936,-0.07015276860211936,-2.220446049250313e-16,25.620203849266776,7.153051565908062,67.22674458482516,-0.022568811954325363,0.0,18.508361112254278,14.441197854507044,66.94135561134203,0.0025960425193172825,0.0,40.377957940655996,41.0228130101376,18.599229049206414,0.1250217584807904,0.05971345759930613,31.79801637927487,56.91383733212615,11.179060866702335
12545219,2021-06-01,1944649,-0.0011846814279119293,6.317169010117141e-14,28.40517748961381,24.239232889842846,47.35558962054335,0.06921242171094266,2.9682423186017104e-11,27.251498856606,28.989293183499953,43.7517001782841,-0.04140162934103798,-7.864094930809529e-10,22.235683663221486,10.359093080550783,67.40522325622773,-0.009393372053487134,-3.5384184471354274e-10,17.503467206678426,15.402831050744888,67.08619396096674,0.23733707743495536,0.09119655657296777,2.352712494645563,55.93338437939186,41.713903125962574,-0.051050920363622916,-1.3877787807814457e-17,38.374791543358214,35.77915603278535,25.838544642246493
12738509,2021-07-01,2077642,-0.042351195746080934,-2.220446049250313e-16,37.8404941756087,22.4324017323485,39.72710409204281,0.15992273868228932,1.9209528412389432e-10,22.920069963930263,40.83436896250653,36.2455610735632,-0.04079335332788633,-7.426556591916267e-11,22.610632630645704,11.004783307230023,66.38458406212428,0.0025587757410233058,4.6814274679007895e-11,16.705909872826986,17.22245699692247,66.07163313025055,0.2499231471998765,0.11329707806271705,0.10020975702262469,57.81920080552857,42.0805894374488,0.05318541994204417,2.7755575615628914e-16,37.87952881198974,46.12103528904402,15.999435898966233
12936340,2021-08-01,2186002,-0.04777915340694502,0.0,35.965291889028464,24.29878838171237,39.735919729259166,0.16461830867904603,4.3915082681422746e-10,24.009630366303416,41.681938076909354,34.181807701914266,-0.05102162244729967,-1.0353973234344949e-09,24.100252424288723,10.428078290870731,65.47166928484054,-0.008251978475553227,-2.600697435184429e-13,18.60236175447232,16.036490360027116,65.23452403062761,0.2441307127655928,0.11048314619654542,0.9839423751670859,57.67062427207294,41.34543335275997,0.21679158244202884,0.05880685013674419,30.427968501401185,53.39935645072603,16.046051192999826
13136427,2021-09-01,2286203,-0.06613023788030704,0.0,35.24717621313593,18.55150220693438,46.2013215799297,0.20424266653565634,1.1497460622456046e-08,21.703759464929405,45.874447719646945,32.42174907477595,-0.06769210041137134,-1.6981593908838022e-10,26.106168174917098,8.457516677215454,65.43631514786745,-0.0181456560643204,-9.674450129892875e-11,18.907638560530277,15.913984891105471,65.17833280771656,0.0960640301458148,2.220446049250313e-16,23.25051624899451,45.7612906640399,30.988193086965595,0.24586298959746555,0.17468295936825656,27.324607657325267,60.53718764256717,12.138160959459855
13330090,2021-10-01,2385506,-0.054735165621617246,-8.881784197001252e-16,38.73475899871977,19.250171661693578,42.01506933958665,0.20203978671603182,1.5858373503263579e-09,22.299713352219612,42.551098173720796,35.149146554232104,-0.0605426485580032,-1.4734147235628825e-10,25.28838745322795,9.159649986208377,65.55196256056367,-0.019644980959598685,0.0,19.36649918298256,15.351795384291634,65.28166351289832,0.18562763190233664,0.024165725423279882,10.565641000274157,51.899764662088465,37.53459433763739,0.1777025487629483,0.06367289423894928,29.988648110715292,53.90273593946107,16.108574029996152
13527859,2021-11-01,2504425,-0.02931610609579121,3.236300116782331e-14,28.97727023168991,19.198858021302296,51.8238717470078,0.17472549623905315,1.666897730956407e-10,22.734000818551163,38.206494504726635,38.99338171436557,-0.06099014673027075,-4.701304900933678e-10,25.210776924843024,9.049781886061671,65.7394411890953,-0.019730247648253686,-5.854333684496282e-11,18.87339409245635,15.677969993112193,65.38251295207482,0.18114601170889238,0.011392181231227094,9.158110145043272,50.86704532976631,39.97484452519041,0.169354000761595,0.02091155942717804,29.449434500933346,51.630454096249636,18.853988440460384
13717847,2021-12-01,2579086,-0.07451367616624446,0.0,33.245963880227336,15.614950412665573,51.13908570710709,0.07740474418893238,5.533573599336705e-12,22.30514996397949,31.66505498459532,45.859230750738824,-0.06465475961629653,-4.6494380567807525e-10,25.49096850589705,7.876588838061235,66.63244265604172,-0.02312578398858443,0.0,18.88056466515657,14.700285294868026,66.24858573928904,0.10167299014473304,3.3306690738754696e-16,21.89609032036931,47.42633630673813,30.67757337289257,0.18320899787723516,0.023548705628114508,27.421768797163026,52.24385693226205,20.163809969888558
13916166,2022-01-01,2621359,-0.02561889104123151,6.072919944699606e-14,27.329488253993446,19.933553549895304,52.73695819611125,0.09905464290768129,1.1969314428483813e-11,22.36786338689207,31.302885259134673,46.329213205821866,-0.06378761866633785,-3.261714232039026e-10,24.891439898159696,8.07878661411886,67.02977348772144,-0.004503279315219377,0.0,17.089570715037507,16.02039247581121,66.88999866099988,0.23803938141862535,0.06888729372573166,0.6720941313265372,55.58601473510496,43.74189113356851,0.08429505528676813,2.636779683484747e-16,31.08124449951342,43.77767409957964,25.141043252755534
14116761,2022-02-01,2755033,-0.031737573183970386,0.0,28.474105391841043,20.996191334187287,50.52970327397167,0.09315638574896873,4.490491312125755e-12,22.316901467241955,32.155767281190464,45.52729495436171,-0.06366826564627333,-1.4577394846782e-09,24.49433455062063,8.82036621702898,66.68529923235039,0.004091575987877443,2.220446049250313e-16,16.739726892563535,16.849961506813166,66.41027530341742,0.24382812797161937,0.08455381504328452,0.11778443307212655,56.1344637251169,43.74775184181097,0.09360909471804867,2.7755575615628914e-17,31.032150976050016,44.90265633841772,24.065156388326383
14297759,2022-03-01,2928345,-0.01706543334714586,2.220446049250313e-16,28.146103003573693,23.230015589010176,48.623881407416135,0.13321310487186497,3.6935232650137095e-11,20.31912223457277,35.38800926803365,44.27927720265201,-0.06918657089379067,-1.587064923924686e-09,25.549243685426408,8.734694853236213,65.71606146133738,0.0021845825222935517,0.0,16.924645149393257,17.655911444860493,65.40585211100468,0.2426111895823074,0.08522593751926433,0.21083581340313384,56.08406796330351,43.70509622329336,0.15025642598413036,2.0816681711721685e-15,29.146019338568372,48.07705376244944,22.76333560424062
14497034,2022-04-01,2934000,-0.03210987484962953,1.1102230246251565e-16,30.61019086571234,19.892160872528972,49.49764826175869,0.11675136230894727,2.0328320970985914e-10,20.597171097477844,33.2653715064758,46.137423312883435,-0.04708897493383596,-4.3743275668362003e-10,23.6019427402863,10.797477845944103,65.6005794137696,-0.013473022085649405,0.0,18.872017723244717,15.861486025903204,65.26646216768917,0.1928987568997639,0.03544495719157492,8.680163599182004,52.617484662576686,38.70235173824131,0.3029266889957977,0.15292539200531685,25.325732788002725,57.58882072256305,17.085412406271303
14688630,2022-05-01,3002002,-0.025655119942571296,0.0,30.268134398311524,20.480232857939466,49.251632743749006,0.11387366282178711,1.0191647525914505e-10,20.812277939854802,34.27625964273175,44.89843777585758,-0.061262478954635394,-2.100687401807022e-10,24.943720890259232,9.760220013177873,65.2960590965629,-0.01501357974821454,0.0,18.986662900291208,16.02017586930322,64.98013658884972,0.23626240021751652,0.07808231442432745,1.3464348125017904,55.39423358145664,43.25933160604157,0.2315329081149857,0.02968570333888243,25.37083586220129,51.74783361236934,22.868305883873493
14881677,2022-06-01,3075701,-0.07183856765177701,-2.220446049250313e-16,35.78127392747214,21.714269364935017,42.50445670759284,0.16493876111583744,5.322550178377128e-10,20.885450178674713,40.401944142164666,38.71254065333399,-0.06839548674860874,-1.2217377109990935e-10,25.608406018660464,9.186393605880415,65.20520037545913,0.0017637268159188823,-1.3877787807814457e-17,17.588575742570555,17.50849643707239,64.90286279453042,0.23770539284764114,0.07688861457628993,0.06131935451462935,55.27270043479518,44.66598021069018,0.12604588798350366,2.7755575615628914e-16,30.760077133635548,46.4236933303985,22.816164510139313
15053226,2022-07-01,3103058,-0.03100884963148137,-2.220446049250313e-16,30.946505028265666,21.583934299648927,47.46956067208541,0.19728881761003458,5.906085620566159e-10,21.044917626418844,40.54742128571235,38.302184490267344,-0.05949310140851,-7.59634605218551e-10,24.457003381825285,10.04518768260213,65.49780893557259,-0.0011547826982635776,-2.7755575615628914e-17,17.242893945263027,17.56721917540697,65.08441028172854,0.23570473107030543,0.07596068184324778,0.16680319865113705,55.16844996129624,44.66474684005262,0.2220758215738919,0.027095619781672298,31.137155670309742,51.70564004926753,17.05172768282127
15253306,2022-08-01,3154145,-0.0344022908829403,3.3306690738754696e-16,30.129401153085862,20.18502637006225,49.68557247685189,0.15715759890274086,1.1885248341059196e-10,21.013903926420628,35.78174116915995,43.20432320010653,-0.050254637722884306,-4.0532466272225065e-10,24.37234179151561,10.565081820905506,65.06257638757889,-0.008781489531983792,0.0,18.447978770792083,16.878805508307323,64.6731840165877,0.2215169395393774,0.060199057517098975,3.025067014991384,54.57475797720143,42.40017500780719,0.3972433315699758,0.2615104767477687,24.45822877515143,61.30964175711643,14.232097763419246
15449618,2022-09-01,3172900,-0.062014609312639794,0.0,34.87248258690788,18.24769138642882,46.87982602666331,0.11255722649796224,2.83725057337314e-10,21.845188943868386,35.19647640959375,42.894733524535916,-0.0623567781997571,-8.609695179018217e-10,25.243184468467334,9.938006240347946,64.81880929118472,0.0025554358315186304,0.0,17.55580068706861,17.891550316744933,64.48904787418451,0.16057565051634556,0.00957643109388584,11.723848844905293,50.707554603044535,37.568596552050174,0.3704886059457226,0.23724284021554393,23.663336379967852,60.56109552775064,15.711966970279557
15649595,2022-10-01,3182512,-0.033946248287668734,0.0,29.475332693168166,20.57340239408367,49.951264912748165,0.12359991395139096,2.740629945208184e-11,23.073754317344285,34.97234260232169,41.95377739345523,-0.06214584085610894,-5.279265913316067e-11,25.768198203180383,9.287254847742915,64.94454694907671,-0.0010591964049227313,0.0,17.690176816301083,17.698315041702905,64.61138245511722,0.22878835059089492,0.06875762124072371,1.0054950303408126,54.91055493270724,44.08395003695194,0.3141194018788122,0.1325877555190924,26.288824676859036,56.61644009511983,17.09460954114234
15871480,2022-11-01,3245800,-0.047395699513282916,0.0,33.03740218128042,18.53706328177953,48.42553453694005,0.08665127293690068,2.427685552586212e-10,24.504405693511615,32.43188120032041,43.03271920635899,-0.07021993143335581,-8.581044763644741e-10,26.811818349867522,8.502711196007148,64.68547045412532,-0.01563804142270415,-1.1102230246251565e-16,18.7558999322201,16.850945837697946,64.36216033027297,0.19485117336404825,0.03596163952818188,6.704695298539651,52.604011337728764,40.69129336373159,0.27597213204950083,0.10623395000717734,27.94802514018116,55.316809415244315,16.704171544765543
16086234,2022-12-01,3332213,-0.04033505864972416,2.220446049250313e-16,34.195833219545094,20.409259552135474,45.39490722831944,0.11179212364941794,6.242604211337266e-10,23.707248006054833,36.09121025576697,40.1795743549407,-0.07065882242979382,-4.700887457076419e-10,27.08362280562497,9.158028013215242,63.75834918115979,-0.010988736469666022,0.0,18.64214562514461,17.81983924797124,63.516047743646645,0.22662349929264758,0.06666666666666576,1.9597786816148908,54.606713316345626,43.43350800203948,0.1905765284054424,4.468647674116255e-15,28.010424303608445,49.20558799812617,22.762020315027883
16308190,2023-01-01,3362555,-0.03555891593719847,0.0,34.161463529964564,22.382652477059857,43.45588399297558,0.12204031003353934,1.5895273985933045e-10,22.589965071203295,38.202795195915016,39.194689752286585,-0.0714696501172499,-6.194280643967431e-10,27.73019326077938,8.990574131872936,63.279232607347694,-0.004727363770180219,1.1102230246251565e-16,18.711099149307593,18.282407276609604,62.993943593487685,0.23708867593749475,0.07695926507018092,0.19006380564778866,55.282902435796586,44.527033758555625,0.17772594181791918,0.00505284338322165,30.690115105923915,50.438193576015856,18.85914133746511
16530248,2023-02-01,3370814,-0.07371247025287847,-4.440892098500626e-16,36.74851237712908,17.398497810914513,45.852989811956405,0.19174271082030173,6.0213420915999905e-09,21.367687448788335,42.54076315097778,36.074787870229564,-0.07334364535360766,-2.57630472511039e-10,27.52118627726122,8.810245833795635,63.66856788894315,-0.016936261419498038,2.7755575615628914e-17,19.878670255908514,16.736906871752637,63.36766134233452,0.11209486104036004,4.440892098500626e-16,19.06960751913336,45.76689784722622,35.16349463364042,0.31123368207567625,0.15733756670710375,27.30690569102893,58.24432911456995,14.43200366439679
16730072,2023-03-01,3392077,-0.09962103647977529,-2.049338476695084e-11,40.687195485244,14.016987232306342,45.29581728244966,0.15623049156438126,1.1290275381270476e-09,22.252059726238528,41.48520213426759,36.184408549687994,-0.07844995841285628,-1.3584561253665584e-09,27.884095791457565,7.984046352721356,64.13185785582108,-0.015662470794930695,-2.3223700740260256e-11,19.17689368490161,16.93511084801436,63.80966587727814,-0.06726562408343265,0.0,43.745351299513544,35.6623095525249,20.592339147961557,0.19409302987132873,0.12838031842227118,30.44709775161354,57.28852853281337,12.186044125767193
16950603,2023-04-01,3417035,-0.032965400072329606,0.0,31.391718258665772,21.030279174781647,47.57800256655258,0.10620211441930065,1.5324597146815222e-10,21.35796092226155,35.84317983280827,42.79871291924139,-0.051100873540532644,-6.255524986897854e-10,24.84888214490048,11.75978589625216,63.39133195884736,-0.017575658839820485,-5.551115123125783e-16,19.510921017782962,17.383199177064327,63.10573347946392,0.22285452626292548,0.06268346945791381,3.739499302758093,54.65633217101961,41.604168526222296,0.27761654158328947,0.134646891467237,25.681124132471574,56.28681005608664,18.031919485752997
17162287,2023-05-01,3457737,-0.008312812956642088,1.3211653993039363e-14,27.23784371107461,22.724255777695067,50.037900511230326,0.08682362111988644,4.314656409931672e-10,20.911711908684786,33.40916327644352,45.57055669647518,-0.046350594194359995,-3.171167772819672e-10,24.733055174525997,11.82866134700239,63.43828347847161,-0.013595559059900394,0.0,18.90927505475402,17.882476313265006,63.09968051358447,0.23285576870540123,0.0717277256977722,1.7773185178629838,55.24434044578867,42.97834103634834,0.1951327991731551,0.03504384058857113,29.77811788461644,52.222479616003184,17.890834380983865
17382266,2023-06-01,3442453,-0.029545924332161716,0.0,29.84627531588667,20.592931842497194,49.560792841616134,0.11989111419875283,2.0973534020640727e-10,21.643113210260243,35.002191751056586,43.33232726779421,-0.07148871032854687,-6.557205889379247e-10,27.14599153568691,9.54124863868875,63.31275982562434,-0.02153532836878947,-5.551115123125783e-17,20.02136267365161,16.941611112773362,63.01465844268608,0.23647455806898743,0.07360253974918107,1.0011175170728546,55.423095101080534,43.57578738184661,0.3083618276140142,0.17463351610996525,25.197148661143665,57.61333560690589,17.167147961061488
17595510,2023-07-01,3533345,-0.027688055543198867,0.0,31.04143524054402,21.94020114084529,47.01836361861069,0.11454941427983979,1.3832157641502363e-10,23.265234501584192,35.85240048735688,40.799695472703625,-0.0641045369412127,-4.2375847275621936e-10,26.832449138139637,10.540012367883692,62.62753849397667,-0.025153778174446667,0.0,20.66396007182995,16.94343462073474,62.309935769080006,0.24180716268681318,0.08269604339899406,0.2991499556369389,55.95972088771405,43.74112915664901,0.20167664040363434,0.007929592953548302,26.707581625909725,50.60111593971152,22.608632896023455
17816434,2023-08-01,3527396,-0.03288068511921816,0.0,32.55367415509912,20.577559196642508,46.86876664825837,0.13133974333659854,1.756890188886473e-10,23.595989789635187,37.046393430167754,39.357531731622984,-0.06996843471980527,-4.110813356383858e-10,27.288033438831366,9.698882688532844,63.01308387263579,-0.013966522090757513,1.1102230246251565e-16,19.285813104057496,17.966879817292984,62.74722203007544,0.22435980428527677,0.06013774759063484,2.5807706307996043,54.46833868383363,42.95089068536677,0.23679586210938522,0.057781453972032826,28.34510216601708,53.524271162069695,18.130541623339145
18037988,2023-09-01,3655348,-0.02753272114448376,1.2323475573339238e-14,31.36434615801286,21.067296465343382,47.56835737664375,0.11509137117627968,4.0218717245465996e-11,23.13106713779372,35.060300688197124,39.397288575533715,-0.09909071319146312,-1.2996179687974063e-09,30.846146522848166,7.043187132935086,62.110666344216746,-0.0013033489620344146,0.0,17.793381095315684,18.717260299156198,61.07801500705268,0.23680502242118834,0.075759331330847,1.3090408902244055,55.332433464611306,43.35852564516429,0.19395197541478557,0.0002764859797968755,27.8341761167473,48.63547875605825,21.119001528719018
18251965,2023-10-01,3693849,-0.031853609228797215,2.3314683517128287e-15,31.507920329174254,20.87486521511843,47.61721445570731,0.14253144450199517,2.445982860699303e-10,22.54201511756436,38.3881961606985,39.05516982421317,-0.09375297880713283,-2.3398792903250865e-09,29.912159376303688,8.110510202230788,61.977330421465524,-0.004864983965354976,0.0,19.006218175133853,19.27469152095822,61.704471406383966,0.2364405482104622,0.07898693950910118,1.0752469849200659,55.65625449226539,43.26849852281455,0.26894635388403093,0.09884565327991954,27.942885591695816,55.02664023353419,17.01585527724604
18473543,2023-11-01,3759567,-0.06629393939762078,0.0,35.982734181888496,17.673099056354097,46.34416676175741,0.11778783773808375,2.3594370901491857e-10,21.743621007419208,37.5394028088873,40.677104570818926,-0.08493895066036344,-7.807101631840396e-10,30.07819783501664,8.171472938239962,61.750329226743396,-0.020086209716131932,2.7755575615628914e-17,20.00687845169404,18.48018668107258,61.47306325435882,0.1333646679257697,4.440892098500626e-16,16.50945441323429,47.89003627279418,35.60050931397153,0.2998813893349921,0.14644209553849283,26.903949311183972,58.41318960401557,14.642989471925889
18687851,2023-12-01,3781817,-0.08829355369016297,-8.881784197001252e-16,38.86377897185401,15.378216344154147,45.75800468399185,0.127612706500704,2.955437006235684e-10,21.51891537850721,38.48586539221755,39.60125516385378,-0.09382282888086209,-1.7831950360758242e-09,30.801384625432693,7.151826754176629,62.04678862039067,-0.006453436482066419,-1.3877787807814457e-17,19.06004441780234,18.902342445443555,61.64364907133264,0.02066329330325525,0.0,36.213518528263,40.59440210882758,23.192079362909414,0.3001779518597172,0.1866273909043315,27.40034750491629,60.24511498044458,11.960573449217664
18908895,2024-01-01,3855395,-0.10433615415311549,-6.6141674359698754e-09,45.22356334435253,16.0708565529602,38.70558010268728,0.22302297141010752,5.8302936478682454e-08,21.839033354559,46.53440179281241,31.625786722242466,-0.11084766730487522,-9.048930493804619e-10,31.685495260537504,6.488232723235882,61.82627201622661,-0.0018030193045712256,-5.551115123125783e-17,19.220546792222326,19.22327024857375,61.55540482881779,-0.028095465595330292,0.0,38.85137579936686,38.2037897543572,22.944834446275934,0.2646316830975338,0.18986353377176712,28.70097616456939,60.130181213598085,11.168064491446401
19129889,2024-02-01,3977147,-0.06763189001815646,-1.2754131084591336e-11,40.88149117948117,19.918801090329325,39.1997077301895,0.18795977844391237,1.111933567443657e-08,22.23727209479559,44.664554767525566,33.05351801178081,-0.08745763999204911,-5.520244261703056e-10,29.414049820134885,8.609940743955404,61.97600943590971,-0.01177884183144572,0.0,20.206444468861726,18.051382058545986,61.697518346694245,0.14353030371263895,0.019318824442276394,16.995625255993808,51.434985933383906,31.56938881062229,0.27968026364294796,0.19571264885437545,26.88804311231141,58.93815340494078,14.129148356849772
19336607,2024-03-01,4005064,-0.05002354641257974,1.1102230246251565e-16,33.13332820649058,19.8491210127978,47.01755078071162,0.2199656493669797,8.635344023177893e-09,21.673586239820388,44.45736697341166,33.8465252989715,-0.08330736529811152,-4.878710768707606e-10,29.136563111101342,8.71893682597831,62.144500062920336,-0.017227539047106236,0.0,20.704513086432577,17.42816094823953,61.84480447753145,0.13502424659825724,8.881784197001252e-16,20.98291063513592,48.68788613615163,30.329203228712448,0.24171852765431118,0.08601516750707294,27.967268438157294,55.45744087984611,16.552769194200142
19557289,2024-04-01,4153412,-0.07601713262963823,0.0,36.4956089114203,16.21707646628844,47.28731462229126,0.11501849668377419,6.77258249481838e-11,22.41973587017132,36.87303354446898,40.39394598946601,-0.09107935503793209,-8.316274335840035e-10,30.387161206256447,7.394571017756004,62.21826777598755,-0.005742599932804802,0.0,18.96298753891981,18.937129280697413,61.78659858448909,-0.011723681969386906,0.0,38.738198859154835,39.15638515996005,22.105415980885113,0.21251019624841655,0.10689227331715906,30.566989260877563,56.71185521686748,12.407870926361268
19771560,2024-05-01,4273747,-0.022230116723087275,1.6209256159527285e-14,29.15465047416237,22.190784807804487,48.65456471803314,0.09956815599023346,1.231715701655034e-10,22.80916488505286,34.29550228406127,42.64038091164498,-0.06453463933392434,-1.0313443432607983e-09,27.254678388776878,10.899124351535082,61.84619725968804,-0.016034168253046367,-3.6170844097682675e-11,19.93775017566552,18.34692133156221,61.46037657353137,0.23905645178559634,0.08856273928289826,2.2888112001014567,57.336758586785784,40.37443021311275,0.2763731981700368,0.13460347633369085,28.57265533032255,55.95162745946356,15.220765290973004
19993250,2024-06-01,4506122,-0.012626186890328458,1.3322676295501878e-15,29.20717637028025,23.577058055685132,47.21576557403461,0.09831622980786589,2.864508630295859e-11,22.82321694796546,34.59211712421457,42.524836211713755,-0.06170772879121877,-3.897772105077024e-10,27.450188876377513,11.6223661942575,60.92744492936498,0.0005135710700169629,-1.3877787807814457e-17,19.32295663543952,20.021850273916243,60.59536337453801,0.24819329707158355,0.09485475428609735,0.7257016121622983,57.641914710698025,41.63238367713968,0.11760769076334275,3.0531133177191805e-16,32.66828993977526,46.729005561766854,20.542874782351653
20207949,2024-07-01,4524722,-0.020158771654764974,1.8318679906315083e-14,28.915212912528105,22.658806441589117,48.425980645882774,0.10081052004574947,1.1412287781453756e-11,23.50732265982308,34.38160399688644,41.96958398770134,-0.07157434582947032,-6.299372967699668e-10,28.11799266341667,10.356393166254191,61.525614170329135,-0.006403818720106694,0.0,19.305628058475193,19.34731017728824,61.20557240864743,0.243091525158394,0.09229635839804268,0.9816514694162426,56.32094082244169,42.69740770814207,0.1591913736010617,9.992007221626409e-16,29.783001032991642,48.313752756522945,21.761756854896277
20429973,2024-08-01,4668597,-0.0004038031754008874,1.0769163338864018e-14,27.003551602333637,24.576419853759063,48.4200285439073,0.13915043907884725,1.267725924236629e-10,20.151493050267565,36.86949205510778,42.802837769034255,-0.0771827727937269,-1.2669798543640809e-09,29.090709692869186,10.097573210966807,60.81171709616401,0.010410643832798824,2.220446049250313e-16,18.414375882090486,20.880791381222238,60.52865561109687,0.24807578681407616,0.09676930140568119,0.32977787545166143,57.847678863692884,41.822543260855454,0.22070862225900242,0.03321351292154327,28.301436170224157,51.86440380268419,19.657982901501242
20651994,2024-09-01,4693885,-0.006657859724061121,0.0,27.389507838389736,24.028858823767518,48.581633337842746,0.13661942711791966,1.075888406143477e-10,20.121413285583266,36.25717289622562,43.58033910076621,-0.06789006078322904,-7.022350478891326e-10,27.63893874690155,11.155514035814683,61.205547217283765,0.016305464687979273,3.3306690738754696e-16,18.133188179940497,20.942502852115037,60.88323425051956,0.2463666919769452,0.09500558948964921,0.3985611066312873,56.531700286649546,43.06973860671916,0.21254872593171445,0.02194190093322379,28.65683756632299,51.400364516812836,19.90172319943927
20866919,2024-10-01,4793311,-0.03731371087869548,0.0,34.36027831284054,21.779037496210865,43.8606841909486,0.15992454061334038,3.2724400966799294e-10,22.089470096974722,38.40426794756276,39.15239382547888,-0.06316670622555902,-5.780917966546895e-10,27.56643581023639,11.61378846480022,60.819775724963385,-0.001634058058352934,-1.3322676295501878e-15,19.278093993901084,19.97252003886249,60.39551783725279,0.2195308364322131,0.06270212983061696,4.5248680922226825,55.678465261277644,39.79666664649967,0.2885180976594249,0.12140918893687538,27.995930161844285,55.84991251350059,15.80028919467149
21089069,2024-11-01,4748515,-0.05074194245791326,-3.3306690738754696e-15,36.31659581995634,19.6198601036324,44.06354407641126,0.14575597881546304,4.015292542902671e-10,23.181752611079464,37.42757472599328,38.85989619912752,-0.07104383969755673,-9.687102231481504e-10,27.89756376467169,10.693153543792112,61.40928269153619,-0.009711378246835736,0.0,19.68619663199969,18.849703538895845,60.93332336530474,0.1503295448647918,2.886579864025407e-15,14.809640487605073,49.32879015860748,35.861569353787445,0.2366386970433376,0.07562271895804987,29.377668597445727,54.2087368366742,15.882818102080334
21303934,2024-12-01,4928177,-0.05093241490873571,0.0,35.17678037943848,19.422070270609193,45.40114934995233,0.1178613198781614,9.422007618553607e-11,22.71424098606848,37.48546369174646,39.713833330255795,-0.08288180602280659,-8.876924195710956e-10,29.111576146717134,9.114688859592503,61.77373499369037,-0.0031012691877207567,2.7755575615628914e-17,19.43383932841698,19.08109225784707,61.39860642180669,0.08586972584390559,1.1102230246251565e-16,24.310774552131548,44.37121475141822,31.318010696450227,0.2132895870228388,0.05882904656625232,30.96532450031726,54.008064239575816,14.940149268177667
21525891,2025-01-01,5105209,-0.06075074643273724,0.0,36.69646041915228,19.33043289706651,43.97310668378121,0.13051313986121096,4.0375122689617626e-10,22.54797012228099,38.76810919983883,38.615774594144916,-0.09110014097555429,-6.984179901081689e-10,30.535008459007262,8.770414688213549,60.69457685277919,-4.3437586056032274e-05,0.0,19.6287752372136,19.932406293258513,60.37067238579263,0.07670593052966812,2.220446049250313e-16,26.226487495418894,44.69574115379018,29.077771350790925,0.23919778613108142,0.08885635263865457,28.639630620411427,55.80416002557388,15.488063270279435
21747950,2025-02-01,5247405,-0.01515296199158327,7.216449660063518e-16,28.97239683233903,23.360308571570137,47.667294596090834,0.11077941552328083,3.271819482009164e-10,23.04927864344376,35.494115662884795,41.36518907917342,-0.07733353448424518,-1.3584893210349946e-09,29.316281095131785,10.267265438821665,60.41645346604655,-0.0032129835852624,0.0,19.612170206035174,20.175381926876238,60.12103125259056,0.23993755067131445,0.08645972274144298,0.910869277290394,56.03859431471365,43.050536407995956,0.22399677733476642,0.04327992427740812,29.328401371725644,52.896412607755636,17.68376940602069
21948292,2025-03-01,5268023,-0.009894559387989856,0.0,30.87370727120971,24.034120579959502,45.092172148830784,0.13255045474764152,7.690947878558063e-11,23.59143078912146,36.82062511875897,39.485211055456666,-0.07726775665261856,-1.2476973343389375e-09,29.21044574027107,10.048095841646857,60.741458418082075,0.010053956809110998,0.0,18.63957313777863,20.82001160587188,60.437682219686586,0.2424566140578011,0.0885688195381884,0.38822913263666464,56.274165849313874,43.337605018049466,0.13036177308643573,1.3877787807814457e-15,34.25129313216742,47.992634048864254,17.65333978230543
22170335,2025-04-01,5341607,-0.004920751922551882,0.0,27.040476770380153,24.060100265706556,48.89942296391329,0.12137277807954198,1.9650114868596802e-11,21.773878160635928,35.1954570974615,42.47920148374824,-0.07735568913835882,-6.696824761398545e-10,28.5769245097964,10.242123765376226,61.18095172482738,0.020455964979983084,0.0,17.710250866452736,21.019086578252573,60.71919929714036,0.2397871363880356,0.08478418541192356,0.29801892950941544,55.87683631536352,43.82514475512706,0.09573782081345368,2.220446049250313e-16,33.64128061087235,45.11192979940306,20.695326331570254
22385294,2025-05-01,5479943,-0.031435543400780926,0.0,31.794929253826183,22.707845683796346,45.497225062377474,0.13227788731715873,3.6229790001396367e-10,21.509402561304015,38.30684005289836,39.11175718433568,-0.0644459576415028,-3.522464542271564e-10,27.724284723399496,11.457363698855993,60.81835157774451,-0.002122848873472319,0.0,19.371004406432696,19.532484188247942,60.024511203857415,0.23074194412793453,0.07251408534646164,1.7834857041396233,55.25008198077973,42.96643231508065,0.23466699434739918,0.04589562440099171,28.95991801374576,52.21185694814709,17.7562248366452
22606143,2025-06-01,5417046,-0.045162997339026165,0.0,34.48021301646691,20.687972743816463,44.83181423971663,0.1437506588941886,1.1635865049264282e-09,20.75793707492977,40.34287321909395,37.72984390385461,-0.06989901642838028,-4.651800611377155e-10,27.722193978046338,10.718387844592792,61.55941817736087,-0.006746912659229451,5.551115123125783e-17,19.49911446201491,18.722990353044814,60.60854938281861,0.17504535140263477,0.01725715821308571,11.88559225821601,51.361480039120956,36.752927702663044,0.27915555490013405,0.11146373132181958,25.103718890332484,55.492661498536286,18.23427380900956
22820674,2025-07-01,5567234,-0.055205564574346534,-2.220446049250313e-16,34.89362940375778,21.001757784925154,44.104612811317075,0.15095187180510447,4.1256043026294265e-10,21.234189186227848,38.231157519155836,38.31047877635465,-0.07433820118884317,-4.3566661389604633e-10,28.028945792470733,10.374649242334703,61.596404965194566,-0.00504829819380714,0.0,19.168567371157742,18.43982128288482,60.16743682769577,0.2125797793806718,0.04434852775224407,3.879413008326936,53.22131241474671,42.89927457692635,0.3010670170699094,0.11562383125452724,26.478499017645028,54.548740002665596,16.748586461427703
23042514,2025-08-01,5568560,-0.03918272914270163,0.0,31.423940839283404,20.33065999109285,48.245399169623745,0.156308481179462,8.385874217253786e-10,22.043598344994038,37.90322812360826,39.66312655336389,-0.07231743575308985,-5.151374882217397e-10,27.74232476618731,10.428189693565303,61.82948554024739,-0.014925027068803474,0.0,19.98681885442556,18.347508152915655,61.27562601462496,0.1782729980429362,0.010484443637181817,9.732570000143664,50.78355984311923,39.48387015673711,0.3050358853749621,0.10867944468711285,27.498545404916175,55.88504029767121,16.2263673193788
23264566,2025-09-01,5989657,-0.05155375136121286,-6.661338147750939e-16,35.07713379914743,18.730388067296673,46.192478133555895,0.13037310492890683,1.0178990983433778e-10,23.999654738159464,35.974063289433765,39.440121529496594,-0.07414261800817973,-4.114626417361933e-10,27.70701227132038,10.365418253499325,61.9275694751803,-0.022369419230703944,-1.3877787807814457e-17,20.560943640011438,17.572074661370426,61.28082125570796,0.13779546663946396,3.3306690738754696e-16,15.401332663957218,46.743661615347925,37.855005720694855,0.19298886025336537,0.031481212591914054,30.72391290519641,52.007418788755345,16.682507863138074
23479244,2025-10-01,6087782,-0.03168210419903105,-1.1102230246251565e-16,29.70610642759547,19.47837488267484,50.815518689729686,0.046594395229572164,3.304301277040622e-13,25.2644230690258,28.97501914490368,45.18540578489834,-0.0719789195987862,-5.905610167555864e-10,27.24639285703726,10.170420031466303,62.58318711149644,-0.028872386921011673,-2.942091015256665e-15,20.550522341305914,16.920793155865304,61.953532501656596,0.20496584193260664,0.008648630476192909,2.9248583474243985,50.562405158397596,46.51273649417801,0.11812100919447535,4.440892098500626e-16,33.47394831155255,47.29016249267796,18.66073719459731
23700767,2025-11-01,6087201,-0.043332849084601666,0.0,34.79270686149513,19.57293672412,45.63435641438487,0.12359889274295026,1.439008912029749e-10,23.857089654177678,36.086289905656145,39.35132091087513,-0.10323308866576948,-2.3756762113080754e-09,30.699939101731648,6.949433738100648,62.350627160167704,-0.022606327600479932,-4.440892098500626e-16,20.19746021200877,17.334617338905023,61.76262291979516,0.21430208153128255,0.017749362560218196,0.5991587923579327,51.18206216617457,48.2187790414675,0.020151877384653707,9.71445146547012e-17,36.19969177952231,42.17902448103816,20.915984210148476
23914921,2025-12-01,6337108,-0.06143716254646683,-1.5648593532091581e-13,38.84404368680477,17.575572327313974,43.580383985881255,0.15874288422317595,1.2748604949486264e-09,19.36143426938597,41.72292787183049,37.888860344497836,-0.09351280099908614,-9.102605891264659e-10,28.27337012403765,6.095777442959785,65.63085243300256,-0.005048674332696811,0.0,17.305606910912672,16.72333815361834,64.9442774211833,0.19118144423114533,2.220446049250313e-15,0.1622348869547434,46.15553340735238,53.682231705692885,0.2173581935489442,3.3861802251067274e-15,29.560581893191657,46.934137780198796,22.478502812323857
