block,wallet_type,wealth_bucket,n_wallets,mean,median,p25,p75,p90,p95,p99,max
9193266,CA,0–1,927,1.080906148867314,1.0,1.0,1.0,1.0,2.0,2.740000000000009,13.0
9193266,CA,"1,000–10,000",45,2.066666666666667,1.0,1.0,2.0,3.6000000000000014,6.3999999999999915,12.04000000000002,16.0
9193266,CA,"10,000–100,000",7,2.4285714285714284,2.0,1.0,3.0,4.800000000000001,5.399999999999999,5.879999999999999,6.0
9193266,CA,"100–1,000",77,1.974025974025974,1.0,1.0,2.0,3.0,4.200000000000003,11.079999999999913,24.0
9193266,CA,1–100,268,1.6455223880597014,1.0,1.0,2.0,3.0,4.0,6.329999999999984,9.0
9193266,CA,">100,000",13,1.6923076923076923,1.0,1.0,1.0,1.8000000000000007,4.79999999999999,8.159999999999993,9.0
9193266,EOA,0–1,2043513,1.1878935930429608,1.0,1.0,1.0,2.0,2.0,4.0,37.0
9193266,EOA,"1,000–10,000",82314,2.352540272614622,1.0,1.0,3.0,5.0,7.0,13.0,63.0
9193266,EOA,"10,000–100,000",19966,2.1963838525493338,1.0,1.0,2.0,5.0,7.0,14.0,64.0
9193266,EOA,"100–1,000",315843,1.7000566737271365,1.0,1.0,2.0,3.0,5.0,8.0,54.0
9193266,EOA,1–100,3503771,1.2154544346648226,1.0,1.0,1.0,2.0,2.0,4.0,74.0
9193266,EOA,">100,000",5313,2.3946922642574817,1.0,1.0,2.0,4.0,7.0,23.0,173.0
9393154,CA,0–1,956,1.096234309623431,1.0,1.0,1.0,1.0,2.0,3.0,20.0
9393154,CA,"1,000–10,000",56,1.8214285714285714,1.0,1.0,2.0,3.0,4.25,7.450000000000003,8.0
9393154,CA,"10,000–100,000",6,2.5,1.5,1.0,3.5,5.0,5.5,5.9,6.0
9393154,CA,"100–1,000",85,2.0470588235294116,1.0,1.0,2.0,3.6000000000000085,5.799999999999997,9.879999999999939,25.0
9393154,CA,1–100,268,1.6044776119402986,1.0,1.0,2.0,3.0,4.0,6.329999999999984,9.0
9393154,CA,">100,000",13,1.6923076923076923,1.0,1.0,1.0,1.8000000000000007,4.79999999999999,8.159999999999993,9.0
9393154,EOA,0–1,2070201,1.1759273616426618,1.0,1.0,1.0,2.0,2.0,4.0,58.0
9393154,EOA,"1,000–10,000",93518,2.377552984452191,1.0,1.0,3.0,5.0,7.0,12.0,59.0
9393154,EOA,"10,000–100,000",23040,2.3047309027777776,1.0,1.0,2.0,5.0,7.0,14.0,65.0
9393154,EOA,"100–1,000",340548,1.7036306188848562,1.0,1.0,2.0,3.0,5.0,8.0,87.0
9393154,EOA,1–100,3561076,1.2168347432068285,1.0,1.0,1.0,2.0,2.0,4.0,78.0
9393154,EOA,">100,000",6204,2.4200515796260476,1.0,1.0,2.0,4.0,7.0,23.0,175.0
9581792,CA,0–1,1000,1.105,1.0,1.0,1.0,1.0,2.0,3.0,20.0
9581792,CA,"1,000–10,000",72,1.7361111111111112,1.0,1.0,2.0,3.0,4.0,7.290000000000006,8.0
9581792,CA,"10,000–100,000",9,2.111111111111111,1.0,1.0,2.0,4.4,5.199999999999999,5.84,6.0
9581792,CA,"100–1,000",93,1.967741935483871,1.0,1.0,2.0,3.0,5.3999999999999915,8.43999999999997,25.0
9581792,CA,1–100,281,1.5658362989323844,1.0,1.0,2.0,3.0,4.0,5.199999999999989,9.0
9581792,CA,">100,000",19,1.6842105263157894,1.0,1.0,2.0,2.0,2.699999999999985,7.740000000000002,9.0
9581792,EOA,0–1,2122341,1.1706092470531362,1.0,1.0,1.0,2.0,2.0,4.0,58.0
9581792,EOA,"1,000–10,000",134993,2.0577066959027506,1.0,1.0,2.0,4.0,6.0,11.0,70.0
9581792,EOA,"10,000–100,000",49924,1.7213164009294126,1.0,1.0,1.0,3.0,5.0,12.0,65.0
9581792,EOA,"100–1,000",398402,1.6058629223748877,1.0,1.0,2.0,3.0,4.0,8.0,57.0
9581792,EOA,1–100,3628717,1.2156357191811873,1.0,1.0,1.0,2.0,2.0,4.0,128.0
9581792,EOA,">100,000",11125,1.9125393258426966,1.0,1.0,1.0,3.0,5.0,17.0,180.0
9782602,CA,0–1,1055,1.1061611374407583,1.0,1.0,1.0,1.0,2.0,3.0,20.0
9782602,CA,"1,000–10,000",70,1.7,1.0,1.0,2.0,3.0,5.549999999999997,7.310000000000002,8.0
9782602,CA,"10,000–100,000",15,1.8,1.0,1.0,2.0,3.1999999999999993,4.599999999999998,5.719999999999999,6.0
9782602,CA,"100–1,000",97,2.0618556701030926,1.0,1.0,2.0,4.0,5.0,7.719999999999857,25.0
9782602,CA,1–100,295,1.5864406779661018,1.0,1.0,2.0,3.0,4.0,6.0,9.0
9782602,CA,">100,000",15,1.7333333333333334,1.0,1.0,1.5,2.0,4.0999999999999925,8.019999999999996,9.0
9782602,EOA,0–1,2210296,1.179419860507371,1.0,1.0,1.0,2.0,2.0,4.0,58.0
9782602,EOA,"1,000–10,000",193271,1.6873302254347522,1.0,1.0,1.0,3.0,5.0,10.0,62.0
9782602,EOA,"10,000–100,000",49151,1.6137820186771379,1.0,1.0,1.0,3.0,5.0,11.0,73.0
9782602,EOA,"100–1,000",433948,1.5444223731875708,1.0,1.0,1.0,3.0,4.0,8.0,75.0
9782602,EOA,1–100,3703626,1.2188665918210964,1.0,1.0,1.0,2.0,2.0,4.0,127.0
9782602,EOA,">100,000",7004,2.3055396916047974,1.0,1.0,2.0,4.0,7.0,23.0,185.0
9976964,CA,0–1,1065,1.1089201877934272,1.0,1.0,1.0,1.0,2.0,3.0,20.0
9976964,CA,"1,000–10,000",77,2.2857142857142856,1.0,1.0,2.0,4.400000000000006,6.200000000000003,13.599999999999923,25.0
9976964,CA,"10,000–100,000",31,1.7096774193548387,1.0,1.0,2.0,2.0,3.5,5.399999999999999,6.0
9976964,CA,"100–1,000",116,1.7844827586206897,1.0,1.0,2.0,3.0,4.25,6.0,8.0
9976964,CA,1–100,323,1.5665634674922602,1.0,1.0,2.0,3.0,4.0,6.0,9.0
9976964,CA,">100,000",22,1.7727272727272727,1.0,1.0,1.75,2.900000000000002,4.899999999999999,8.159999999999997,9.0
9976964,EOA,0–1,2592339,1.15305521384356,1.0,1.0,1.0,2.0,2.0,3.0,58.0
9976964,EOA,"1,000–10,000",232947,1.7114107500847833,1.0,1.0,2.0,3.0,5.0,10.0,75.0
9976964,EOA,"10,000–100,000",55889,1.7575551539658967,1.0,1.0,1.0,3.0,6.0,12.0,67.0
9976964,EOA,"100–1,000",626147,1.4019663114252723,1.0,1.0,1.0,2.0,4.0,7.0,127.0
9976964,EOA,1–100,3750340,1.2254155623223495,1.0,1.0,1.0,2.0,2.0,4.0,48.0
9976964,EOA,">100,000",9755,2.174167093798052,1.0,1.0,2.0,4.0,6.0,19.459999999999127,188.0
10176690,CA,0–1,1138,1.1080843585237259,1.0,1.0,1.0,1.0,2.0,3.0,20.0
10176690,CA,"1,000–10,000",180,1.8611111111111112,1.0,1.0,2.0,3.0,4.049999999999983,8.420000000000016,25.0
10176690,CA,"10,000–100,000",90,1.6888888888888889,2.0,1.0,2.0,2.0,3.549999999999997,5.109999999999999,6.0
10176690,CA,"100–1,000",240,1.5208333333333333,1.0,1.0,2.0,3.0,4.0,5.609999999999985,8.0
10176690,CA,1–100,463,1.4427645788336934,1.0,1.0,1.5,2.0,3.0,6.0,9.0
10176690,CA,">100,000",51,1.8431372549019607,2.0,1.0,2.0,2.0,3.0,7.5,10.0
10176690,EOA,0–1,2642642,1.1476117461237656,1.0,1.0,1.0,2.0,2.0,3.0,35.0
10176690,EOA,"1,000–10,000",216231,1.9099157845082342,1.0,1.0,2.0,4.0,6.0,11.0,75.0
10176690,EOA,"10,000–100,000",67259,1.809200255727858,1.0,1.0,1.0,4.0,6.0,13.0,67.0
10176690,EOA,"100–1,000",808854,1.3443810625897876,1.0,1.0,1.0,2.0,3.0,6.0,128.0
10176690,EOA,1–100,3951277,1.210407420183399,1.0,1.0,1.0,2.0,2.0,4.0,103.0
10176690,EOA,">100,000",11324,2.1192158247968917,1.0,1.0,2.0,4.0,6.0,19.0,190.0
10370274,CA,0–1,1933,1.0884635281945163,1.0,1.0,1.0,1.0,2.0,2.0,20.0
10370274,CA,"1,000–10,000",297,1.835016835016835,1.0,1.0,2.0,3.0,5.0,7.0400000000000205,25.0
10370274,CA,"10,000–100,000",232,1.5775862068965518,1.0,1.0,2.0,2.0,3.0,5.0,6.0
10370274,CA,"100–1,000",394,1.5609137055837563,1.0,1.0,2.0,3.0,4.0,6.0,8.0
10370274,CA,1–100,722,1.3822714681440442,1.0,1.0,1.0,2.0,3.0,5.0,9.0
10370274,CA,">100,000",135,1.8888888888888888,2.0,1.0,2.0,3.0,3.0,5.659999999999997,10.0
10370274,EOA,0–1,2639635,1.1483542232164674,1.0,1.0,1.0,2.0,2.0,3.0,101.0
10370274,EOA,"1,000–10,000",183545,2.1683674303304366,1.0,1.0,2.0,5.0,6.0,11.0,76.0
10370274,EOA,"10,000–100,000",67920,1.8957449941107185,1.0,1.0,2.0,4.0,6.0,13.0,68.0
10370274,EOA,"100–1,000",500457,1.5753081683341426,1.0,1.0,2.0,3.0,4.0,7.0,129.0
10370274,EOA,1–100,4215308,1.2008545994741073,1.0,1.0,1.0,2.0,2.0,4.0,49.0
10370274,EOA,">100,000",12815,2.1907140070230198,1.0,1.0,2.0,4.0,7.0,18.0,192.0
10570485,CA,0–1,2918,1.0695681973954763,1.0,1.0,1.0,1.0,2.0,2.0,20.0
10570485,CA,"1,000–10,000",483,1.6645962732919255,1.0,1.0,2.0,3.0,4.0,6.0,25.0
10570485,CA,"10,000–100,000",369,1.4823848238482384,1.0,1.0,2.0,2.0,2.599999999999966,6.0,8.0
10570485,CA,"100–1,000",553,1.5171790235081375,1.0,1.0,2.0,3.0,4.0,5.480000000000018,8.0
10570485,CA,1–100,1026,1.3352826510721247,1.0,1.0,1.0,2.0,3.0,5.0,9.0
10570485,CA,">100,000",218,1.7889908256880733,2.0,1.0,2.0,2.0,3.0,5.0,11.0
10570485,EOA,0–1,2757385,1.1363603559169286,1.0,1.0,1.0,1.0,2.0,3.0,99.0
10570485,EOA,"1,000–10,000",217469,2.183837696407304,1.0,1.0,3.0,5.0,6.0,11.0,80.0
10570485,EOA,"10,000–100,000",75492,2.101878344725269,1.0,1.0,2.0,5.0,7.0,14.0,111.0
10570485,EOA,"100–1,000",504555,1.6136575794511996,1.0,1.0,2.0,3.0,4.0,7.0,147.0
10570485,EOA,1–100,4292536,1.2006920850518201,1.0,1.0,1.0,2.0,2.0,4.0,58.0
10570485,EOA,">100,000",19549,2.0559619417873036,1.0,1.0,1.0,4.0,6.0,16.0,195.0
10771925,CA,0–1,5460,1.0421245421245422,1.0,1.0,1.0,1.0,1.0,2.0,20.0
10771925,CA,"1,000–10,000",726,1.5688705234159779,1.0,1.0,2.0,3.0,4.0,6.0,25.0
10771925,CA,"10,000–100,000",595,1.4823529411764707,1.0,1.0,2.0,2.0,3.0,6.0,8.0
10771925,CA,"100–1,000",837,1.3679808841099164,1.0,1.0,1.0,2.0,3.0,5.0,9.0
10771925,CA,1–100,1415,1.2777385159010601,1.0,1.0,1.0,2.0,3.0,5.0,8.0
10771925,CA,">100,000",472,1.625,1.5,1.0,2.0,2.0,3.0,5.2900000000000205,11.0
10771925,EOA,0–1,2786581,1.1302172806030042,1.0,1.0,1.0,1.0,2.0,3.0,99.0
10771925,EOA,"1,000–10,000",350953,1.98599242633629,1.0,1.0,2.0,4.0,6.0,10.0,187.0
10771925,EOA,"10,000–100,000",105148,2.4147772663293643,1.0,1.0,2.0,6.0,8.0,15.0,146.0
10771925,EOA,"100–1,000",744144,1.4642932013158743,1.0,1.0,1.0,3.0,4.0,7.0,129.0
10771925,EOA,1–100,4282685,1.1981478908675283,1.0,1.0,1.0,2.0,2.0,4.0,73.0
10771925,EOA,">100,000",25616,2.3631324172392256,1.0,1.0,2.0,5.0,8.0,18.0,197.0
10966874,CA,0–1,8657,1.0370798197990065,1.0,1.0,1.0,1.0,1.0,2.0,20.0
10966874,CA,"1,000–10,000",1315,1.3771863117870722,1.0,1.0,1.0,2.0,3.0,6.0,26.0
10966874,CA,"10,000–100,000",1026,1.4230019493177388,1.0,1.0,2.0,2.0,3.0,5.75,13.0
10966874,CA,"100–1,000",1391,1.2940330697340043,1.0,1.0,1.0,2.0,3.0,5.0,8.0
10966874,CA,1–100,2234,1.2121754700089526,1.0,1.0,1.0,2.0,2.0,5.0,9.0
10966874,CA,">100,000",683,1.6237188872620791,2.0,1.0,2.0,2.0,2.0,6.0,13.0
10966874,EOA,0–1,2797184,1.1390337568068458,1.0,1.0,1.0,1.0,2.0,3.0,100.0
10966874,EOA,"1,000–10,000",440257,2.040351431095928,1.0,1.0,2.0,4.0,6.0,11.0,201.0
10966874,EOA,"10,000–100,000",101012,2.4268205757731756,1.0,1.0,2.0,6.0,9.0,17.0,89.0
10966874,EOA,"100–1,000",886580,1.4521148683705927,1.0,1.0,1.0,3.0,4.0,7.0,131.0
10966874,EOA,1–100,4448994,1.2024441930018337,1.0,1.0,1.0,2.0,2.0,4.0,58.0
10966874,EOA,">100,000",26779,2.2362298816236605,1.0,1.0,1.0,4.0,8.0,19.0,204.0
11167817,CA,0–1,13922,1.0306708806206004,1.0,1.0,1.0,1.0,1.0,2.0,20.0
11167817,CA,"1,000–10,000",1758,1.3282138794084186,1.0,1.0,1.0,2.0,2.0,5.0,26.0
11167817,CA,"10,000–100,000",1216,1.365953947368421,1.0,1.0,2.0,2.0,2.0,5.0,14.0
11167817,CA,"100–1,000",1997,1.257386079118678,1.0,1.0,1.0,2.0,2.0,5.0,9.0
11167817,CA,1–100,3652,1.1730558598028478,1.0,1.0,1.0,2.0,2.0,4.0,9.0
11167817,CA,">100,000",742,1.6671159029649596,2.0,1.0,2.0,2.0,3.0,6.0,13.0
11167817,EOA,0–1,2911032,1.135979611354324,1.0,1.0,1.0,1.0,2.0,3.0,100.0
11167817,EOA,"1,000–10,000",326000,2.3414785276073617,1.0,1.0,3.0,5.0,7.0,13.0,197.0
11167817,EOA,"10,000–100,000",108289,2.2350746613229413,1.0,1.0,2.0,5.0,8.0,16.0,182.0
11167817,EOA,"100–1,000",736167,1.6216537823618826,1.0,1.0,2.0,3.0,4.0,8.0,174.0
11167817,EOA,1–100,4661561,1.2112704306561686,1.0,1.0,1.0,2.0,2.0,4.0,238.0
11167817,EOA,">100,000",25504,2.35676756587202,1.0,1.0,2.0,5.0,8.0,20.0,210.0
11363270,CA,0–1,17299,1.029250245678941,1.0,1.0,1.0,1.0,1.0,2.0,20.0
11363270,CA,"1,000–10,000",2030,1.3423645320197044,1.0,1.0,1.0,2.0,3.0,5.0,26.0
11363270,CA,"10,000–100,000",1391,1.376707404744788,1.0,1.0,2.0,2.0,2.0,6.0,17.0
11363270,CA,"100–1,000",2358,1.2302798982188294,1.0,1.0,1.0,2.0,2.0,4.0,9.0
11363270,CA,1–100,4579,1.152653417776807,1.0,1.0,1.0,2.0,2.0,4.0,9.0
11363270,CA,">100,000",896,1.6763392857142858,2.0,1.0,2.0,2.0,3.0,6.0,14.0
11363270,EOA,0–1,3062191,1.1292411217980851,1.0,1.0,1.0,1.0,2.0,3.0,100.0
11363270,EOA,"1,000–10,000",354352,2.3285715898315797,1.0,1.0,3.0,5.0,7.0,13.0,232.0
11363270,EOA,"10,000–100,000",134875,2.3141056533827618,1.0,1.0,2.0,5.0,8.0,17.0,194.0
11363270,EOA,"100–1,000",756734,1.5980080186697043,1.0,1.0,2.0,3.0,4.0,8.0,131.0
11363270,EOA,1–100,5062374,1.2014165685901517,1.0,1.0,1.0,2.0,2.0,4.0,238.0
11363270,EOA,">100,000",32796,2.3780948896206855,1.0,1.0,2.0,5.0,8.0,20.0,333.0
11565019,CA,0–1,19012,1.030612244897959,1.0,1.0,1.0,1.0,1.0,2.0,20.0
11565019,CA,"1,000–10,000",2352,1.3197278911564625,1.0,1.0,1.0,2.0,2.0,5.0,26.0
11565019,CA,"10,000–100,000",1537,1.380611581001952,1.0,1.0,2.0,2.0,2.199999999999818,5.0,17.0
11565019,CA,"100–1,000",2748,1.2259825327510918,1.0,1.0,1.0,2.0,2.0,4.0,13.0
11565019,CA,1–100,5222,1.147070088088855,1.0,1.0,1.0,2.0,2.0,4.0,9.0
11565019,CA,">100,000",1093,1.64775846294602,2.0,1.0,2.0,2.0,3.0,6.0,17.0
11565019,EOA,0–1,2940735,1.1351560069166382,1.0,1.0,1.0,1.0,2.0,3.0,116.0
11565019,EOA,"1,000–10,000",380672,2.3876408036314727,1.0,1.0,3.0,5.0,7.0,14.0,284.0
11565019,EOA,"10,000–100,000",143805,2.4295608636695527,1.0,1.0,2.0,5.0,9.0,19.0,206.0
11565019,EOA,"100–1,000",876241,1.5762935082928098,1.0,1.0,2.0,3.0,4.0,7.0,130.0
11565019,EOA,1–100,5489592,1.1986956407689315,1.0,1.0,1.0,2.0,2.0,4.0,238.0
11565019,EOA,">100,000",41949,2.2190040287015185,1.0,1.0,1.0,4.0,7.0,20.0,397.0
11766939,CA,0–1,19904,1.0310992765273312,1.0,1.0,1.0,1.0,1.0,2.0,20.0
11766939,CA,"1,000–10,000",2518,1.3137410643367753,1.0,1.0,1.0,2.0,3.0,5.0,21.0
11766939,CA,"10,000–100,000",1798,1.3904338153503892,1.0,1.0,1.0,2.0,3.0,6.0,26.0
11766939,CA,"100–1,000",3219,1.201304753028891,1.0,1.0,1.0,2.0,2.0,4.0,15.0
11766939,CA,1–100,5278,1.1403940886699508,1.0,1.0,1.0,1.0,2.0,3.0,8.0
11766939,CA,">100,000",1464,1.616120218579235,1.0,1.0,2.0,2.0,2.849999999999909,5.0,17.0
11766939,EOA,0–1,3090840,1.1296016616842024,1.0,1.0,1.0,1.0,2.0,3.0,194.0
11766939,EOA,"1,000–10,000",493103,2.2895865569668,1.0,1.0,3.0,5.0,7.0,12.0,207.0
11766939,EOA,"10,000–100,000",194548,2.9154347513210106,1.0,1.0,3.0,7.0,11.0,20.0,332.0
11766939,EOA,"100–1,000",1070100,1.4920072890384077,1.0,1.0,1.0,3.0,4.0,7.0,238.0
11766939,EOA,1–100,5460873,1.1865447154694864,1.0,1.0,1.0,2.0,2.0,4.0,216.0
11766939,EOA,">100,000",47997,2.912286184553201,1.0,1.0,2.0,6.0,11.0,25.0,439.0
11948960,CA,0–1,20490,1.0330405075646656,1.0,1.0,1.0,1.0,1.0,2.0,20.0
11948960,CA,"1,000–10,000",2646,1.3325774754346182,1.0,1.0,1.0,2.0,3.0,6.0,21.0
11948960,CA,"10,000–100,000",1939,1.4234141309953585,1.0,1.0,1.0,2.0,3.0,6.619999999999891,26.0
11948960,CA,"100–1,000",3420,1.20906432748538,1.0,1.0,1.0,2.0,2.0,4.0,15.0
11948960,CA,1–100,5444,1.1348273328434975,1.0,1.0,1.0,1.0,2.0,3.0,8.0
11948960,CA,">100,000",1729,1.6419895893580103,1.0,1.0,2.0,2.0,3.0,6.0,20.0
11948960,EOA,0–1,3066142,1.1243676907331754,1.0,1.0,1.0,1.0,2.0,3.0,243.0
11948960,EOA,"1,000–10,000",693659,2.154808054101511,1.0,1.0,2.0,4.0,6.0,11.0,251.0
11948960,EOA,"10,000–100,000",236867,3.302836612951572,1.0,1.0,4.0,8.0,12.0,22.0,382.0
11948960,EOA,"100–1,000",1363845,1.4240232577748937,1.0,1.0,1.0,2.0,3.0,6.0,253.0
11948960,EOA,1–100,5616403,1.1791696571631345,1.0,1.0,1.0,2.0,2.0,4.0,216.0
11948960,EOA,">100,000",69701,2.9361845597624137,1.0,1.0,2.0,6.0,11.0,27.0,496.0
12150245,CA,0–1,21286,1.0337310908578408,1.0,1.0,1.0,1.0,1.0,2.0,20.0
12150245,CA,"1,000–10,000",2805,1.3080213903743316,1.0,1.0,1.0,2.0,2.0,5.0,15.0
12150245,CA,"10,000–100,000",2154,1.4480037140204272,1.0,1.0,1.0,2.0,3.0,8.0,26.0
12150245,CA,"100–1,000",3661,1.204862059546572,1.0,1.0,1.0,2.0,2.0,4.0,10.0
12150245,CA,1–100,5442,1.1300992282249174,1.0,1.0,1.0,1.0,2.0,3.0,8.0
12150245,CA,">100,000",2274,1.6666666666666667,1.0,1.0,2.0,2.0,3.0,7.0,22.0
12150245,EOA,0–1,2790849,1.1053579036343422,1.0,1.0,1.0,1.0,2.0,3.0,243.0
12150245,EOA,"1,000–10,000",900792,2.0224913187506104,1.0,1.0,2.0,4.0,6.0,10.0,253.0
12150245,EOA,"10,000–100,000",326516,3.304303617586887,1.0,1.0,4.0,8.0,11.0,21.0,461.0
12150245,EOA,"100–1,000",1628503,1.403808282821708,1.0,1.0,1.0,2.0,3.0,6.0,239.0
12150245,EOA,1–100,5957206,1.1652125174116859,1.0,1.0,1.0,2.0,2.0,3.0,216.0
12150245,EOA,">100,000",89049,3.4165796359307796,1.0,1.0,3.0,8.0,14.0,31.0,555.0
12344945,CA,0–1,23214,1.0337727233565952,1.0,1.0,1.0,1.0,1.0,2.0,20.0
12344945,CA,"1,000–10,000",3192,1.3226817042606516,1.0,1.0,1.0,2.0,2.0,6.0,15.0
12344945,CA,"10,000–100,000",2500,1.4176,1.0,1.0,1.0,2.0,3.0,6.0,26.0
12344945,CA,"100–1,000",3979,1.204574013571249,1.0,1.0,1.0,2.0,2.0,5.0,12.0
12344945,CA,1–100,5544,1.1331168831168832,1.0,1.0,1.0,1.0,2.0,3.0,9.0
12344945,CA,">100,000",2562,1.6342701014832162,1.0,1.0,2.0,2.0,2.0,7.0,32.0
12344945,EOA,0–1,2879610,1.1069540666965318,1.0,1.0,1.0,1.0,2.0,3.0,290.0
12344945,EOA,"1,000–10,000",1041322,1.9872949961683322,1.0,1.0,2.0,4.0,6.0,10.0,253.0
12344945,EOA,"10,000–100,000",362965,3.2654911630597994,1.0,1.0,4.0,8.0,11.0,22.0,526.0
12344945,EOA,"100–1,000",2045236,1.3798412505940634,1.0,1.0,1.0,2.0,3.0,5.0,239.0
12344945,EOA,1–100,6089791,1.157832345970494,1.0,1.0,1.0,2.0,2.0,3.0,216.0
12344945,EOA,">100,000",99647,3.2950916736078355,1.0,1.0,3.0,7.0,13.0,30.0,627.0
12545219,CA,0–1,26839,1.0337941055926079,1.0,1.0,1.0,1.0,1.0,2.0,20.0
12545219,CA,"1,000–10,000",3338,1.335230677052127,1.0,1.0,1.0,2.0,3.0,6.0,15.0
12545219,CA,"10,000–100,000",2704,1.4341715976331362,1.0,1.0,1.0,2.0,3.0,7.0,26.0
12545219,CA,"100–1,000",4305,1.20534262485482,1.0,1.0,1.0,2.0,2.0,4.0,13.0
12545219,CA,1–100,6216,1.1378700128700128,1.0,1.0,1.0,1.0,2.0,3.0,10.0
12545219,CA,">100,000",2401,1.6555601832569762,1.0,1.0,2.0,2.0,2.0,7.0,42.0
12545219,EOA,0–1,3280450,1.121996372448902,1.0,1.0,1.0,1.0,2.0,3.0,290.0
12545219,EOA,"1,000–10,000",1035050,2.1110564707018984,1.0,1.0,2.0,4.0,6.0,12.0,131.0
12545219,EOA,"10,000–100,000",322225,3.195829001474125,1.0,1.0,3.0,7.0,11.0,23.0,583.0
12545219,EOA,"100–1,000",2269469,1.395975886870453,1.0,1.0,1.0,2.0,3.0,6.0,253.0
12545219,EOA,1–100,6322705,1.167233011820099,1.0,1.0,1.0,2.0,2.0,3.0,349.0
12545219,EOA,">100,000",88403,3.0576111670418427,1.0,1.0,2.0,6.0,11.0,29.0,681.0
12738509,CA,0–1,32078,1.0309557952490804,1.0,1.0,1.0,1.0,1.0,2.0,20.0
12738509,CA,"1,000–10,000",3673,1.3561121698883747,1.0,1.0,1.0,2.0,3.0,6.279999999999745,21.0
12738509,CA,"10,000–100,000",2928,1.373292349726776,1.0,1.0,1.0,2.0,3.0,7.0,26.0
12738509,CA,"100–1,000",4524,1.2088859416445623,1.0,1.0,1.0,2.0,2.0,4.0,14.0
12738509,CA,1–100,7377,1.1337942252948352,1.0,1.0,1.0,1.0,2.0,3.0,10.0
12738509,CA,">100,000",2169,1.6915629322268326,1.0,1.0,2.0,2.0,2.0,7.0,42.0
12738509,EOA,0–1,3312397,1.129285831378304,1.0,1.0,1.0,1.0,2.0,3.0,328.0
12738509,EOA,"1,000–10,000",982987,2.2028948500844874,1.0,1.0,2.0,5.0,7.0,13.0,350.0
12738509,EOA,"10,000–100,000",268580,3.222172164718147,1.0,1.0,3.0,7.0,12.0,24.0,614.0
12738509,EOA,"100–1,000",2309767,1.4317115102951943,1.0,1.0,1.0,2.0,3.0,6.0,253.0
12738509,EOA,1–100,6545493,1.1765358239631454,1.0,1.0,1.0,2.0,2.0,4.0,257.0
12738509,EOA,">100,000",80494,2.936107039033965,1.0,1.0,2.0,6.0,10.0,27.0,715.0
12936340,CA,0–1,35201,1.0316752364989632,1.0,1.0,1.0,1.0,1.0,2.0,20.0
12936340,CA,"1,000–10,000",3857,1.3759398496240602,1.0,1.0,1.0,2.0,3.0,7.0,21.0
12936340,CA,"10,000–100,000",3066,1.380952380952381,1.0,1.0,1.0,2.0,3.0,7.0,33.0
12936340,CA,"100–1,000",4888,1.2137888707037643,1.0,1.0,1.0,2.0,2.0,4.130000000000109,12.0
12936340,CA,1–100,7946,1.1259753335011327,1.0,1.0,1.0,1.0,2.0,3.0,10.0
12936340,CA,">100,000",2334,1.7562125107112254,1.5,1.0,2.0,3.0,3.0,7.0,44.0
12936340,EOA,0–1,3398407,1.1280935450050569,1.0,1.0,1.0,1.0,2.0,3.0,328.0
12936340,EOA,"1,000–10,000",1005819,2.2310067715960824,1.0,1.0,2.0,5.0,7.0,13.0,643.0
12936340,EOA,"10,000–100,000",267175,3.476485449611678,1.0,1.0,4.0,8.0,12.0,25.0,481.0
12936340,EOA,"100–1,000",2475315,1.4207549342204933,1.0,1.0,1.0,2.0,3.0,6.0,253.0
12936340,EOA,1–100,6771607,1.1746455457323497,1.0,1.0,1.0,2.0,2.0,4.0,398.0
12936340,EOA,">100,000",94175,2.901555614547385,1.0,1.0,2.0,6.0,10.0,27.0,755.0
13136427,CA,0–1,36330,1.0319020093586568,1.0,1.0,1.0,1.0,1.0,2.0,20.0
13136427,CA,"1,000–10,000",3957,1.3659337882234015,1.0,1.0,1.0,2.0,3.0,7.0,20.0
13136427,CA,"10,000–100,000",3380,1.3736686390532544,1.0,1.0,1.0,2.0,3.0,7.0,33.0
13136427,CA,"100–1,000",5215,1.2013422818791946,1.0,1.0,1.0,2.0,2.0,4.0,12.0
13136427,CA,1–100,7993,1.1249843613161516,1.0,1.0,1.0,1.0,2.0,3.0,10.0
13136427,CA,">100,000",2577,1.7504850601474582,1.0,1.0,2.0,2.0,3.0,7.0,44.0
13136427,EOA,0–1,3418433,1.1266992800502453,1.0,1.0,1.0,1.0,2.0,3.0,328.0
13136427,EOA,"1,000–10,000",1172648,2.1211957893587847,1.0,1.0,2.0,4.0,6.0,11.0,313.0
13136427,EOA,"10,000–100,000",362047,3.251541926876897,1.0,1.0,3.0,8.0,11.0,23.0,665.0
13136427,EOA,"100–1,000",2748012,1.3788909946535897,1.0,1.0,1.0,2.0,3.0,6.0,253.0
13136427,EOA,1–100,6823016,1.1663906401509245,1.0,1.0,1.0,2.0,2.0,3.0,398.0
13136427,EOA,">100,000",109197,3.177468245464619,1.0,1.0,2.0,7.0,12.0,29.039999999993597,785.0
13330090,CA,0–1,37318,1.0325312181788948,1.0,1.0,1.0,1.0,1.0,2.0,20.0
13330090,CA,"1,000–10,000",4019,1.371734262254292,1.0,1.0,1.0,2.0,3.0,6.0,33.0
13330090,CA,"10,000–100,000",3206,1.3861509669369931,1.0,1.0,1.0,2.0,3.0,7.0,26.0
13330090,CA,"100–1,000",5313,1.2160737812911726,1.0,1.0,1.0,2.0,2.0,5.0,16.0
13330090,CA,1–100,8543,1.1270045651410512,1.0,1.0,1.0,1.0,2.0,3.0,10.0
13330090,CA,">100,000",2476,1.7827140549273022,2.0,1.0,2.0,3.0,3.0,7.0,44.0
13330090,EOA,0–1,3470814,1.113994296438818,1.0,1.0,1.0,1.0,2.0,3.0,328.0
13330090,EOA,"1,000–10,000",1198412,2.133318090940344,1.0,1.0,2.0,4.0,6.0,12.0,684.0
13330090,EOA,"10,000–100,000",352273,3.2166643483888917,1.0,1.0,3.0,7.0,11.0,23.0,555.0
13330090,EOA,"100–1,000",2890781,1.3843847043411452,1.0,1.0,1.0,2.0,3.0,6.0,313.0
13330090,EOA,1–100,7085921,1.1778999511848918,1.0,1.0,1.0,2.0,2.0,4.0,392.0
13330090,EOA,">100,000",109896,3.136692873261993,1.0,1.0,2.0,6.0,11.0,29.0,823.0
13527859,CA,0–1,38561,1.0314825860325199,1.0,1.0,1.0,1.0,1.0,2.0,20.0
13527859,CA,"1,000–10,000",4096,1.363037109375,1.0,1.0,1.0,2.0,3.0,6.0,33.0
13527859,CA,"10,000–100,000",3613,1.3941323000276777,1.0,1.0,1.0,2.0,3.0,7.0,26.0
13527859,CA,"100–1,000",5740,1.1942508710801394,1.0,1.0,1.0,2.0,2.0,4.609999999999673,12.0
13527859,CA,1–100,8275,1.12797583081571,1.0,1.0,1.0,1.0,2.0,3.0,10.0
13527859,CA,">100,000",2805,1.7308377896613192,1.0,1.0,2.0,2.0,3.0,7.0,44.0
13527859,EOA,0–1,3588452,1.1075678314771942,1.0,1.0,1.0,1.0,2.0,3.0,328.0
13527859,EOA,"1,000–10,000",1594648,1.911927898821558,1.0,1.0,2.0,4.0,5.0,10.0,700.0
13527859,EOA,"10,000–100,000",471193,3.011358403032303,1.0,1.0,3.0,7.0,10.0,21.0,583.0
13527859,EOA,"100–1,000",3226082,1.3367459351622184,1.0,1.0,1.0,2.0,3.0,5.0,392.0
13527859,EOA,1–100,6909397,1.169174820899711,1.0,1.0,1.0,2.0,2.0,3.0,304.0
13527859,EOA,">100,000",134145,3.2637071825263706,1.0,1.0,3.0,7.0,12.0,30.0,863.0
13717847,CA,0–1,40981,1.030184719748176,1.0,1.0,1.0,1.0,1.0,2.0,20.0
13717847,CA,"1,000–10,000",4350,1.3526436781609195,1.0,1.0,1.0,2.0,3.0,6.0,16.0
13717847,CA,"10,000–100,000",4067,1.3599704942217852,1.0,1.0,1.0,2.0,3.0,7.0,33.0
13717847,CA,"100–1,000",6106,1.1945627251883393,1.0,1.0,1.0,2.0,2.0,5.0,12.0
13717847,CA,1–100,8471,1.1267855034824696,1.0,1.0,1.0,1.0,2.0,3.0,10.0
13717847,CA,">100,000",2982,1.7193158953722334,1.0,1.0,2.0,2.0,3.0,7.0,45.0
13717847,EOA,0–1,3528051,1.1063003340938098,1.0,1.0,1.0,1.0,2.0,3.0,328.0
13717847,EOA,"1,000–10,000",1722344,1.8980105019670868,1.0,1.0,2.0,4.0,5.0,10.0,314.0
13717847,EOA,"10,000–100,000",482959,3.098252646705,1.0,1.0,3.0,7.0,11.0,21.0,729.0
13717847,EOA,"100–1,000",5961435,1.2560153721377487,1.0,1.0,1.0,2.0,2.0,4.0,392.0
13717847,EOA,1–100,5007353,1.1704415486585427,1.0,1.0,1.0,2.0,2.0,4.0,575.0
13717847,EOA,">100,000",141927,3.3237861717643575,1.0,1.0,3.0,7.0,12.0,30.0,914.0
13916166,CA,0–1,43126,1.0302833557482725,1.0,1.0,1.0,1.0,1.0,2.0,20.0
13916166,CA,"1,000–10,000",4394,1.3677742375967228,1.0,1.0,1.0,2.0,3.0,7.0,32.0
13916166,CA,"10,000–100,000",3966,1.3630862329803328,1.0,1.0,1.0,2.0,2.0,7.0,33.0
13916166,CA,"100–1,000",6278,1.198789423383243,1.0,1.0,1.0,2.0,2.0,4.0,12.0
13916166,CA,1–100,9227,1.1256096239297713,1.0,1.0,1.0,1.0,2.0,3.0,10.0
13916166,CA,">100,000",2761,1.7736327417602318,2.0,1.0,2.0,2.0,3.0,8.0,45.0
13916166,EOA,0–1,3722361,1.121723551262223,1.0,1.0,1.0,1.0,2.0,3.0,575.0
13916166,EOA,"1,000–10,000",1610899,2.0287069518324863,1.0,1.0,2.0,4.0,6.0,11.0,755.0
13916166,EOA,"10,000–100,000",416640,3.213762480798771,1.0,1.0,3.0,7.0,11.0,23.0,677.0
13916166,EOA,"100–1,000",3784924,1.3814454398555955,1.0,1.0,1.0,2.0,3.0,6.0,392.0
13916166,EOA,1–100,7718819,1.156488965475159,1.0,1.0,1.0,2.0,2.0,3.0,304.0
13916166,EOA,">100,000",133984,3.180655899211846,1.0,1.0,2.0,6.0,11.0,29.0,906.0
14116761,CA,0–1,44300,1.0306772009029346,1.0,1.0,1.0,1.0,1.0,2.0,20.0
14116761,CA,"1,000–10,000",4563,1.3659872890642122,1.0,1.0,1.0,2.0,3.0,7.0,32.0
14116761,CA,"10,000–100,000",3680,1.3839673913043478,1.0,1.0,1.0,2.0,3.0,7.0,33.0
14116761,CA,"100–1,000",6179,1.209742676808545,1.0,1.0,1.0,2.0,2.0,4.0,15.0
14116761,CA,1–100,10168,1.1300157356412275,1.0,1.0,1.0,1.0,2.0,3.0,11.0
14116761,CA,">100,000",2403,1.8531002913025385,2.0,1.0,2.0,3.0,3.0,9.0,45.0
14116761,EOA,0–1,3746651,1.1269144096954853,1.0,1.0,1.0,1.0,2.0,3.0,575.0
14116761,EOA,"1,000–10,000",1440245,2.13361337827939,1.0,1.0,2.0,4.0,6.0,12.0,770.0
14116761,EOA,"10,000–100,000",344649,3.1991736520343887,1.0,1.0,3.0,7.0,11.0,24.0,701.0
14116761,EOA,"100–1,000",3893407,1.4014394076961387,1.0,1.0,1.0,2.0,3.0,6.0,392.0
14116761,EOA,1–100,8304386,1.171542122439877,1.0,1.0,1.0,2.0,2.0,4.0,696.0
14116761,EOA,">100,000",115915,3.0671957900185483,1.0,1.0,2.0,6.0,10.0,29.0,909.0
14297759,CA,0–1,45918,1.0302277973779346,1.0,1.0,1.0,1.0,1.0,2.0,20.0
14297759,CA,"1,000–10,000",4566,1.3688129653964083,1.0,1.0,1.0,2.0,3.0,6.0,32.0
14297759,CA,"10,000–100,000",3856,1.3812240663900415,1.0,1.0,1.0,2.0,3.0,7.0,33.0
14297759,CA,"100–1,000",6444,1.2102731222842955,1.0,1.0,1.0,2.0,2.0,5.0,15.0
14297759,CA,1–100,10524,1.129988597491448,1.0,1.0,1.0,1.0,2.0,3.0,11.0
14297759,CA,">100,000",2419,1.8309218685407194,2.0,1.0,2.0,3.0,3.0,8.0,45.0
14297759,EOA,0–1,3818740,1.1274823632926043,1.0,1.0,1.0,1.0,2.0,3.0,605.0
14297759,EOA,"1,000–10,000",1438015,2.146377471723174,1.0,1.0,2.0,4.0,6.0,13.0,787.0
14297759,EOA,"10,000–100,000",359736,3.0473208130406744,1.0,1.0,3.0,7.0,11.0,24.0,821.0
14297759,EOA,"100–1,000",4045852,1.4046811400911352,1.0,1.0,1.0,2.0,3.0,6.0,392.0
14297759,EOA,1–100,8413680,1.1745714122714437,1.0,1.0,1.0,2.0,2.0,4.0,697.0
14297759,EOA,">100,000",112844,3.0357218815355713,1.0,1.0,2.0,6.0,10.0,29.0,912.0
14497034,CA,0–1,48583,1.0293106642241112,1.0,1.0,1.0,1.0,1.0,2.0,20.0
14497034,CA,"1,000–10,000",4677,1.3551421851614283,1.0,1.0,1.0,2.0,3.0,6.0,32.0
14497034,CA,"10,000–100,000",4243,1.3601225547961349,1.0,1.0,1.0,2.0,3.0,7.0,33.0
14497034,CA,"100–1,000",6882,1.1958732926474862,1.0,1.0,1.0,2.0,2.0,4.0,15.0
14497034,CA,1–100,10894,1.1291536625665504,1.0,1.0,1.0,1.0,2.0,3.0,17.0
14497034,CA,">100,000",2470,1.8380566801619433,2.0,1.0,2.0,3.0,3.0,9.309999999999945,45.0
14497034,EOA,0–1,3885803,1.1274997728912146,1.0,1.0,1.0,1.0,2.0,3.0,605.0
14497034,EOA,"1,000–10,000",1383556,2.190199746161341,1.0,1.0,2.0,4.0,6.0,13.0,808.0
14497034,EOA,"10,000–100,000",352262,3.2337095684462134,1.0,1.0,3.0,7.0,11.0,24.0,762.0
14497034,EOA,"100–1,000",4007341,1.4045118695913326,1.0,1.0,1.0,2.0,3.0,6.0,392.0
14497034,EOA,1–100,8430641,1.1758464154742208,1.0,1.0,1.0,2.0,2.0,4.0,697.0
14497034,EOA,">100,000",119272,3.1225853511301898,1.0,1.0,2.0,6.0,10.0,29.0,933.0
14688630,CA,0–1,52096,1.0284090909090908,1.0,1.0,1.0,1.0,1.0,2.0,20.0
14688630,CA,"1,000–10,000",5190,1.332562620423892,1.0,1.0,1.0,2.0,3.0,6.0,32.0
14688630,CA,"10,000–100,000",4130,1.3665859564164649,1.0,1.0,1.0,2.0,2.549999999999727,7.0,33.0
14688630,CA,"100–1,000",6847,1.2057835548415365,1.0,1.0,1.0,2.0,2.0,5.0,15.0
14688630,CA,1–100,11890,1.1259882253994953,1.0,1.0,1.0,1.0,2.0,3.0,17.0
14688630,CA,">100,000",2234,1.8786929274843331,2.0,1.0,2.0,3.0,3.0,10.0,46.0
14688630,EOA,0–1,4108368,1.1264908596308802,1.0,1.0,1.0,1.0,2.0,3.0,605.0
14688630,EOA,"1,000–10,000",1231003,2.2849757474189745,1.0,1.0,2.0,5.0,7.0,14.0,823.0
14688630,EOA,"10,000–100,000",298907,3.200587473695832,1.0,1.0,3.0,7.0,11.0,25.0,804.0
14688630,EOA,"100–1,000",3990511,1.4409730984327571,1.0,1.0,1.0,2.0,3.0,6.0,392.0
14688630,EOA,1–100,8819485,1.1916699217698086,1.0,1.0,1.0,2.0,2.0,4.0,697.0
14688630,EOA,">100,000",105704,3.0634129266631347,1.0,1.0,2.0,5.0,10.0,29.0,956.0
14881677,CA,0–1,55106,1.0282183428301819,1.0,1.0,1.0,1.0,1.0,2.0,20.0
14881677,CA,"1,000–10,000",5375,1.331906976744186,1.0,1.0,1.0,2.0,3.0,6.0,33.0
14881677,CA,"10,000–100,000",3597,1.4353628023352794,1.0,1.0,2.0,2.0,3.0,7.0,29.0
14881677,CA,"100–1,000",6483,1.2178004010488972,1.0,1.0,1.0,2.0,2.0,5.0,16.0
14881677,CA,1–100,13154,1.1303785920632508,1.0,1.0,1.0,1.0,2.0,3.0,17.0
14881677,CA,">100,000",1733,1.9705712637045585,2.0,1.0,2.0,3.0,3.0,11.680000000000064,46.0
14881677,EOA,0–1,4474133,1.124925655987428,1.0,1.0,1.0,1.0,2.0,3.0,605.0
14881677,EOA,"1,000–10,000",1003152,2.4389225162288466,1.0,1.0,3.0,5.0,8.0,16.0,838.0
14881677,EOA,"10,000–100,000",246419,3.1333501069316894,1.0,1.0,3.0,7.0,11.0,25.0,817.0
14881677,EOA,"100–1,000",3717239,1.4954185081992306,1.0,1.0,1.0,3.0,4.0,7.0,315.0
14881677,EOA,1–100,9257945,1.2098428971008144,1.0,1.0,1.0,2.0,2.0,4.0,770.0
14881677,EOA,">100,000",93219,3.0447440972333966,1.0,1.0,2.0,5.0,9.0,28.0,967.0
15053226,CA,0–1,57787,1.028518524927752,1.0,1.0,1.0,1.0,1.0,2.0,20.0
15053226,CA,"1,000–10,000",5436,1.329654157468727,1.0,1.0,1.0,2.0,3.0,6.0,33.0
15053226,CA,"10,000–100,000",2895,1.5613126079447324,1.0,1.0,2.0,2.0,3.0,8.0,32.0
15053226,CA,"100–1,000",6047,1.2470646601620639,1.0,1.0,1.0,2.0,2.0,5.0,16.0
15053226,CA,1–100,14351,1.1277262908508119,1.0,1.0,1.0,1.0,2.0,3.0,17.0
15053226,CA,">100,000",1335,2.0359550561797755,2.0,1.0,2.0,3.0,3.0,12.0,46.0
15053226,EOA,0–1,4686905,1.1281335977580087,1.0,1.0,1.0,1.0,2.0,3.0,605.0
15053226,EOA,"1,000–10,000",860010,2.5508784781572307,1.0,1.0,3.0,5.0,8.0,17.0,845.0
15053226,EOA,"10,000–100,000",220920,3.037977548433822,1.0,1.0,3.0,6.0,10.0,25.0,837.0
15053226,EOA,"100–1,000",3488570,1.5427989118750662,1.0,1.0,2.0,3.0,4.0,8.0,315.0
15053226,EOA,1–100,9595576,1.2220554555557686,1.0,1.0,1.0,2.0,2.0,4.0,770.0
15053226,EOA,">100,000",87412,2.9627282295337025,1.0,1.0,2.0,5.0,9.0,27.0,982.0
15253306,CA,0–1,61828,1.0263634599210714,1.0,1.0,1.0,1.0,1.0,2.0,20.0
15253306,CA,"1,000–10,000",6170,1.2952998379254457,1.0,1.0,1.0,2.0,2.0,6.0,33.0
15253306,CA,"10,000–100,000",3393,1.4812849985263778,1.0,1.0,2.0,2.0,3.0,7.0,32.0
15253306,CA,"100–1,000",6648,1.2221720818291215,1.0,1.0,1.0,2.0,2.0,5.0,16.0
15253306,CA,1–100,14457,1.1251988656014387,1.0,1.0,1.0,1.0,2.0,3.0,17.0
15253306,CA,">100,000",1587,1.998109640831758,2.0,1.0,2.0,3.0,3.0,12.0,46.0
15253306,EOA,0–1,4535834,1.1291204660488017,1.0,1.0,1.0,1.0,2.0,3.0,605.0
15253306,EOA,"1,000–10,000",965051,2.5322858584675836,1.0,1.0,3.0,5.0,8.0,16.0,859.0
15253306,EOA,"10,000–100,000",250038,3.171793887329126,1.0,1.0,3.0,7.0,11.0,25.0,849.0
15253306,EOA,"100–1,000",3585850,1.5228857871913215,1.0,1.0,1.0,3.0,4.0,7.0,315.0
15253306,EOA,1–100,9494005,1.2143729648341244,1.0,1.0,1.0,2.0,2.0,4.0,770.0
15253306,EOA,">100,000",97355,3.0174105079348776,1.0,1.0,2.0,5.0,9.0,28.0,997.0
15449618,CA,0–1,68676,1.0246956724328733,1.0,1.0,1.0,1.0,1.0,2.0,20.0
15449618,CA,"1,000–10,000",6491,1.2857803112001231,1.0,1.0,1.0,2.0,2.0,6.0,33.0
15449618,CA,"10,000–100,000",3290,1.496352583586626,1.0,1.0,2.0,2.0,3.0,7.0,32.0
15449618,CA,"100–1,000",6703,1.229001939430106,1.0,1.0,1.0,2.0,2.0,5.0,16.0
15449618,CA,1–100,15644,1.1196624904116594,1.0,1.0,1.0,1.0,2.0,3.0,17.0
15449618,CA,">100,000",1482,2.0357624831309042,2.0,1.0,2.0,3.0,3.0,13.190000000000055,46.0
15449618,EOA,0–1,4809684,1.1273992220694748,1.0,1.0,1.0,1.0,2.0,3.0,605.0
15449618,EOA,"1,000–10,000",899033,2.5951906103557936,1.0,1.0,3.0,5.0,8.0,17.0,307.0
15449618,EOA,"10,000–100,000",255739,3.0079143188954363,1.0,1.0,3.0,6.0,10.0,24.0,875.0
15449618,EOA,"100–1,000",3355843,1.5628371172310505,1.0,1.0,2.0,3.0,4.0,8.0,873.0
15449618,EOA,1–100,9538700,1.2238574438864835,1.0,1.0,1.0,2.0,2.0,4.0,771.0
15449618,EOA,">100,000",94772,2.9882771282657323,1.0,1.0,2.0,5.0,9.0,28.0,1014.0
15649595,CA,0–1,75532,1.0233146216173277,1.0,1.0,1.0,1.0,1.0,2.0,21.0
15649595,CA,"1,000–10,000",7153,1.2714944778414652,1.0,1.0,1.0,2.0,2.0,5.479999999999563,33.0
15649595,CA,"10,000–100,000",3089,1.5415992230495306,1.0,1.0,2.0,2.0,3.0,8.0,32.0
15649595,CA,"100–1,000",6774,1.2260112193681725,1.0,1.0,1.0,2.0,2.0,4.0,16.0
15649595,CA,1–100,17010,1.1166960611405057,1.0,1.0,1.0,1.0,2.0,3.0,17.0
15649595,CA,">100,000",1378,2.0457184325108853,2.0,1.0,2.0,3.0,3.1499999999998636,13.230000000000018,45.0
15649595,EOA,0–1,5586764,1.1138682428683224,1.0,1.0,1.0,1.0,2.0,3.0,606.0
15649595,EOA,"1,000–10,000",860248,2.641475481489059,1.0,1.0,3.0,6.0,8.0,17.0,713.0
15649595,EOA,"10,000–100,000",251761,2.9941015486910203,1.0,1.0,3.0,6.0,10.0,24.0,723.0
15649595,EOA,"100–1,000",3258124,1.581724022781208,1.0,1.0,2.0,3.0,4.0,8.0,882.0
15649595,EOA,1–100,9763467,1.2277050764856376,1.0,1.0,1.0,2.0,2.0,4.0,771.0
15649595,EOA,">100,000",95048,2.9044482787644137,1.0,1.0,2.0,5.0,8.0,26.0,1032.0
15871480,CA,0–1,85114,1.0210188688112414,1.0,1.0,1.0,1.0,1.0,2.0,21.0
15871480,CA,"1,000–10,000",8641,1.22578405277167,1.0,1.0,1.0,2.0,2.0,5.0,33.0
15871480,CA,"10,000–100,000",3233,1.5162387875038663,1.0,1.0,2.0,2.0,3.0,7.679999999999836,32.0
15871480,CA,"100–1,000",7267,1.2175588275767166,1.0,1.0,1.0,2.0,2.0,4.0,16.0
15871480,CA,1–100,18792,1.107865048957003,1.0,1.0,1.0,1.0,2.0,3.0,17.0
15871480,CA,">100,000",1465,2.1051194539249147,2.0,1.0,2.0,3.0,4.0,14.0,46.0
15871480,EOA,0–1,5849388,1.109891154425044,1.0,1.0,1.0,1.0,2.0,3.0,606.0
15871480,EOA,"1,000–10,000",894254,2.638523283094065,1.0,1.0,3.0,6.0,8.0,17.0,792.0
15871480,EOA,"10,000–100,000",257957,3.0842543524695976,1.0,1.0,3.0,7.0,10.0,24.0,563.0
15871480,EOA,"100–1,000",3338465,1.5752023759422369,1.0,1.0,2.0,3.0,4.0,8.0,890.0
15871480,EOA,1–100,9743902,1.2302823858450136,1.0,1.0,1.0,2.0,2.0,4.0,771.0
15871480,EOA,">100,000",96325,3.0481287308590708,1.0,1.0,2.0,5.0,9.0,27.0,1044.0
16086234,CA,0–1,92323,1.0204282789770696,1.0,1.0,1.0,1.0,1.0,2.0,21.0
16086234,CA,"1,000–10,000",8356,1.2388702728578267,1.0,1.0,1.0,2.0,2.0,5.0,33.0
16086234,CA,"10,000–100,000",2980,1.5583892617449664,1.0,1.0,2.0,2.0,3.0,8.0,32.0
16086234,CA,"100–1,000",7291,1.2209573446715127,1.0,1.0,1.0,2.0,2.0,4.0,16.0
16086234,CA,1–100,20581,1.1049025800495602,1.0,1.0,1.0,1.0,2.0,3.0,22.0
16086234,CA,">100,000",1297,2.1781033153430993,2.0,1.0,2.0,3.0,4.0,14.0,47.0
16086234,EOA,0–1,5923407,1.1157219147696587,1.0,1.0,1.0,1.0,2.0,3.0,713.0
16086234,EOA,"1,000–10,000",870595,2.7240232254952073,1.0,1.0,3.0,6.0,9.0,18.0,621.0
16086234,EOA,"10,000–100,000",254109,3.137322959832198,1.0,1.0,3.0,7.0,11.0,25.0,945.0
16086234,EOA,"100–1,000",3105904,1.6370988929471098,1.0,1.0,2.0,3.0,4.0,8.0,902.0
16086234,EOA,1–100,10072453,1.2385374247961247,1.0,1.0,1.0,2.0,2.0,4.0,771.0
16086234,EOA,">100,000",99013,2.9090725460293094,1.0,1.0,2.0,5.0,8.0,26.0,1077.0
16308190,CA,0–1,98338,1.019565173178222,1.0,1.0,1.0,1.0,1.0,2.0,21.0
16308190,CA,"1,000–10,000",8853,1.2312210550096012,1.0,1.0,1.0,2.0,2.0,5.0,33.0
16308190,CA,"10,000–100,000",2868,1.5794979079497908,1.0,1.0,2.0,2.0,3.0,8.0,32.0
16308190,CA,"100–1,000",7487,1.2163750500868171,1.0,1.0,1.0,2.0,2.0,4.0,16.0
16308190,CA,1–100,22440,1.0991532976827094,1.0,1.0,1.0,1.0,2.0,3.0,22.0
16308190,CA,">100,000",1217,2.1972062448644207,2.0,1.0,2.0,3.0,4.0,14.679999999999836,47.0
16308190,EOA,0–1,6122244,1.11033683074376,1.0,1.0,1.0,1.0,2.0,3.0,731.0
16308190,EOA,"1,000–10,000",827574,2.7712845014463965,1.0,1.0,3.0,6.0,9.0,18.0,639.0
16308190,EOA,"10,000–100,000",249612,3.0522851465474417,1.0,1.0,3.0,6.0,10.0,24.0,1023.0
16308190,EOA,"100–1,000",2553728,1.7739649641621973,1.0,1.0,2.0,3.0,5.0,9.0,910.0
16308190,EOA,1–100,10283317,1.24933598760011,1.0,1.0,1.0,2.0,2.0,4.0,771.0
16308190,EOA,">100,000",100209,2.791874981289106,1.0,1.0,2.0,5.0,8.0,24.0,1123.0
16530248,CA,0–1,103985,1.0181660816463913,1.0,1.0,1.0,1.0,1.0,2.0,21.0
16530248,CA,"1,000–10,000",9685,1.2077439339184306,1.0,1.0,1.0,2.0,2.0,4.1599999999998545,33.0
16530248,CA,"10,000–100,000",3263,1.549800796812749,1.0,1.0,2.0,2.0,3.0,8.0,32.0
16530248,CA,"100–1,000",7975,1.2096551724137932,1.0,1.0,1.0,2.0,2.0,4.0,22.0
16530248,CA,1–100,24261,1.0880425374057128,1.0,1.0,1.0,1.0,2.0,3.0,17.0
16530248,CA,">100,000",1411,2.118355776045358,2.0,1.0,2.0,3.0,4.0,13.0,49.0
16530248,EOA,0–1,5968860,1.1059850624742413,1.0,1.0,1.0,1.0,2.0,3.0,884.0
16530248,EOA,"1,000–10,000",970959,2.7190952450103456,1.0,1.0,3.0,6.0,8.0,17.0,662.0
16530248,EOA,"10,000–100,000",282061,3.2616065319204,1.0,1.0,3.0,7.0,11.0,25.0,910.0
16530248,EOA,"100–1,000",2746344,1.7088536614495489,1.0,1.0,2.0,3.0,4.0,9.0,922.0
16530248,EOA,1–100,10231753,1.2355656943634195,1.0,1.0,1.0,2.0,2.0,4.0,771.0
16530248,EOA,">100,000",112296,2.8270641875044524,1.0,1.0,2.0,5.0,8.0,25.0,1158.0
16730072,CA,0–1,108162,1.017344353839611,1.0,1.0,1.0,1.0,1.0,2.0,21.0
16730072,CA,"1,000–10,000",9784,1.2079926410466066,1.0,1.0,1.0,2.0,2.0,5.0,33.0
16730072,CA,"10,000–100,000",3339,1.5432764300688828,1.0,1.0,2.0,2.0,3.0,8.0,32.0
16730072,CA,"100–1,000",8250,1.2024242424242424,1.0,1.0,1.0,2.0,2.0,4.0,22.0
16730072,CA,1–100,26249,1.0820983656520249,1.0,1.0,1.0,1.0,2.0,2.0,17.0
16730072,CA,">100,000",1471,2.124405166553365,2.0,1.0,2.0,3.0,4.0,13.299999999999955,49.0
16730072,EOA,0–1,6155079,1.1033435964022558,1.0,1.0,1.0,1.0,2.0,3.0,1015.0
16730072,EOA,"1,000–10,000",1012307,2.7342387240234434,1.0,1.0,3.0,6.0,8.0,17.0,942.0
16730072,EOA,"10,000–100,000",291695,3.4129038893364645,2.0,1.0,3.0,7.0,12.0,26.0,984.0
16730072,EOA,"100–1,000",2709761,1.7225552364212193,1.0,1.0,2.0,3.0,4.0,9.0,623.0
16730072,EOA,1–100,10205259,1.2328526889910387,1.0,1.0,1.0,2.0,2.0,4.0,771.0
16730072,EOA,">100,000",115290,2.8837713591811953,1.0,1.0,2.0,5.0,8.0,26.0,1195.0
16950603,CA,0–1,113821,1.0167631632124126,1.0,1.0,1.0,1.0,1.0,2.0,21.0
16950603,CA,"1,000–10,000",10444,1.197721179624665,1.0,1.0,1.0,2.0,2.0,4.0,32.0
16950603,CA,"10,000–100,000",3598,1.5247359644246803,1.0,1.0,2.0,2.0,3.0,8.0,33.0
16950603,CA,"100–1,000",8775,1.191908831908832,1.0,1.0,1.0,2.0,2.0,4.0,22.0
16950603,CA,1–100,27971,1.0780451181580923,1.0,1.0,1.0,1.0,2.0,2.0,17.0
16950603,CA,">100,000",1507,2.1161247511612475,2.0,1.0,2.0,3.0,4.0,13.0,53.0
16950603,EOA,0–1,6135642,1.1072168161049813,1.0,1.0,1.0,1.0,2.0,3.0,1102.0
16950603,EOA,"1,000–10,000",995636,2.773057623468818,1.0,1.0,3.0,6.0,9.0,17.0,953.0
16950603,EOA,"10,000–100,000",286157,3.4110226204496135,2.0,1.0,3.0,7.0,12.0,26.0,1044.0
16950603,EOA,"100–1,000",2707896,1.7272845781374173,1.0,1.0,2.0,3.0,5.0,9.0,623.0
16950603,EOA,1–100,10369139,1.234766551012577,1.0,1.0,1.0,2.0,2.0,4.0,771.0
16950603,EOA,">100,000",110909,2.9238114129601747,1.0,1.0,2.0,5.0,8.0,26.0,1235.0
17162287,CA,0–1,122197,1.0159987561069421,1.0,1.0,1.0,1.0,1.0,2.0,21.0
17162287,CA,"1,000–10,000",11920,1.1769295302013423,1.0,1.0,1.0,2.0,2.0,4.0,32.0
17162287,CA,"10,000–100,000",3800,1.5118421052631579,1.0,1.0,2.0,2.0,3.0,8.0,33.0
17162287,CA,"100–1,000",9244,1.190177412375595,1.0,1.0,1.0,2.0,2.0,4.0,22.0
17162287,CA,1–100,30389,1.0738754154463785,1.0,1.0,1.0,1.0,2.0,2.0,17.0
17162287,CA,">100,000",1462,2.1196990424076607,2.0,1.0,2.0,3.0,4.0,13.3900000000001,55.0
17162287,EOA,0–1,6217529,1.1081138503736774,1.0,1.0,1.0,1.0,2.0,3.0,818.0
17162287,EOA,"1,000–10,000",978885,2.816099950453833,2.0,1.0,3.0,6.0,9.0,18.0,978.0
17162287,EOA,"10,000–100,000",284773,3.4003153388839533,2.0,1.0,3.0,7.0,12.0,26.0,1125.0
17162287,EOA,"100–1,000",2814461,1.7321700318462399,1.0,1.0,2.0,3.0,5.0,9.0,623.0
17162287,EOA,1–100,10546784,1.2362168410768628,1.0,1.0,1.0,2.0,2.0,4.0,1180.0
17162287,EOA,">100,000",111271,2.900567083966173,1.0,1.0,2.0,5.0,8.0,26.0,1206.0
17382266,CA,0–1,136075,1.0150799191622266,1.0,1.0,1.0,1.0,1.0,2.0,21.0
17382266,CA,"1,000–10,000",15016,1.14664358018114,1.0,1.0,1.0,1.0,2.0,4.0,33.0
17382266,CA,"10,000–100,000",4187,1.4556962025316456,1.0,1.0,2.0,2.0,3.0,8.0,32.0
17382266,CA,"100–1,000",9896,1.1825990299110751,1.0,1.0,1.0,2.0,2.0,4.0,22.0
17382266,CA,1–100,33562,1.0681723377629462,1.0,1.0,1.0,1.0,1.0,2.0,18.0
17382266,CA,">100,000",1453,2.1218169304886443,2.0,1.0,2.0,3.0,4.0,13.480000000000018,55.0
17382266,EOA,0–1,6410744,1.1113249881760994,1.0,1.0,1.0,1.0,2.0,3.0,819.0
17382266,EOA,"1,000–10,000",922243,2.927092967905422,2.0,1.0,3.0,6.0,9.0,19.0,1070.0
17382266,EOA,"10,000–100,000",268563,3.4017009044432776,1.0,1.0,3.0,7.0,12.0,27.0,1208.0
17382266,EOA,"100–1,000",2804501,1.7804661150058423,1.0,1.0,2.0,3.0,5.0,9.0,685.0
17382266,EOA,1–100,10813570,1.2486422152906025,1.0,1.0,1.0,2.0,2.0,5.0,1283.0
17382266,EOA,">100,000",107554,2.9024211093962102,1.0,1.0,2.0,5.0,8.0,27.0,1279.0
17595510,CA,0–1,146478,1.014213738581903,1.0,1.0,1.0,1.0,1.0,2.0,21.0
17595510,CA,"1,000–10,000",15989,1.1407217462005128,1.0,1.0,1.0,1.0,2.0,4.0,33.0
17595510,CA,"10,000–100,000",4315,1.4495944380069525,1.0,1.0,2.0,2.0,3.0,8.0,32.0
17595510,CA,"100–1,000",10305,1.1762251334303737,1.0,1.0,1.0,2.0,2.0,4.0,22.0
17595510,CA,1–100,36708,1.0639097744360901,1.0,1.0,1.0,1.0,1.0,2.0,18.0
17595510,CA,">100,000",1416,2.117231638418079,2.0,1.0,2.0,3.0,4.0,13.849999999999909,55.0
17595510,EOA,0–1,6819852,1.110042124081285,1.0,1.0,1.0,1.0,2.0,3.0,775.0
17595510,EOA,"1,000–10,000",886200,2.9921710674791244,2.0,1.0,3.0,7.0,10.0,19.0,685.0
17595510,EOA,"10,000–100,000",264240,3.415194520133212,1.0,1.0,3.0,7.0,12.0,27.0,1252.0
17595510,EOA,"100–1,000",2618166,1.8257711695897052,1.0,1.0,2.0,3.0,5.0,10.0,1036.0
17595510,EOA,1–100,10576748,1.261265277380155,1.0,1.0,1.0,2.0,2.0,5.0,1341.0
17595510,EOA,">100,000",104788,2.9502805664770775,1.0,1.0,2.0,5.0,8.0,27.0,1306.0
17816434,CA,0–1,160037,1.0133406649712253,1.0,1.0,1.0,1.0,1.0,2.0,21.0
17816434,CA,"1,000–10,000",18634,1.1221423204894279,1.0,1.0,1.0,1.0,2.0,3.6699999999982538,33.0
17816434,CA,"10,000–100,000",4379,1.443023521351907,1.0,1.0,2.0,2.0,3.0,8.0,32.0
17816434,CA,"100–1,000",10693,1.1760029926119893,1.0,1.0,1.0,2.0,2.0,4.0,22.0
17816434,CA,1–100,39905,1.059040220523744,1.0,1.0,1.0,1.0,1.0,2.0,17.0
17816434,CA,">100,000",1384,2.2239884393063583,2.0,1.0,2.0,3.0,4.0,15.0,56.0
17816434,EOA,0–1,6918505,1.1115035690514063,1.0,1.0,1.0,1.0,2.0,3.0,775.0
17816434,EOA,"1,000–10,000",894961,3.0030738769622363,2.0,1.0,3.0,7.0,10.0,19.0,685.0
17816434,EOA,"10,000–100,000",266823,3.4492566233045876,2.0,1.0,3.0,7.0,12.0,27.0,1300.0
17816434,EOA,"100–1,000",2695017,1.816900598400678,1.0,1.0,2.0,3.0,5.0,10.0,1055.0
17816434,EOA,1–100,10772551,1.2632925107525599,1.0,1.0,1.0,2.0,2.0,5.0,1400.0
17816434,EOA,">100,000",104858,3.055417803124225,1.0,1.0,2.0,5.0,9.0,27.0,1335.0
18037988,CA,0–1,172994,1.012798131727112,1.0,1.0,1.0,1.0,1.0,2.0,21.0
18037988,CA,"1,000–10,000",19618,1.1190233459068202,1.0,1.0,1.0,1.0,2.0,3.0,33.0
18037988,CA,"10,000–100,000",4147,1.4603327706775984,1.0,1.0,2.0,2.0,3.0,8.0,32.0
18037988,CA,"100–1,000",10806,1.175828243568388,1.0,1.0,1.0,2.0,2.0,4.0,22.0
18037988,CA,1–100,43862,1.0555606219506635,1.0,1.0,1.0,1.0,1.0,2.0,17.0
18037988,CA,">100,000",1342,2.2518628912071534,2.0,1.0,2.0,3.0,4.0,15.0,62.0
18037988,EOA,0–1,7127908,1.1149640259105478,1.0,1.0,1.0,1.0,2.0,3.0,1475.0
18037988,EOA,"1,000–10,000",853621,3.0609052495194002,2.0,1.0,3.0,7.0,10.0,20.0,685.0
18037988,EOA,"10,000–100,000",254563,3.4266684474962976,1.0,1.0,3.0,7.0,12.0,27.0,1361.0
18037988,EOA,"100–1,000",2600374,1.8644571896196471,1.0,1.0,2.0,4.0,5.0,10.0,1069.0
18037988,EOA,1–100,10929669,1.2713683278057186,1.0,1.0,1.0,2.0,3.0,5.0,774.0
18037988,EOA,">100,000",101023,3.024251903031983,1.0,1.0,2.0,5.0,8.0,27.0,1424.0
18251965,CA,0–1,185097,1.0120531397051276,1.0,1.0,1.0,1.0,1.0,1.0,21.0
18251965,CA,"1,000–10,000",20465,1.1149767896408502,1.0,1.0,1.0,1.0,2.0,3.0,33.0
18251965,CA,"10,000–100,000",4187,1.4626224026749464,1.0,1.0,2.0,2.0,3.0,8.0,32.0
18251965,CA,"100–1,000",11261,1.17049995559897,1.0,1.0,1.0,2.0,2.0,4.0,22.0
18251965,CA,1–100,47106,1.0523924765422663,1.0,1.0,1.0,1.0,1.0,2.0,17.0
18251965,CA,">100,000",1330,2.280451127819549,2.0,1.0,2.0,3.0,4.0,15.0,62.0
18251965,EOA,0–1,7047377,1.1189512069526009,1.0,1.0,1.0,1.0,2.0,3.0,1530.0
18251965,EOA,"1,000–10,000",863880,3.0637958975783675,2.0,1.0,3.0,7.0,10.0,20.0,685.0
18251965,EOA,"10,000–100,000",257807,3.453777438161105,1.0,1.0,3.0,7.0,12.0,27.0,1414.0
18251965,EOA,"100–1,000",2649558,1.8475594797320911,1.0,1.0,2.0,4.0,5.0,10.0,1143.0
18251965,EOA,1–100,11092267,1.2706458472375395,1.0,1.0,1.0,2.0,2.0,5.0,772.0
18251965,EOA,">100,000",102262,3.0030314290743383,1.0,1.0,2.0,5.0,8.0,27.0,1505.0
18473543,CA,0–1,195948,1.0113601567762875,1.0,1.0,1.0,1.0,1.0,1.0,21.0
18473543,CA,"1,000–10,000",20914,1.1124127378789328,1.0,1.0,1.0,1.0,2.0,3.0,33.0
18473543,CA,"10,000–100,000",4424,1.4588607594936709,1.0,1.0,2.0,2.0,3.0,7.769999999999527,32.0
18473543,CA,"100–1,000",11623,1.166910436204078,1.0,1.0,1.0,2.0,2.0,4.0,22.0
18473543,CA,1–100,49592,1.0495846104210356,1.0,1.0,1.0,1.0,1.0,2.0,18.0
18473543,CA,">100,000",1404,2.242877492877493,2.0,1.0,2.0,3.0,4.0,15.0,65.0
18473543,EOA,0–1,7130250,1.1179284036324113,1.0,1.0,1.0,1.0,2.0,3.0,1600.0
18473543,EOA,"1,000–10,000",935517,3.034435504646094,2.0,1.0,3.0,7.0,10.0,19.0,685.0
18473543,EOA,"10,000–100,000",279510,3.5547422274695,2.0,1.0,3.0,8.0,12.0,27.0,1465.0
18473543,EOA,"100–1,000",2720416,1.8190390734358275,1.0,1.0,2.0,3.0,5.0,10.0,1143.0
18473543,EOA,1–100,11015390,1.2668929561277449,1.0,1.0,1.0,2.0,2.0,5.0,819.0
18473543,EOA,">100,000",106760,3.0788591232671414,1.0,1.0,2.0,5.0,9.0,27.0,1576.0
18687851,CA,0–1,203499,1.0109631988363579,1.0,1.0,1.0,1.0,1.0,1.0,21.0
18687851,CA,"1,000–10,000",22086,1.1025083763470072,1.0,1.0,1.0,1.0,2.0,3.0,33.0
18687851,CA,"10,000–100,000",4791,1.443539970778543,1.0,1.0,2.0,2.0,3.0,7.0,32.0
18687851,CA,"100–1,000",12472,1.1576330981398333,1.0,1.0,1.0,1.0,2.0,4.0,22.0
18687851,CA,1–100,51241,1.0474034464588904,1.0,1.0,1.0,1.0,1.0,2.0,18.0
18687851,CA,">100,000",1590,2.1893081761006288,2.0,1.0,2.0,3.0,4.0,15.0,65.0
18687851,EOA,0–1,7242368,1.1141668029020342,1.0,1.0,1.0,1.0,2.0,3.0,1695.0
18687851,EOA,"1,000–10,000",1031854,3.008233722987942,2.0,1.0,3.0,7.0,9.0,18.0,685.0
18687851,EOA,"10,000–100,000",309834,3.811566839017022,2.0,1.0,4.0,8.0,13.0,28.0,1536.0
18687851,EOA,"100–1,000",2867458,1.7834576827280468,1.0,1.0,2.0,3.0,5.0,9.0,1143.0
18687851,EOA,1–100,11084633,1.2586919206075655,1.0,1.0,1.0,2.0,2.0,5.0,819.0
18687851,EOA,">100,000",114742,3.2045458506911157,1.0,1.0,2.0,5.0,10.0,29.0,1665.0
18908895,CA,0–1,208718,1.0107369752489004,1.0,1.0,1.0,1.0,1.0,1.0,21.0
18908895,CA,"1,000–10,000",21897,1.1075033109558388,1.0,1.0,1.0,1.0,2.0,3.0,33.0
18908895,CA,"10,000–100,000",5043,1.4372397382510411,1.0,1.0,1.0,2.0,3.0,7.0,33.0
18908895,CA,"100–1,000",12750,1.152235294117647,1.0,1.0,1.0,1.0,2.0,4.0,22.0
18908895,CA,1–100,53504,1.0452676435406698,1.0,1.0,1.0,1.0,1.0,2.0,18.0
18908895,CA,">100,000",1710,2.1736842105263157,2.0,1.0,2.0,3.0,4.0,14.820000000000164,66.0
18908895,EOA,0–1,7233751,1.1141794900045634,1.0,1.0,1.0,1.0,2.0,3.0,1174.0
18908895,EOA,"1,000–10,000",1114768,2.984494531597606,2.0,1.0,3.0,6.0,9.0,18.0,1150.0
18908895,EOA,"10,000–100,000",336614,3.9547166784506884,2.0,1.0,4.0,9.0,14.0,29.0,1596.0
18908895,EOA,"100–1,000",3030633,1.7550584316873736,1.0,1.0,2.0,3.0,5.0,9.0,1143.0
18908895,EOA,1–100,11227609,1.2533363069554702,1.0,1.0,1.0,2.0,2.0,5.0,1785.0
18908895,EOA,">100,000",116997,3.334290622836483,1.0,1.0,2.0,6.0,10.0,31.0,1760.0
19129889,CA,0–1,214806,1.010614228652831,1.0,1.0,1.0,1.0,1.0,1.0,21.0
19129889,CA,"1,000–10,000",21038,1.1115600342237855,1.0,1.0,1.0,1.0,2.0,3.0,33.0
19129889,CA,"10,000–100,000",4945,1.4513650151668351,1.0,1.0,2.0,2.0,3.0,7.0,33.0
19129889,CA,"100–1,000",12765,1.1580885233059146,1.0,1.0,1.0,1.0,2.0,4.0,22.0
19129889,CA,1–100,54999,1.0448189967090311,1.0,1.0,1.0,1.0,1.0,2.0,18.0
19129889,CA,">100,000",1751,2.1679040548258137,2.0,1.0,2.0,3.0,4.0,14.5,66.0
19129889,EOA,0–1,7367698,1.1141019895223718,1.0,1.0,1.0,1.0,2.0,3.0,1861.0
19129889,EOA,"1,000–10,000",1115765,3.0461575690221507,2.0,1.0,3.0,7.0,9.0,18.0,1173.0
19129889,EOA,"10,000–100,000",330462,3.9925891630505173,2.0,1.0,4.0,9.0,14.0,29.0,1142.0
19129889,EOA,"100–1,000",3170970,1.7680006433362663,1.0,1.0,2.0,3.0,5.0,9.0,1144.0
19129889,EOA,1–100,12450010,1.2414302478471906,1.0,1.0,1.0,2.0,2.0,5.0,1348.0
19129889,EOA,">100,000",114721,3.366994708902468,1.0,1.0,2.0,6.0,10.0,31.0,1839.0
19336607,CA,0–1,217855,1.0102682977209612,1.0,1.0,1.0,1.0,1.0,1.0,21.0
19336607,CA,"1,000–10,000",20853,1.1102479259578957,1.0,1.0,1.0,1.0,2.0,3.0,33.0
19336607,CA,"10,000–100,000",6205,1.3729250604351328,1.0,1.0,1.0,2.0,2.0,6.960000000000036,33.0
19336607,CA,"100–1,000",13897,1.1471540620277758,1.0,1.0,1.0,1.0,2.0,4.0,22.0
19336607,CA,1–100,55835,1.0419091967403957,1.0,1.0,1.0,1.0,1.0,2.0,18.0
19336607,CA,">100,000",2174,2.0860165593376263,2.0,1.0,2.0,3.0,4.0,13.539999999999964,67.0
19336607,EOA,0–1,7130174,1.1119383622335164,1.0,1.0,1.0,1.0,2.0,3.0,1944.0
19336607,EOA,"1,000–10,000",1328641,2.8901516662514553,2.0,1.0,3.0,6.0,9.0,17.0,1196.0
19336607,EOA,"10,000–100,000",408774,4.091089452851698,2.0,1.0,4.0,9.0,14.0,29.0,1172.0
19336607,EOA,"100–1,000",3580520,1.677763565068761,1.0,1.0,2.0,3.0,4.0,8.0,1315.0
19336607,EOA,1–100,12509153,1.2245408621990634,1.0,1.0,1.0,2.0,2.0,4.0,1462.0
19336607,EOA,">100,000",132140,3.6662327834115334,1.0,1.0,3.0,7.0,12.0,34.0,1922.0
19557289,CA,0–1,220724,1.0101801344665737,1.0,1.0,1.0,1.0,1.0,1.0,21.0
19557289,CA,"1,000–10,000",20754,1.1158330924159199,1.0,1.0,1.0,1.0,2.0,3.0,33.0
19557289,CA,"10,000–100,000",6760,1.3514792899408283,1.0,1.0,1.0,2.0,2.0,6.0,37.0
19557289,CA,"100–1,000",14512,1.138092613009923,1.0,1.0,1.0,1.0,2.0,3.0,22.0
19557289,CA,1–100,56843,1.0411836109987158,1.0,1.0,1.0,1.0,1.0,2.0,18.0
19557289,CA,">100,000",2405,2.0902286902286904,2.0,1.0,2.0,3.0,4.0,13.960000000000036,70.0
19557289,EOA,0–1,7118439,1.1134310485768018,1.0,1.0,1.0,1.0,2.0,3.0,2064.0
19557289,EOA,"1,000–10,000",1595049,2.759052543213406,2.0,1.0,3.0,6.0,8.0,16.0,1225.0
19557289,EOA,"10,000–100,000",487483,4.249569728585407,2.0,1.0,5.0,10.0,14.0,28.0,1179.0
19557289,EOA,"100–1,000",4190698,1.5916071737930053,1.0,1.0,2.0,3.0,4.0,8.0,1315.0
19557289,EOA,1–100,12379512,1.217224071514289,1.0,1.0,1.0,2.0,2.0,4.0,1603.0
19557289,EOA,">100,000",138965,4.178066419602058,1.0,1.0,3.0,8.0,14.0,37.0,2049.0
19771560,CA,0–1,226266,1.0104611386598075,1.0,1.0,1.0,1.0,1.0,1.0,21.0
19771560,CA,"1,000–10,000",21019,1.1182263666206764,1.0,1.0,1.0,1.0,2.0,3.0,33.0
19771560,CA,"10,000–100,000",6014,1.4088792816760891,1.0,1.0,1.0,2.0,3.0,7.0,37.0
19771560,CA,"100–1,000",13847,1.15324619051058,1.0,1.0,1.0,1.0,2.0,4.0,22.0
19771560,CA,1–100,58359,1.0417587689987835,1.0,1.0,1.0,1.0,1.0,2.0,18.0
19771560,CA,">100,000",2117,2.1426547000472365,2.0,1.0,2.0,3.0,4.0,13.840000000000146,71.0
19771560,EOA,0–1,7657009,1.1163769038275912,1.0,1.0,1.0,1.0,2.0,3.0,1935.0
19771560,EOA,"1,000–10,000",1395791,3.01576597069332,2.0,1.0,3.0,7.0,9.0,18.0,1249.0
19771560,EOA,"10,000–100,000",390683,4.377039697145768,2.0,1.0,5.0,10.0,15.0,31.0,1193.0
19771560,EOA,"100–1,000",3850987,1.700686603200686,1.0,1.0,2.0,3.0,4.0,9.0,1315.0
19771560,EOA,1–100,12972132,1.2365711357238733,1.0,1.0,1.0,2.0,2.0,4.0,2194.0
19771560,EOA,">100,000",104942,4.352699586438223,1.0,1.0,3.0,8.0,14.0,39.0,2155.0
19993250,CA,0–1,231555,1.0101962816609444,1.0,1.0,1.0,1.0,1.0,1.0,21.0
19993250,CA,"1,000–10,000",21144,1.1208853575482407,1.0,1.0,1.0,1.0,2.0,4.0,33.0
19993250,CA,"10,000–100,000",6934,1.3632823766945485,1.0,1.0,1.0,2.0,2.0,6.670000000000073,40.0
19993250,CA,"100–1,000",14890,1.1451981195433176,1.0,1.0,1.0,1.0,2.0,4.0,22.0
19993250,CA,1–100,58609,1.041307648995888,1.0,1.0,1.0,1.0,1.0,2.0,18.0
19993250,CA,">100,000",2333,2.1418774110587226,2.0,1.0,2.0,3.0,4.0,12.679999999999836,72.0
19993250,EOA,0–1,7788116,1.117176862799681,1.0,1.0,1.0,1.0,2.0,3.0,866.0
19993250,EOA,"1,000–10,000",1499613,2.941242173814177,2.0,1.0,3.0,6.0,9.0,17.0,1270.0
19993250,EOA,"10,000–100,000",438117,4.378156976332806,2.0,1.0,5.0,10.0,15.0,30.0,1355.0
19993250,EOA,"100–1,000",3959677,1.6828392820929585,1.0,1.0,2.0,3.0,4.0,8.0,1315.0
19993250,EOA,1–100,12934137,1.235955595645848,1.0,1.0,1.0,2.0,2.0,4.0,2295.0
19993250,EOA,">100,000",114963,4.554143507041396,2.0,1.0,3.0,8.0,14.0,40.0,2265.0
20207949,CA,0–1,240175,1.010338294993234,1.0,1.0,1.0,1.0,1.0,1.0,21.0
20207949,CA,"1,000–10,000",22448,1.1185851746258018,1.0,1.0,1.0,1.0,2.0,4.0,33.0
20207949,CA,"10,000–100,000",6625,1.3944150943396227,1.0,1.0,1.0,2.0,2.0,7.0,40.0
20207949,CA,"100–1,000",14659,1.154512586124565,1.0,1.0,1.0,1.0,2.0,4.0,22.0
20207949,CA,1–100,59559,1.0423781460400612,1.0,1.0,1.0,1.0,1.0,2.0,18.0
20207949,CA,">100,000",2153,2.2025081281932186,2.0,1.0,2.0,3.0,4.0,13.480000000000018,75.0
20207949,EOA,0–1,8185827,1.123402925568791,1.0,1.0,1.0,1.0,2.0,3.0,2232.0
20207949,EOA,"1,000–10,000",1349316,3.122074443644039,2.0,1.0,4.0,7.0,10.0,19.0,1312.0
20207949,EOA,"10,000–100,000",383762,4.401592653780208,2.0,1.0,5.0,10.0,15.0,31.0,1810.0
20207949,EOA,"100–1,000",3770433,1.755446125153265,1.0,1.0,2.0,3.0,5.0,9.0,1975.0
20207949,EOA,1–100,13210635,1.2530270497973792,1.0,1.0,1.0,2.0,2.0,5.0,2409.0
20207949,EOA,">100,000",104680,4.400706916316393,1.0,1.0,3.0,8.0,13.0,39.0,2375.0
20429973,CA,0–1,250077,1.0103208211870744,1.0,1.0,1.0,1.0,1.0,1.0,21.0
20429973,CA,"1,000–10,000",24082,1.1119923594385848,1.0,1.0,1.0,1.0,2.0,4.0,33.0
20429973,CA,"10,000–100,000",6202,1.4409867784585617,1.0,1.0,1.0,2.0,3.0,8.0,40.0
20429973,CA,"100–1,000",14341,1.1632382679032145,1.0,1.0,1.0,2.0,2.0,4.0,22.0
20429973,CA,1–100,60538,1.0437906769301926,1.0,1.0,1.0,1.0,1.0,2.0,18.0
20429973,CA,">100,000",2083,2.211713874219875,2.0,1.0,2.0,3.0,4.0,13.179999999999836,77.0
20429973,EOA,0–1,8708472,1.122929143023024,1.0,1.0,1.0,1.0,2.0,3.0,2384.0
20429973,EOA,"1,000–10,000",1306834,3.175079619905818,2.0,1.0,4.0,7.0,10.0,19.0,1337.0
20429973,EOA,"10,000–100,000",360528,4.409516043136732,2.0,1.0,5.0,10.0,15.0,32.0,1959.0
20429973,EOA,"100–1,000",3747578,1.781645105185269,1.0,1.0,2.0,3.0,5.0,9.0,1315.0
20429973,EOA,1–100,13126580,1.2679788642586265,1.0,1.0,1.0,2.0,2.0,5.0,2535.0
20429973,EOA,">100,000",100619,4.430266649439966,1.0,1.0,3.0,8.0,13.0,39.0,2477.0
20651994,CA,0–1,261928,1.0101974588436518,1.0,1.0,1.0,1.0,1.0,1.0,21.0
20651994,CA,"1,000–10,000",25027,1.114076797059176,1.0,1.0,1.0,1.0,2.0,4.0,33.0
20651994,CA,"10,000–100,000",5186,1.5277670651754724,1.0,1.0,2.0,2.0,3.0,9.0,40.0
20651994,CA,"100–1,000",13932,1.1719064025265575,1.0,1.0,1.0,2.0,2.0,4.0,22.0
20651994,CA,1–100,60888,1.044852844567074,1.0,1.0,1.0,1.0,1.0,2.0,18.0
20651994,CA,">100,000",1821,2.313014827018122,2.0,1.0,2.0,3.0,4.0,14.599999999999909,78.0
20651994,EOA,0–1,9273720,1.1255170524881062,1.0,1.0,1.0,1.0,2.0,3.0,2450.0
20651994,EOA,"1,000–10,000",1230616,3.257933425211439,2.0,1.0,4.0,7.0,10.0,20.0,2485.0
20651994,EOA,"10,000–100,000",324427,4.407096203460254,2.0,1.0,5.0,10.0,15.0,32.0,2211.0
20651994,EOA,"100–1,000",3614591,1.8306961977164222,1.0,1.0,2.0,3.0,5.0,10.0,1343.0
20651994,EOA,1–100,13148223,1.2853299643609635,1.0,1.0,1.0,2.0,3.0,5.0,2592.0
20651994,EOA,">100,000",91312,4.424489661818819,1.0,1.0,3.0,7.0,13.0,41.0,2544.0
20866919,CA,0–1,271189,1.0098270947567933,1.0,1.0,1.0,1.0,1.0,1.0,21.0
20866919,CA,"1,000–10,000",26294,1.1069825815775463,1.0,1.0,1.0,1.0,2.0,3.0,33.0
20866919,CA,"10,000–100,000",5553,1.5092742661624348,1.0,1.0,2.0,2.0,3.0,9.0,40.0
20866919,CA,"100–1,000",14253,1.1672630323440678,1.0,1.0,1.0,2.0,2.0,4.0,22.0
20866919,CA,1–100,62035,1.0443620536793745,1.0,1.0,1.0,1.0,1.0,2.0,18.0
20866919,CA,">100,000",1944,2.3353909465020575,2.0,1.0,2.0,3.0,4.0,15.0,78.0
20866919,EOA,0–1,9006002,1.1245015268706358,1.0,1.0,1.0,1.0,2.0,3.0,866.0
20866919,EOA,"1,000–10,000",1369445,3.1804395211198697,2.0,1.0,4.0,7.0,10.0,20.0,2487.0
20866919,EOA,"10,000–100,000",369535,4.5620658395009945,2.0,1.0,5.0,10.0,15.0,32.0,2285.0
20866919,EOA,"100–1,000",3933817,1.7842929653311275,1.0,1.0,2.0,3.0,5.0,9.0,1316.0
20866919,EOA,1–100,13361673,1.2660904813341862,1.0,1.0,1.0,2.0,2.0,5.0,2681.0
20866919,EOA,">100,000",104257,4.581821844096799,1.0,1.0,3.0,8.0,14.0,42.0,2641.0
21089069,CA,0–1,279290,1.0098284936804038,1.0,1.0,1.0,1.0,1.0,1.0,21.0
21089069,CA,"1,000–10,000",27447,1.102014792144861,1.0,1.0,1.0,1.0,2.0,3.0,33.0
21089069,CA,"10,000–100,000",5589,1.5235283592771516,1.0,1.0,2.0,2.0,3.0,9.0,40.0
21089069,CA,"100–1,000",14266,1.170124772185616,1.0,1.0,1.0,2.0,2.0,4.0,22.0
21089069,CA,1–100,63306,1.0438663001927146,1.0,1.0,1.0,1.0,1.0,2.0,18.0
21089069,CA,">100,000",1952,2.3596311475409837,2.0,1.0,2.0,3.0,4.0,15.0,80.0
21089069,EOA,0–1,9332599,1.1273546629400877,1.0,1.0,1.0,1.0,2.0,3.0,866.0
21089069,EOA,"1,000–10,000",1333250,3.226534408400525,2.0,1.0,4.0,7.0,10.0,20.0,2488.0
21089069,EOA,"10,000–100,000",359882,4.614662583846927,2.0,1.0,5.0,10.0,16.0,33.0,2367.0
21089069,EOA,"100–1,000",3755213,1.8249793021061655,1.0,1.0,2.0,3.0,5.0,10.0,1317.0
21089069,EOA,1–100,13614048,1.27991424740092,1.0,1.0,1.0,2.0,3.0,5.0,2797.0
21089069,EOA,">100,000",101701,4.748812696040353,1.0,1.0,3.0,8.0,14.0,43.0,2755.0
21303934,CA,0–1,282006,1.0094714296858933,1.0,1.0,1.0,1.0,1.0,1.0,21.0
21303934,CA,"1,000–10,000",27769,1.1028845115056358,1.0,1.0,1.0,1.0,2.0,3.0,33.0
21303934,CA,"10,000–100,000",7218,1.4008035466888336,1.0,1.0,1.0,2.0,2.0,7.0,40.0
21303934,CA,"100–1,000",15791,1.1492622379836617,1.0,1.0,1.0,1.0,2.0,4.0,22.0
21303934,CA,1–100,63974,1.0420014380842217,1.0,1.0,1.0,1.0,1.0,2.0,18.0
21303934,CA,">100,000",2351,2.3300723096554656,2.0,1.0,2.0,3.0,4.0,15.5,82.0
21303934,EOA,0–1,8110754,1.137487094294809,1.0,1.0,1.0,1.0,2.0,3.0,866.0
21303934,EOA,"1,000–10,000",1596043,2.962645116704249,2.0,1.0,3.0,6.0,9.0,18.0,2488.0
21303934,EOA,"10,000–100,000",471856,4.606045064595978,2.0,1.0,5.0,10.0,15.0,31.0,1864.0
21303934,EOA,"100–1,000",4161772,1.7170498528030849,1.0,1.0,2.0,3.0,4.0,9.0,1318.0
21303934,EOA,1–100,14543709,1.2476033451989448,1.0,1.0,1.0,2.0,2.0,5.0,2904.0
21303934,EOA,">100,000",128105,5.0334413176691,2.0,1.0,4.0,9.0,16.0,43.95999999999185,2858.0
21525891,CA,0–1,285645,1.009529310857883,1.0,1.0,1.0,1.0,1.0,1.0,21.0
21525891,CA,"1,000–10,000",28080,1.103525641025641,1.0,1.0,1.0,1.0,2.0,3.0,33.0
21525891,CA,"10,000–100,000",6484,1.4691548426896976,1.0,1.0,2.0,2.0,3.0,8.0,42.0
21525891,CA,"100–1,000",15572,1.156563061905985,1.0,1.0,1.0,1.0,2.0,4.0,22.0
21525891,CA,1–100,65145,1.0432880497352062,1.0,1.0,1.0,1.0,1.0,2.0,18.0
21525891,CA,">100,000",2200,2.3640909090909092,2.0,1.0,2.0,3.0,4.0,16.0,85.0
21525891,EOA,0–1,8950379,1.1344654790596018,1.0,1.0,1.0,1.0,2.0,3.0,867.0
21525891,EOA,"1,000–10,000",1545629,3.0786980575545617,2.0,1.0,3.0,7.0,10.0,19.0,2490.0
21525891,EOA,"10,000–100,000",455053,4.643067950326666,2.0,1.0,5.0,10.0,16.0,32.0,2572.0
21525891,EOA,"100–1,000",4050122,1.7770185688233588,1.0,1.0,2.0,3.0,5.0,9.0,1319.0
21525891,EOA,1–100,14488812,1.2638840230655213,1.0,1.0,1.0,2.0,2.0,5.0,3009.0
21525891,EOA,">100,000",125034,4.938728665802902,2.0,1.0,4.0,9.0,15.0,44.0,2981.0
21747950,CA,0–1,290037,1.0096367015242882,1.0,1.0,1.0,1.0,1.0,1.0,21.0
21747950,CA,"1,000–10,000",28538,1.1033709440044852,1.0,1.0,1.0,1.0,2.0,3.0,33.0
21747950,CA,"10,000–100,000",6291,1.4881576855825782,1.0,1.0,2.0,2.0,3.0,8.0,42.0
21747950,CA,"100–1,000",15255,1.1667649950835792,1.0,1.0,1.0,2.0,2.0,4.0,22.0
21747950,CA,1–100,66244,1.0433850612885696,1.0,1.0,1.0,1.0,1.0,2.0,18.0
21747950,CA,">100,000",2129,2.4030061061531236,2.0,1.0,2.0,3.0,5.0,16.0,91.0
21747950,EOA,0–1,9916774,1.1294143639857075,1.0,1.0,1.0,1.0,2.0,3.0,867.0
21747950,EOA,"1,000–10,000",1494673,3.131553858268665,2.0,1.0,4.0,7.0,10.0,20.0,2491.0
21747950,EOA,"10,000–100,000",431548,4.575799215846209,2.0,1.0,5.0,10.0,15.0,32.0,2593.0
21747950,EOA,"100–1,000",4057454,1.806420479443513,1.0,1.0,2.0,3.0,5.0,10.0,1319.0
21747950,EOA,1–100,14178035,1.2837157617399026,1.0,1.0,1.0,2.0,3.0,5.0,3094.0
21747950,EOA,">100,000",120915,4.800248108175165,1.0,1.0,3.0,9.0,15.0,42.0,3064.0
21948292,CA,0–1,297165,1.010068480473811,1.0,1.0,1.0,1.0,1.0,1.0,21.0
21948292,CA,"1,000–10,000",28214,1.1063301906854752,1.0,1.0,1.0,1.0,2.0,3.0,33.0
21948292,CA,"10,000–100,000",4714,1.6796775562155282,1.0,1.0,2.0,2.0,3.0,10.0,42.0
21948292,CA,"100–1,000",14818,1.1791064921041976,1.0,1.0,1.0,2.0,2.0,4.0,22.0
21948292,CA,1–100,66595,1.0460995570238005,1.0,1.0,1.0,1.0,1.0,2.0,18.0
21948292,CA,">100,000",1688,2.5355450236966823,2.0,1.0,2.0,3.0,5.0,18.12999999999988,93.0
21948292,EOA,0–1,10666289,1.1371651377531586,1.0,1.0,1.0,1.0,2.0,3.0,2307.0
21948292,EOA,"1,000–10,000",1309731,3.280420941399417,2.0,1.0,4.0,7.0,11.0,21.0,2492.0
21948292,EOA,"10,000–100,000",349853,4.455628506830012,2.0,1.0,5.0,10.0,15.0,33.0,2627.0
21948292,EOA,"100–1,000",3804026,1.894431846680333,1.0,1.0,2.0,4.0,5.0,11.0,1427.0
21948292,EOA,1–100,14361736,1.3102320638674878,1.0,1.0,1.0,2.0,3.0,5.0,3130.0
21948292,EOA,">100,000",100920,4.726119698771304,1.0,1.0,3.0,8.0,13.0,43.0,3113.0
22170335,CA,0–1,304722,1.0103372910390453,1.0,1.0,1.0,1.0,1.0,1.0,21.0
22170335,CA,"1,000–10,000",27303,1.1131377504303557,1.0,1.0,1.0,1.0,2.0,4.0,33.0
22170335,CA,"10,000–100,000",4186,1.785236502627807,1.0,1.0,2.0,2.0,3.0,11.0,45.0
22170335,CA,"100–1,000",14356,1.185915296740039,1.0,1.0,1.0,2.0,2.0,4.0,22.0
22170335,CA,1–100,67387,1.0479469333847775,1.0,1.0,1.0,1.0,1.0,2.0,18.0
22170335,CA,">100,000",1505,2.6132890365448507,2.0,1.0,2.0,3.0,5.0,18.0,94.0
22170335,EOA,0–1,11198788,1.1418351700201843,1.0,1.0,1.0,1.0,2.0,4.0,2628.0
22170335,EOA,"1,000–10,000",1225797,3.3376170768895665,2.0,1.0,4.0,7.0,11.0,22.0,2492.0
22170335,EOA,"10,000–100,000",318565,4.355393718707329,2.0,1.0,4.0,10.0,15.0,33.0,2802.0
22170335,EOA,"100–1,000",3699539,1.9354735819787277,1.0,1.0,2.0,4.0,5.0,11.0,1427.0
22170335,EOA,1–100,14592218,1.3235507446503334,1.0,1.0,1.0,2.0,3.0,6.0,3175.0
22170335,EOA,">100,000",95103,4.661913924902474,1.0,1.0,3.0,7.0,13.0,41.0,3179.0
22385294,CA,0–1,310660,1.0105002253267237,1.0,1.0,1.0,1.0,1.0,1.0,21.0
22385294,CA,"1,000–10,000",27354,1.1149374862908532,1.0,1.0,1.0,1.0,2.0,4.0,33.0
22385294,CA,"10,000–100,000",4120,1.8189320388349515,1.0,1.0,2.0,2.0,4.0,11.0,45.0
22385294,CA,"100–1,000",14488,1.1879486471562672,1.0,1.0,1.0,2.0,2.0,4.0,22.0
22385294,CA,1–100,68718,1.04815332227364,1.0,1.0,1.0,1.0,1.0,2.0,18.0
22385294,CA,">100,000",1490,2.6812080536912752,2.0,1.0,2.0,3.0,5.0,20.1099999999999,96.0
22385294,EOA,0–1,11250327,1.1449293873858066,1.0,1.0,1.0,1.0,2.0,4.0,2628.0
22385294,EOA,"1,000–10,000",1288385,3.2683103264940216,2.0,1.0,4.0,7.0,11.0,22.0,2492.0
22385294,EOA,"10,000–100,000",338159,4.4448025928631205,2.0,1.0,4.0,10.0,15.0,33.0,2824.0
22385294,EOA,"100–1,000",3853562,1.8859896376391505,1.0,1.0,2.0,4.0,5.0,11.0,1427.0
22385294,EOA,1–100,14797220,1.3181149567283585,1.0,1.0,1.0,2.0,3.0,5.0,3214.0
22385294,EOA,">100,000",99312,4.679404301594974,1.0,1.0,3.0,8.0,13.0,42.0,3221.0
22606143,CA,0–1,316509,1.010271429880351,1.0,1.0,1.0,1.0,1.0,1.0,21.0
22606143,CA,"1,000–10,000",29515,1.1060138912417414,1.0,1.0,1.0,1.0,2.0,3.0,36.0
22606143,CA,"10,000–100,000",4970,1.682897384305835,1.0,1.0,2.0,2.0,3.0,10.0,45.0
22606143,CA,"100–1,000",14958,1.1852520390426529,1.0,1.0,1.0,2.0,2.0,4.0,22.0
22606143,CA,1–100,70206,1.0475030624163177,1.0,1.0,1.0,1.0,1.0,2.0,18.0
22606143,CA,">100,000",1720,2.5715116279069767,2.0,1.0,2.0,3.0,5.0,19.0,99.0
22606143,EOA,0–1,11589559,1.1457353985600316,1.0,1.0,1.0,1.0,2.0,4.0,3309.0
22606143,EOA,"1,000–10,000",1334078,3.2199241723497427,2.0,1.0,4.0,7.0,10.0,21.0,2493.0
22606143,EOA,"10,000–100,000",355290,4.443153480255566,2.0,1.0,4.0,10.0,15.0,33.0,2901.0
22606143,EOA,"100–1,000",3930154,1.870261063561377,1.0,1.0,2.0,4.0,5.0,11.0,1428.0
22606143,EOA,1–100,14957065,1.3196456657773434,1.0,1.0,1.0,2.0,3.0,5.0,2684.0
22606143,EOA,">100,000",104622,4.676396933723309,1.0,1.0,3.0,8.0,13.0,42.0,3319.0
22820674,CA,0–1,325172,1.010249960021158,1.0,1.0,1.0,1.0,1.0,1.0,21.0
22820674,CA,"1,000–10,000",30023,1.1072511074842621,1.0,1.0,1.0,1.0,2.0,3.0,39.0
22820674,CA,"10,000–100,000",4858,1.709345409633594,1.0,1.0,2.0,2.0,3.0,11.0,45.0
22820674,CA,"100–1,000",14823,1.1858598124536193,1.0,1.0,1.0,2.0,2.0,4.0,22.0
22820674,CA,1–100,71334,1.047256567695629,1.0,1.0,1.0,1.0,1.0,2.0,18.0
22820674,CA,">100,000",1672,2.5687799043062203,2.0,1.0,2.0,3.0,5.0,19.0,103.0
22820674,EOA,0–1,11981296,1.1476587340801863,1.0,1.0,1.0,1.0,2.0,4.0,1693.0
22820674,EOA,"1,000–10,000",1307117,3.2217161891399164,2.0,1.0,3.0,7.0,10.0,22.0,2494.0
22820674,EOA,"10,000–100,000",347381,4.344872056905818,2.0,1.0,4.0,9.0,15.0,33.0,2998.0
22820674,EOA,"100–1,000",3926019,1.8878591774517648,1.0,1.0,2.0,4.0,5.0,11.0,1428.0
22820674,EOA,1–100,15217703,1.3322411404664685,1.0,1.0,1.0,2.0,3.0,6.0,3404.0
22820674,EOA,">100,000",103187,4.627889172085631,1.0,1.0,3.0,7.0,13.0,41.0,3421.0
23042514,CA,0–1,330431,1.0099687983270336,1.0,1.0,1.0,1.0,1.0,1.0,21.0
23042514,CA,"1,000–10,000",30245,1.1051413456769714,1.0,1.0,1.0,1.0,2.0,3.0,41.0
23042514,CA,"10,000–100,000",6241,1.563211023874379,1.0,1.0,2.0,2.0,3.0,9.0,45.0
23042514,CA,"100–1,000",16143,1.1732020070618845,1.0,1.0,1.0,2.0,2.0,4.0,22.0
23042514,CA,1–100,72610,1.046123123536703,1.0,1.0,1.0,1.0,1.0,2.0,18.0
23042514,CA,">100,000",1969,2.469781615033012,2.0,1.0,2.0,3.0,5.0,17.0,103.0
23042514,EOA,0–1,12215298,1.1448011337914146,1.0,1.0,1.0,1.0,2.0,4.0,1702.0
23042514,EOA,"1,000–10,000",1370751,3.187907942434476,2.0,1.0,3.0,7.0,10.0,21.0,2494.0
23042514,EOA,"10,000–100,000",384092,4.347934869770784,2.0,1.0,4.0,9.0,15.0,32.0,3098.0
23042514,EOA,"100–1,000",4059180,1.8605250321493503,1.0,1.0,2.0,3.0,5.0,11.0,1428.0
23042514,EOA,1–100,15280616,1.3260838437403308,1.0,1.0,1.0,2.0,3.0,6.0,3535.0
23042514,EOA,">100,000",111773,4.723197910049834,1.0,1.0,3.0,8.0,13.0,41.0,3548.0
23264566,CA,0–1,337813,1.0099404108190033,1.0,1.0,1.0,1.0,1.0,1.0,21.0
23264566,CA,"1,000–10,000",29968,1.1088494394020287,1.0,1.0,1.0,1.0,2.0,4.0,41.0
23264566,CA,"10,000–100,000",6986,1.5137417692527912,1.0,1.0,2.0,2.0,3.0,8.0,45.0
23264566,CA,"100–1,000",16977,1.168168698827826,1.0,1.0,1.0,1.0,2.0,4.0,22.0
23264566,CA,1–100,73203,1.046623772249771,1.0,1.0,1.0,1.0,1.0,2.0,18.0
23264566,CA,">100,000",2063,2.4507998061076104,2.0,1.0,2.0,3.0,4.899999999999864,17.0,107.0
23264566,EOA,0–1,12911746,1.1443386510236493,1.0,1.0,1.0,1.0,2.0,4.0,1766.0
23264566,EOA,"1,000–10,000",1420015,3.1884839244655865,2.0,1.0,3.0,7.0,10.0,21.0,2494.0
23264566,EOA,"10,000–100,000",399021,4.3785615293430675,2.0,1.0,4.0,9.0,14.0,32.0,3207.0
23264566,EOA,"100–1,000",4177067,1.8626220264123128,1.0,1.0,2.0,3.0,5.0,11.0,1428.0
23264566,EOA,1–100,15579970,1.3317464025925596,1.0,1.0,1.0,2.0,3.0,6.0,3635.0
23264566,EOA,">100,000",117323,4.8259420573971,2.0,1.0,3.0,8.0,13.0,40.0,3555.0
23479244,CA,0–1,345185,1.0101047264510334,1.0,1.0,1.0,1.0,1.0,1.0,21.0
23479244,CA,"1,000–10,000",30204,1.1112104357038803,1.0,1.0,1.0,1.0,2.0,4.0,41.0
23479244,CA,"10,000–100,000",6602,1.5634656164798546,1.0,1.0,2.0,2.0,3.0,8.0,46.0
23479244,CA,"100–1,000",16738,1.1736766638785996,1.0,1.0,1.0,2.0,2.0,4.0,22.0
23479244,CA,1–100,74256,1.047093837535014,1.0,1.0,1.0,1.0,1.0,2.0,18.0
23479244,CA,">100,000",1924,2.54002079002079,2.0,1.0,2.0,3.0,5.0,18.769999999999982,112.0
23479244,EOA,0–1,13791787,1.1455143557538991,1.0,1.0,1.0,1.0,2.0,4.0,2308.0
23479244,EOA,"1,000–10,000",1399646,3.238628910453072,2.0,1.0,4.0,7.0,10.0,22.0,2114.0
23479244,EOA,"10,000–100,000",386349,4.4248593887909635,2.0,1.0,4.0,9.0,14.0,32.0,3300.0
23479244,EOA,"100–1,000",4417637,1.8467110357867793,1.0,1.0,2.0,3.0,5.0,11.0,1428.0
23479244,EOA,1–100,15633584,1.3516167501962442,1.0,1.0,1.0,2.0,3.0,6.0,3754.0
23479244,EOA,">100,000",116136,4.860852793276848,2.0,1.0,3.0,8.0,13.0,40.0,3697.0
23700767,CA,0–1,353075,1.0101593145932168,1.0,1.0,1.0,1.0,1.0,1.0,21.0
23700767,CA,"1,000–10,000",30165,1.118514835073761,1.0,1.0,1.0,1.0,2.0,4.0,42.0
23700767,CA,"10,000–100,000",6043,1.6058249213966573,1.0,1.0,2.0,2.0,3.0,9.0,47.0
23700767,CA,"100–1,000",16346,1.1820628900036707,1.0,1.0,1.0,2.0,2.0,4.0,22.0
23700767,CA,1–100,73566,1.0487589375526738,1.0,1.0,1.0,1.0,1.0,2.0,18.0
23700767,CA,">100,000",1781,2.5760808534531163,2.0,1.0,2.0,3.0,5.0,20.200000000000045,113.0
23700767,EOA,0–1,14533042,1.15015197781717,1.0,1.0,1.0,1.0,2.0,4.0,2623.0
23700767,EOA,"1,000–10,000",1289337,3.2940309632004667,2.0,1.0,4.0,7.0,11.0,22.0,2114.0
23700767,EOA,"10,000–100,000",355825,4.29014543666128,2.0,1.0,4.0,9.0,14.0,31.0,3370.0
23700767,EOA,"100–1,000",4249221,1.8857816526841038,1.0,1.0,2.0,4.0,5.0,11.0,1428.0
23700767,EOA,1–100,15746856,1.3676505329063782,1.0,1.0,1.0,2.0,3.0,6.0,3811.0
23700767,EOA,">100,000",110568,4.750705448230953,2.0,1.0,3.0,7.0,12.0,39.0,3770.0
23914921,CA,0–1,361834,1.010565618488036,1.0,1.0,1.0,1.0,1.0,1.0,21.0
23914921,CA,"1,000–10,000",30293,1.1388769682764994,1.0,1.0,1.0,1.0,2.0,4.0,45.0
23914921,CA,"10,000–100,000",4997,1.7570542325395238,1.0,1.0,2.0,2.0,3.0,10.0,47.0
23914921,CA,"100–1,000",15272,1.2202069146149817,1.0,1.0,1.0,2.0,2.0,4.289999999999054,33.0
23914921,CA,1–100,72269,1.0502428427126431,1.0,1.0,1.0,1.0,1.0,2.0,18.0
23914921,CA,">100,000",1487,2.7222595830531273,2.0,1.0,2.0,4.0,5.0,21.1400000000001,113.0
23914921,EOA,0–1,15029442,1.1572435623358472,1.0,1.0,1.0,1.0,2.0,4.0,2623.0
23914921,EOA,"1,000–10,000",1220524,3.4491841209185563,2.0,1.0,4.0,7.0,11.0,23.0,2496.0
23914921,EOA,"10,000–100,000",334266,4.296910245134114,2.0,1.0,4.0,8.0,13.0,31.0,3399.0
23914921,EOA,"100–1,000",3980295,2.016802523431052,1.0,1.0,2.0,4.0,6.0,12.0,1428.0
23914921,EOA,1–100,16214084,1.3757326038276352,1.0,1.0,1.0,2.0,3.0,6.0,3840.0
23914921,EOA,">100,000",108376,4.7913283383775,2.0,1.0,3.0,7.0,12.0,39.0,3837.0